ISO-10303-21;
HEADER;
FILE_DESCRIPTION((''),'2;1');
FILE_NAME('112536_SW0001','2020-02-13T',('Viji'),(''),
'CREO PARAMETRIC BY PTC INC, 2018360','CREO PARAMETRIC BY PTC INC, 2018360','');
FILE_SCHEMA(('CONFIG_CONTROL_DESIGN'));
ENDSEC;
DATA;
#1=CARTESIAN_POINT('',(-6.251968503937E-1,0.E0,0.E0));
#2=DIRECTION('',(-1.E0,0.E0,0.E0));
#3=DIRECTION('',(0.E0,1.E0,0.E0));
#4=AXIS2_PLACEMENT_3D('',#1,#2,#3);
#6=CARTESIAN_POINT('',(-6.251968503937E-1,0.E0,0.E0));
#7=DIRECTION('',(1.E0,0.E0,0.E0));
#8=DIRECTION('',(0.E0,1.E0,0.E0));
#9=AXIS2_PLACEMENT_3D('',#6,#7,#8);
#11=DIRECTION('',(-1.E0,0.E0,0.E0));
#12=VECTOR('',#11,1.345264674370E-2);
#13=CARTESIAN_POINT('',(-5.226892447715E-1,-1.791338582677E-1,
-6.019246004496E-2));
#14=LINE('',#13,#12);
#15=CARTESIAN_POINT('',(-5.226892447715E-1,0.E0,0.E0));
#16=DIRECTION('',(-1.E0,0.E0,0.E0));
#17=DIRECTION('',(0.E0,9.479166666667E-1,-3.185184344046E-1));
#18=AXIS2_PLACEMENT_3D('',#15,#16,#17);
#20=DIRECTION('',(-1.E0,0.E0,0.E0));
#21=VECTOR('',#20,1.345264674370E-2);
#22=CARTESIAN_POINT('',(-5.226892447715E-1,1.791338582677E-1,
-6.019246004496E-2));
#23=LINE('',#22,#21);
#24=CARTESIAN_POINT('',(-5.566929133858E-1,1.889763779528E-1,0.E0));
#25=CARTESIAN_POINT('',(-5.566929133858E-1,1.889763779528E-1,
-2.970222443270E-3));
#26=CARTESIAN_POINT('',(-5.564244521774E-1,1.888363456807E-1,
-8.908433398185E-3));
#27=CARTESIAN_POINT('',(-5.552106723179E-1,1.882069948810E-1,
-1.779354666081E-2));
#28=CARTESIAN_POINT('',(-5.531699389149E-1,1.871617331854E-1,
-2.662399253872E-2));
#29=CARTESIAN_POINT('',(-5.502779093661E-1,1.857086162792E-1,
-3.535980606953E-2));
#30=CARTESIAN_POINT('',(-5.465107748510E-1,1.838664223589E-1,
-4.393827742960E-2));
#31=CARTESIAN_POINT('',(-5.418412554804E-1,1.816653389954E-1,
-5.228657040039E-2));
#32=CARTESIAN_POINT('',(-5.381463184871E-1,1.800052351155E-1,
-5.759922666272E-2));
#33=CARTESIAN_POINT('',(-5.361418915152E-1,1.791338582677E-1,
-6.019246004496E-2));
#35=CARTESIAN_POINT('',(-5.361418915152E-1,-1.791338582677E-1,
-6.019246004496E-2));
#36=CARTESIAN_POINT('',(-5.381460615143E-1,-1.800051234027E-1,
-5.759955912202E-2));
#37=CARTESIAN_POINT('',(-5.418400247148E-1,-1.816648066036E-1,
-5.228792847348E-2));
#38=CARTESIAN_POINT('',(-5.465041651424E-1,-1.838632612448E-1,
-4.395108133085E-2));
#39=CARTESIAN_POINT('',(-5.502737921771E-1,-1.857065590835E-1,
-3.537100836241E-2));
#40=CARTESIAN_POINT('',(-5.531676811239E-1,-1.871605858557E-1,
-2.663223985423E-2));
#41=CARTESIAN_POINT('',(-5.552094585513E-1,-1.882063672536E-1,
-1.780049434705E-2));
#42=CARTESIAN_POINT('',(-5.564241848001E-1,-1.888362060818E-1,
-8.912559987709E-3));
#43=CARTESIAN_POINT('',(-5.566929133858E-1,-1.889763779528E-1,
-2.971733247785E-3));
#44=CARTESIAN_POINT('',(-5.566929133858E-1,-1.889763779528E-1,0.E0));
#46=CARTESIAN_POINT('',(-4.582677165354E-1,-1.791338582677E-1,0.E0));
#47=DIRECTION('',(0.E0,1.E0,0.E0));
#48=DIRECTION('',(-2.010621910511E-1,0.E0,-9.795784783925E-1));
#49=AXIS2_PLACEMENT_3D('',#46,#47,#48);
#51=CARTESIAN_POINT('',(-4.582677165354E-1,-1.791338582677E-1,0.E0));
#52=DIRECTION('',(0.E0,1.E0,0.E0));
#53=DIRECTION('',(-1.E0,0.E0,0.E0));
#54=AXIS2_PLACEMENT_3D('',#51,#52,#53);
#56=CARTESIAN_POINT('',(-4.192913385827E-1,-2.165354330709E-1,0.E0));
#57=CARTESIAN_POINT('',(-4.192913385827E-1,-2.165354330709E-1,
-1.762922622931E-3));
#58=CARTESIAN_POINT('',(-4.195311729807E-1,-2.164920714112E-1,
-5.291925842220E-3));
#59=CARTESIAN_POINT('',(-4.206044507429E-1,-2.163014689152E-1,
-1.049049691216E-2));
#60=CARTESIAN_POINT('',(-4.223810997466E-1,-2.159973420496E-1,
-1.551799502547E-2));
#61=CARTESIAN_POINT('',(-4.248342098563E-1,-2.156009048328E-1,
-2.027054007471E-2));
#62=CARTESIAN_POINT('',(-4.279198942972E-1,-2.151411035784E-1,
-2.465289448286E-2));
#63=CARTESIAN_POINT('',(-4.315889630123E-1,-2.146511762870E-1,
-2.858364420154E-2));
#64=CARTESIAN_POINT('',(-4.357568228093E-1,-2.141701286900E-1,
-3.196841207023E-2));
#65=CARTESIAN_POINT('',(-4.403347507257E-1,-2.137347410075E-1,
-3.474323344051E-2));
#66=CARTESIAN_POINT('',(-4.452402052412E-1,-2.133770073915E-1,
-3.686331948347E-2));
#67=CARTESIAN_POINT('',(-4.503626479260E-1,-2.131242040239E-1,
-3.828883114676E-2));
#68=CARTESIAN_POINT('',(-4.556151112462E-1,-2.129932585500E-1,
-3.900616329462E-2));
#69=CARTESIAN_POINT('',(-4.609203173419E-1,-2.129932584833E-1,
-3.900616365416E-2));
#70=CARTESIAN_POINT('',(-4.661727818005E-1,-2.131242039043E-1,
-3.828883181937E-2));
#71=CARTESIAN_POINT('',(-4.712952208207E-1,-2.133770070169E-1,
-3.686332156966E-2));
#72=CARTESIAN_POINT('',(-4.762006706799E-1,-2.137347400052E-1,
-3.474323964095E-2));
#73=CARTESIAN_POINT('',(-4.807786051575E-1,-2.141701281580E-1,
-3.196841552180E-2));
#74=CARTESIAN_POINT('',(-4.849464571887E-1,-2.146511747072E-1,
-2.858365585248E-2));
#75=CARTESIAN_POINT('',(-4.886155318445E-1,-2.151411025605E-1,
-2.465290371146E-2));
#76=CARTESIAN_POINT('',(-4.917012190188E-1,-2.156009041873E-1,
-2.027054662801E-2));
#77=CARTESIAN_POINT('',(-4.941543281520E-1,-2.159973411842E-1,
-1.551800721963E-2));
#78=CARTESIAN_POINT('',(-4.959309814774E-1,-2.163014687597E-1,
-1.049050108635E-2));
#79=CARTESIAN_POINT('',(-4.970042596130E-1,-2.164920713271E-1,
-5.291929435643E-3));
#80=CARTESIAN_POINT('',(-4.972440944882E-1,-2.165354330709E-1,
-1.762923755215E-3));
#81=CARTESIAN_POINT('',(-4.972440944882E-1,-2.165354330709E-1,0.E0));
#83=DIRECTION('',(0.E0,-1.E0,0.E0));
#84=VECTOR('',#83,3.740157480315E-2);
#85=CARTESIAN_POINT('',(-4.192913385827E-1,-1.791338582677E-1,0.E0));
#86=LINE('',#85,#84);
#87=CARTESIAN_POINT('',(-4.972440944882E-1,-2.165354330709E-1,0.E0));
#88=CARTESIAN_POINT('',(-4.972440944882E-1,-2.165354330709E-1,
1.762905769238E-3));
#89=CARTESIAN_POINT('',(-4.970042682885E-1,-2.164920728503E-1,
5.291868195244E-3));
#90=CARTESIAN_POINT('',(-4.959309928896E-1,-2.163014708812E-1,
1.049043662912E-2));
#91=CARTESIAN_POINT('',(-4.941544313831E-1,-2.159973585263E-1,
1.551776085081E-2));
#92=CARTESIAN_POINT('',(-4.917013016757E-1,-2.156009166725E-1,
2.027042431115E-2));
#93=CARTESIAN_POINT('',(-4.886156278295E-1,-2.151411171862E-1,
2.465276553472E-2));
#94=CARTESIAN_POINT('',(-4.849467909921E-1,-2.146512162648E-1,
2.858334572416E-2));
#95=CARTESIAN_POINT('',(-4.807787464721E-1,-2.141701421382E-1,
3.196832638345E-2));
#96=CARTESIAN_POINT('',(-4.762009459743E-1,-2.137347655819E-1,
3.474307926302E-2));
#97=CARTESIAN_POINT('',(-4.712957112763E-1,-2.133770356791E-1,
3.686315765098E-2));
#98=CARTESIAN_POINT('',(-4.661729157200E-1,-2.131242080281E-1,
3.828880962686E-2));
#99=CARTESIAN_POINT('',(-4.609206766696E-1,-2.129932645693E-1,3.90061302E-2));
#100=CARTESIAN_POINT('',(-4.556153829969E-1,-2.129932529576E-1,
3.900619399642E-2));
#101=CARTESIAN_POINT('',(-4.503627317661E-1,-2.131242013169E-1,
3.828884582159E-2));
#102=CARTESIAN_POINT('',(-4.452404814191E-1,-2.133769911427E-1,
3.686341250583E-2));
#103=CARTESIAN_POINT('',(-4.403348894607E-1,-2.137347279059E-1,
3.474331590674E-2));
#104=CARTESIAN_POINT('',(-4.357568878205E-1,-2.141701223915E-1,
3.196845176867E-2));
#105=CARTESIAN_POINT('',(-4.315891424612E-1,-2.146511539935E-1,
2.858381016470E-2));
#106=CARTESIAN_POINT('',(-4.279199475817E-1,-2.151410954591E-1,
2.465297135271E-2));
#107=CARTESIAN_POINT('',(-4.248342527579E-1,-2.156008983691E-1,
2.027060263778E-2));
#108=CARTESIAN_POINT('',(-4.223811597187E-1,-2.159973319870E-1,
1.551813769335E-2));
#109=CARTESIAN_POINT('',(-4.206044557088E-1,-2.163014679675E-1,
1.049052900727E-2));
#110=CARTESIAN_POINT('',(-4.195311778777E-1,-2.164920705552E-1,
5.291958881581E-3));
#111=CARTESIAN_POINT('',(-4.192913385827E-1,-2.165354330709E-1,
1.762931998667E-3));
#112=CARTESIAN_POINT('',(-4.192913385827E-1,-2.165354330709E-1,0.E0));
#114=DIRECTION('',(0.E0,-1.E0,0.E0));
#115=VECTOR('',#114,3.740157480315E-2);
#116=CARTESIAN_POINT('',(-4.972440944882E-1,-1.791338582677E-1,0.E0));
#117=LINE('',#116,#115);
#118=CARTESIAN_POINT('',(-4.582677165354E-1,-1.791338582677E-1,0.E0));
#119=DIRECTION('',(0.E0,1.E0,0.E0));
#120=DIRECTION('',(-2.010621910511E-1,0.E0,9.795784783925E-1));
#121=AXIS2_PLACEMENT_3D('',#118,#119,#120);
#123=CARTESIAN_POINT('',(-4.504310405850E-1,-1.791338582677E-1,
3.818042100821E-2));
#124=CARTESIAN_POINT('',(-4.521692441417E-1,-1.791338582677E-1,
3.799595597302E-2));
#125=CARTESIAN_POINT('',(-4.556476697821E-1,-1.791338582677E-1,
3.774701847433E-2));
#126=CARTESIAN_POINT('',(-4.608877638660E-1,-1.791338582677E-1,
3.774701850109E-2));
#127=CARTESIAN_POINT('',(-4.643661891751E-1,-1.791338582677E-1,
3.799595599913E-2));
#128=CARTESIAN_POINT('',(-4.661043924859E-1,-1.791338582677E-1,
3.818042100821E-2));
#130=CARTESIAN_POINT('',(-5.226892447715E-1,-1.791338582677E-1,
6.019246004496E-2));
#131=CARTESIAN_POINT('',(-5.180356696418E-1,-1.791338582677E-1,
5.749115502020E-2));
#132=CARTESIAN_POINT('',(-5.090914334221E-1,-1.791338582677E-1,
5.257745346880E-2));
#133=CARTESIAN_POINT('',(-4.967635811821E-1,-1.791338582677E-1,
4.670903223008E-2));
#134=CARTESIAN_POINT('',(-4.854602057892E-1,-1.791338582677E-1,
4.234797754264E-2));
#135=CARTESIAN_POINT('',(-4.751700629998E-1,-1.791338582677E-1,
3.948074721007E-2));
#136=CARTESIAN_POINT('',(-4.690079262921E-1,-1.791338582677E-1,
3.848855549779E-2));
#137=CARTESIAN_POINT('',(-4.661043924859E-1,-1.791338582677E-1,
3.818042100821E-2));
#139=CARTESIAN_POINT('',(-4.661043924859E-1,1.791338582677E-1,
3.818042100821E-2));
#140=CARTESIAN_POINT('',(-4.690077621937E-1,1.791338582677E-1,
3.848853808302E-2));
#141=CARTESIAN_POINT('',(-4.751696596833E-1,1.791338582677E-1,
3.948066454861E-2));
#142=CARTESIAN_POINT('',(-4.854597372718E-1,1.791338582677E-1,
4.234781894836E-2));
#143=CARTESIAN_POINT('',(-4.967632234048E-1,1.791338582677E-1,
4.670886705101E-2));
#144=CARTESIAN_POINT('',(-5.090914717889E-1,1.791338582677E-1,
5.257746700332E-2));
#145=CARTESIAN_POINT('',(-5.180356985964E-1,1.791338582677E-1,
5.749117182773E-2));
#146=CARTESIAN_POINT('',(-5.226892447715E-1,1.791338582677E-1,
6.019246004496E-2));
#148=CARTESIAN_POINT('',(-4.661043924859E-1,1.791338582677E-1,
3.818042100821E-2));
#149=CARTESIAN_POINT('',(-4.643661891751E-1,1.791338582677E-1,
3.799595599913E-2));
#150=CARTESIAN_POINT('',(-4.608877638660E-1,1.791338582677E-1,
3.774701850109E-2));
#151=CARTESIAN_POINT('',(-4.556476697821E-1,1.791338582677E-1,
3.774701847433E-2));
#152=CARTESIAN_POINT('',(-4.521692441417E-1,1.791338582677E-1,
3.799595597302E-2));
#153=CARTESIAN_POINT('',(-4.504310405850E-1,1.791338582677E-1,
3.818042100821E-2));
#155=CARTESIAN_POINT('',(-3.938461882994E-1,1.791338582677E-1,
6.019246004496E-2));
#156=CARTESIAN_POINT('',(-3.984997647130E-1,1.791338582677E-1,
5.749115427489E-2));
#157=CARTESIAN_POINT('',(-4.074440025882E-1,1.791338582677E-1,
5.257745194218E-2));
#158=CARTESIAN_POINT('',(-4.197718533147E-1,1.791338582677E-1,
4.670903167695E-2));
#159=CARTESIAN_POINT('',(-4.310752258687E-1,1.791338582677E-1,
4.234797815181E-2));
#160=CARTESIAN_POINT('',(-4.413653657642E-1,1.791338582677E-1,
3.948074818317E-2));
#161=CARTESIAN_POINT('',(-4.475275048421E-1,1.791338582677E-1,
3.848855570332E-2));
#162=CARTESIAN_POINT('',(-4.504310405850E-1,1.791338582677E-1,
3.818042100821E-2));
#164=CARTESIAN_POINT('',(-4.504310405850E-1,-1.791338582677E-1,
3.818042100821E-2));
#165=CARTESIAN_POINT('',(-4.475276688367E-1,-1.791338582677E-1,
3.848853829957E-2));
#166=CARTESIAN_POINT('',(-4.413657684851E-1,-1.791338582677E-1,
3.948066560128E-2));
#167=CARTESIAN_POINT('',(-4.310756919039E-1,-1.791338582677E-1,
4.234782031530E-2));
#168=CARTESIAN_POINT('',(-4.197722065819E-1,-1.791338582677E-1,
4.670886842052E-2));
#169=CARTESIAN_POINT('',(-4.074439595945E-1,-1.791338582677E-1,
5.257746791590E-2));
#170=CARTESIAN_POINT('',(-3.984997338727E-1,-1.791338582677E-1,
5.749117217703E-2));
#171=CARTESIAN_POINT('',(-3.938461882994E-1,-1.791338582677E-1,
6.019246004496E-2));
#173=DIRECTION('',(-1.E0,0.E0,0.E0));
#174=VECTOR('',#173,1.345264674370E-2);
#175=CARTESIAN_POINT('',(-5.226892447715E-1,-1.791338582677E-1,
6.019246004496E-2));
#176=LINE('',#175,#174);
#177=CARTESIAN_POINT('',(-5.566929133858E-1,-1.889763779528E-1,0.E0));
#178=CARTESIAN_POINT('',(-5.566929133858E-1,-1.889763779528E-1,
2.971738836871E-3));
#179=CARTESIAN_POINT('',(-5.564241835032E-1,-1.888362054076E-1,
8.912576312926E-3));
#180=CARTESIAN_POINT('',(-5.552094552149E-1,-1.882063655236E-1,
1.780051547856E-2));
#181=CARTESIAN_POINT('',(-5.531676690914E-1,-1.871605797242E-1,
2.663228414629E-2));
#182=CARTESIAN_POINT('',(-5.502737799418E-1,-1.857065530760E-1,
3.537103684666E-2));
#183=CARTESIAN_POINT('',(-5.465041659105E-1,-1.838632616150E-1,
4.395107957598E-2));
#184=CARTESIAN_POINT('',(-5.418400154978E-1,-1.816648023216E-1,
5.228794388033E-2));
#185=CARTESIAN_POINT('',(-5.381460574201E-1,-1.800051216228E-1,
5.759956441899E-2));
#186=CARTESIAN_POINT('',(-5.361418915152E-1,-1.791338582677E-1,
6.019246004496E-2));
#188=DIRECTION('',(-1.E0,0.E0,0.E0));
#189=VECTOR('',#188,6.850393700787E-2);
#190=CARTESIAN_POINT('',(-5.566929133858E-1,-1.889763779528E-1,0.E0));
#191=LINE('',#190,#189);
#192=DIRECTION('',(-1.E0,0.E0,0.E0));
#193=VECTOR('',#192,6.850393700787E-2);
#194=CARTESIAN_POINT('',(-5.566929133858E-1,1.889763779528E-1,0.E0));
#195=LINE('',#194,#193);
#196=CARTESIAN_POINT('',(-5.361418915152E-1,1.791338582677E-1,
6.019246004496E-2));
#197=CARTESIAN_POINT('',(-5.381463198053E-1,1.800052356885E-1,
5.759922495731E-2));
#198=CARTESIAN_POINT('',(-5.418412596117E-1,1.816653408709E-1,
5.228656420751E-2));
#199=CARTESIAN_POINT('',(-5.465107823123E-1,1.838664259131E-1,
4.393826348526E-2));
#200=CARTESIAN_POINT('',(-5.502779216714E-1,1.857086223686E-1,
3.535977516765E-2));
#201=CARTESIAN_POINT('',(-5.531699486628E-1,1.871617381465E-1,
2.662395737710E-2));
#202=CARTESIAN_POINT('',(-5.552106765451E-1,1.882069970693E-1,
1.779352047048E-2));
#203=CARTESIAN_POINT('',(-5.564244521370E-1,1.888363456616E-1,
8.908428443367E-3));
#204=CARTESIAN_POINT('',(-5.566929133858E-1,1.889763779528E-1,
2.970221482991E-3));
#205=CARTESIAN_POINT('',(-5.566929133858E-1,1.889763779528E-1,0.E0));
#207=DIRECTION('',(-1.E0,0.E0,0.E0));
#208=VECTOR('',#207,1.345264674370E-2);
#209=CARTESIAN_POINT('',(-5.226892447715E-1,1.791338582677E-1,
6.019246004496E-2));
#210=LINE('',#209,#208);
#211=CARTESIAN_POINT('',(-5.226892447715E-1,0.E0,0.E0));
#212=DIRECTION('',(-1.E0,0.E0,0.E0));
#213=DIRECTION('',(0.E0,-9.479166666667E-1,3.185184344046E-1));
#214=AXIS2_PLACEMENT_3D('',#211,#212,#213);
#216=CARTESIAN_POINT('',(-4.582677165354E-1,-1.791338582677E-1,0.E0));
#217=DIRECTION('',(0.E0,-1.E0,0.E0));
#218=DIRECTION('',(-7.912016177941E-1,0.E0,6.115553940568E-1));
#219=AXIS2_PLACEMENT_3D('',#216,#217,#218);
#221=CARTESIAN_POINT('',(-4.582677165354E-1,1.791338582677E-1,0.E0));
#222=DIRECTION('',(0.E0,1.E0,0.E0));
#223=DIRECTION('',(-7.912016177941E-1,0.E0,-6.115553940568E-1));
#224=AXIS2_PLACEMENT_3D('',#221,#222,#223);
#226=CARTESIAN_POINT('',(-4.582677165354E-1,1.791338582677E-1,0.E0));
#227=DIRECTION('',(0.E0,1.E0,0.E0));
#228=DIRECTION('',(-2.010621910511E-1,0.E0,-9.795784783925E-1));
#229=AXIS2_PLACEMENT_3D('',#226,#227,#228);
#231=CARTESIAN_POINT('',(-4.582677165354E-1,1.791338582677E-1,0.E0));
#232=DIRECTION('',(0.E0,1.E0,0.E0));
#233=DIRECTION('',(-1.E0,0.E0,0.E0));
#234=AXIS2_PLACEMENT_3D('',#231,#232,#233);
#236=CARTESIAN_POINT('',(-4.972440944882E-1,2.165354330709E-1,0.E0));
#237=CARTESIAN_POINT('',(-4.972440944882E-1,2.165354330709E-1,
-1.762931998668E-3));
#238=CARTESIAN_POINT('',(-4.970042551932E-1,2.164920705552E-1,
-5.291958881581E-3));
#239=CARTESIAN_POINT('',(-4.959309773621E-1,2.163014679675E-1,
-1.049052900727E-2));
#240=CARTESIAN_POINT('',(-4.941542733522E-1,2.159973319870E-1,
-1.551813769335E-2));
#241=CARTESIAN_POINT('',(-4.917011803130E-1,2.156008983691E-1,
-2.027060263778E-2));
#242=CARTESIAN_POINT('',(-4.886154854891E-1,2.151410954591E-1,
-2.465297135271E-2));
#243=CARTESIAN_POINT('',(-4.849462906096E-1,2.146511539935E-1,
-2.858381016470E-2));
#244=CARTESIAN_POINT('',(-4.807785452504E-1,2.141701223915E-1,
-3.196845176867E-2));
#245=CARTESIAN_POINT('',(-4.762005436102E-1,2.137347279059E-1,
-3.474331590674E-2));
#246=CARTESIAN_POINT('',(-4.712949516518E-1,2.133769911427E-1,
-3.686341250583E-2));
#247=CARTESIAN_POINT('',(-4.661727013048E-1,2.131242013169E-1,
-3.828884582159E-2));
#248=CARTESIAN_POINT('',(-4.609200500740E-1,2.129932529576E-1,
-3.900619399642E-2));
#249=CARTESIAN_POINT('',(-4.556147564012E-1,2.129932645693E-1,-3.90061302E-2));
#250=CARTESIAN_POINT('',(-4.503625173509E-1,2.131242080281E-1,
-3.828880962686E-2));
#251=CARTESIAN_POINT('',(-4.452397217946E-1,2.133770356791E-1,
-3.686315765098E-2));
#252=CARTESIAN_POINT('',(-4.403344870965E-1,2.137347655819E-1,
-3.474307926302E-2));
#253=CARTESIAN_POINT('',(-4.357566865988E-1,2.141701421382E-1,
-3.196832638345E-2));
#254=CARTESIAN_POINT('',(-4.315886420788E-1,2.146512162648E-1,
-2.858334572416E-2));
#255=CARTESIAN_POINT('',(-4.279198052413E-1,2.151411171862E-1,
-2.465276553472E-2));
#256=CARTESIAN_POINT('',(-4.248341313952E-1,2.156009166725E-1,
-2.027042431115E-2));
#257=CARTESIAN_POINT('',(-4.223810016878E-1,2.159973585263E-1,
-1.551776085081E-2));
#258=CARTESIAN_POINT('',(-4.206044401812E-1,2.163014708812E-1,
-1.049043662912E-2));
#259=CARTESIAN_POINT('',(-4.195311647823E-1,2.164920728503E-1,
-5.291868195244E-3));
#260=CARTESIAN_POINT('',(-4.192913385827E-1,2.165354330709E-1,
-1.762905769238E-3));
#261=CARTESIAN_POINT('',(-4.192913385827E-1,2.165354330709E-1,0.E0));
#263=DIRECTION('',(0.E0,1.E0,0.E0));
#264=VECTOR('',#263,3.740157480315E-2);
#265=CARTESIAN_POINT('',(-4.192913385827E-1,1.791338582677E-1,0.E0));
#266=LINE('',#265,#264);
#267=CARTESIAN_POINT('',(-4.192913385827E-1,2.165354330709E-1,0.E0));
#268=CARTESIAN_POINT('',(-4.192913385827E-1,2.165354330709E-1,
1.762923755215E-3));
#269=CARTESIAN_POINT('',(-4.195311734578E-1,2.164920713271E-1,
5.291929435643E-3));
#270=CARTESIAN_POINT('',(-4.206044515934E-1,2.163014687597E-1,
1.049050108635E-2));
#271=CARTESIAN_POINT('',(-4.223811049189E-1,2.159973411842E-1,
1.551800721963E-2));
#272=CARTESIAN_POINT('',(-4.248342140521E-1,2.156009041873E-1,
2.027054662801E-2));
#273=CARTESIAN_POINT('',(-4.279199012264E-1,2.151411025605E-1,
2.465290371146E-2));
#274=CARTESIAN_POINT('',(-4.315889758822E-1,2.146511747072E-1,
2.858365585248E-2));
#275=CARTESIAN_POINT('',(-4.357568279134E-1,2.141701281580E-1,
3.196841552180E-2));
#276=CARTESIAN_POINT('',(-4.403347623910E-1,2.137347400052E-1,
3.474323964095E-2));
#277=CARTESIAN_POINT('',(-4.452402122502E-1,2.133770070169E-1,
3.686332156966E-2));
#278=CARTESIAN_POINT('',(-4.503626512703E-1,2.131242039043E-1,
3.828883181937E-2));
#279=CARTESIAN_POINT('',(-4.556151157290E-1,2.129932584833E-1,
3.900616365416E-2));
#280=CARTESIAN_POINT('',(-4.609203218246E-1,2.129932585500E-1,
3.900616329462E-2));
#281=CARTESIAN_POINT('',(-4.661727851448E-1,2.131242040239E-1,
3.828883114676E-2));
#282=CARTESIAN_POINT('',(-4.712952278297E-1,2.133770073915E-1,
3.686331948347E-2));
#283=CARTESIAN_POINT('',(-4.762006823451E-1,2.137347410075E-1,
3.474323344051E-2));
#284=CARTESIAN_POINT('',(-4.807786102616E-1,2.141701286900E-1,
3.196841207023E-2));
#285=CARTESIAN_POINT('',(-4.849464700585E-1,2.146511762870E-1,
2.858364420154E-2));
#286=CARTESIAN_POINT('',(-4.886155387736E-1,2.151411035784E-1,
2.465289448286E-2));
#287=CARTESIAN_POINT('',(-4.917012232146E-1,2.156009048328E-1,
2.027054007471E-2));
#288=CARTESIAN_POINT('',(-4.941543333243E-1,2.159973420496E-1,
1.551799502547E-2));
#289=CARTESIAN_POINT('',(-4.959309823280E-1,2.163014689152E-1,
1.049049691216E-2));
#290=CARTESIAN_POINT('',(-4.970042600902E-1,2.164920714112E-1,
5.291925842220E-3));
#291=CARTESIAN_POINT('',(-4.972440944882E-1,2.165354330709E-1,
1.762922622931E-3));
#292=CARTESIAN_POINT('',(-4.972440944882E-1,2.165354330709E-1,0.E0));
#294=DIRECTION('',(0.E0,1.E0,0.E0));
#295=VECTOR('',#294,3.740157480315E-2);
#296=CARTESIAN_POINT('',(-4.972440944882E-1,1.791338582677E-1,0.E0));
#297=LINE('',#296,#295);
#298=CARTESIAN_POINT('',(-4.582677165354E-1,1.791338582677E-1,0.E0));
#299=DIRECTION('',(0.E0,1.E0,0.E0));
#300=DIRECTION('',(1.E0,0.E0,0.E0));
#301=AXIS2_PLACEMENT_3D('',#298,#299,#300);
#303=CARTESIAN_POINT('',(-4.582677165354E-1,1.791338582677E-1,0.E0));
#304=DIRECTION('',(0.E0,1.E0,0.E0));
#305=DIRECTION('',(2.010621910511E-1,0.E0,9.795784783925E-1));
#306=AXIS2_PLACEMENT_3D('',#303,#304,#305);
#308=CARTESIAN_POINT('',(-4.661043924859E-1,-1.791338582677E-1,
-3.818042100821E-2));
#309=CARTESIAN_POINT('',(-4.643661892205E-1,-1.791338582677E-1,
-3.799595600395E-2));
#310=CARTESIAN_POINT('',(-4.608877639726E-1,-1.791338582677E-1,
-3.774701850603E-2));
#311=CARTESIAN_POINT('',(-4.556476698886E-1,-1.791338582677E-1,
-3.774701846939E-2));
#312=CARTESIAN_POINT('',(-4.521692441871E-1,-1.791338582677E-1,
-3.799595596820E-2));
#313=CARTESIAN_POINT('',(-4.504310405850E-1,-1.791338582677E-1,
-3.818042100821E-2));
#315=CARTESIAN_POINT('',(-3.938461882994E-1,-1.791338582677E-1,
-6.019246004496E-2));
#316=CARTESIAN_POINT('',(-3.984997647130E-1,-1.791338582677E-1,
-5.749115427489E-2));
#317=CARTESIAN_POINT('',(-4.074440025882E-1,-1.791338582677E-1,
-5.257745194218E-2));
#318=CARTESIAN_POINT('',(-4.197718533147E-1,-1.791338582677E-1,
-4.670903167695E-2));
#319=CARTESIAN_POINT('',(-4.310752258687E-1,-1.791338582677E-1,
-4.234797815181E-2));
#320=CARTESIAN_POINT('',(-4.413653657642E-1,-1.791338582677E-1,
-3.948074818317E-2));
#321=CARTESIAN_POINT('',(-4.475275048421E-1,-1.791338582677E-1,
-3.848855570332E-2));
#322=CARTESIAN_POINT('',(-4.504310405850E-1,-1.791338582677E-1,
-3.818042100821E-2));
#324=CARTESIAN_POINT('',(-4.504310405850E-1,1.791338582677E-1,
-3.818042100821E-2));
#325=CARTESIAN_POINT('',(-4.475276688367E-1,1.791338582677E-1,
-3.848853829957E-2));
#326=CARTESIAN_POINT('',(-4.413657684851E-1,1.791338582677E-1,
-3.948066560128E-2));
#327=CARTESIAN_POINT('',(-4.310756919039E-1,1.791338582677E-1,
-4.234782031530E-2));
#328=CARTESIAN_POINT('',(-4.197722065819E-1,1.791338582677E-1,
-4.670886842052E-2));
#329=CARTESIAN_POINT('',(-4.074439595945E-1,1.791338582677E-1,
-5.257746791590E-2));
#330=CARTESIAN_POINT('',(-3.984997338727E-1,1.791338582677E-1,
-5.749117217703E-2));
#331=CARTESIAN_POINT('',(-3.938461882994E-1,1.791338582677E-1,
-6.019246004496E-2));
#333=CARTESIAN_POINT('',(-4.504310405850E-1,1.791338582677E-1,
-3.818042100821E-2));
#334=CARTESIAN_POINT('',(-4.521692441871E-1,1.791338582677E-1,
-3.799595596820E-2));
#335=CARTESIAN_POINT('',(-4.556476698886E-1,1.791338582677E-1,
-3.774701846939E-2));
#336=CARTESIAN_POINT('',(-4.608877639726E-1,1.791338582677E-1,
-3.774701850603E-2));
#337=CARTESIAN_POINT('',(-4.643661892205E-1,1.791338582677E-1,
-3.799595600395E-2));
#338=CARTESIAN_POINT('',(-4.661043924859E-1,1.791338582677E-1,
-3.818042100821E-2));
#340=CARTESIAN_POINT('',(-5.226892447715E-1,1.791338582677E-1,
-6.019246004496E-2));
#341=CARTESIAN_POINT('',(-5.180356696418E-1,1.791338582677E-1,
-5.749115502020E-2));
#342=CARTESIAN_POINT('',(-5.090914334221E-1,1.791338582677E-1,
-5.257745346880E-2));
#343=CARTESIAN_POINT('',(-4.967635811821E-1,1.791338582677E-1,
-4.670903223008E-2));
#344=CARTESIAN_POINT('',(-4.854602057892E-1,1.791338582677E-1,
-4.234797754264E-2));
#345=CARTESIAN_POINT('',(-4.751700629998E-1,1.791338582677E-1,
-3.948074721007E-2));
#346=CARTESIAN_POINT('',(-4.690079262921E-1,1.791338582677E-1,
-3.848855549779E-2));
#347=CARTESIAN_POINT('',(-4.661043924859E-1,1.791338582677E-1,
-3.818042100821E-2));
#349=CARTESIAN_POINT('',(-4.661043924859E-1,-1.791338582677E-1,
-3.818042100821E-2));
#350=CARTESIAN_POINT('',(-4.690077621937E-1,-1.791338582677E-1,
-3.848853808302E-2));
#351=CARTESIAN_POINT('',(-4.751696596833E-1,-1.791338582677E-1,
-3.948066454861E-2));
#352=CARTESIAN_POINT('',(-4.854597372718E-1,-1.791338582677E-1,
-4.234781894836E-2));
#353=CARTESIAN_POINT('',(-4.967632234048E-1,-1.791338582677E-1,
-4.670886705101E-2));
#354=CARTESIAN_POINT('',(-5.090914717889E-1,-1.791338582677E-1,
-5.257746700332E-2));
#355=CARTESIAN_POINT('',(-5.180356985964E-1,-1.791338582677E-1,
-5.749117182773E-2));
#356=CARTESIAN_POINT('',(-5.226892447715E-1,-1.791338582677E-1,
-6.019246004496E-2));
#358=CARTESIAN_POINT('',(-4.582677165354E-1,-1.791338582677E-1,0.E0));
#359=DIRECTION('',(0.E0,1.E0,0.E0));
#360=DIRECTION('',(2.010621910512E-1,0.E0,-9.795784783925E-1));
#361=AXIS2_PLACEMENT_3D('',#358,#359,#360);
#363=CARTESIAN_POINT('',(-4.582677165354E-1,-1.791338582677E-1,0.E0));
#364=DIRECTION('',(0.E0,1.E0,0.E0));
#365=DIRECTION('',(1.E0,0.E0,0.E0));
#366=AXIS2_PLACEMENT_3D('',#363,#364,#365);
#368=CARTESIAN_POINT('',(-4.582677165354E-1,-1.791338582677E-1,0.E0));
#369=DIRECTION('',(0.E0,1.E0,0.E0));
#370=DIRECTION('',(2.010621910511E-1,0.E0,9.795784783925E-1));
#371=AXIS2_PLACEMENT_3D('',#368,#369,#370);
#373=DIRECTION('',(-1.E0,0.E0,0.E0));
#374=VECTOR('',#373,1.345264674370E-2);
#375=CARTESIAN_POINT('',(-3.803935415557E-1,-1.791338582677E-1,
6.019246004496E-2));
#376=LINE('',#375,#374);
#377=CARTESIAN_POINT('',(-3.938461882994E-1,0.E0,0.E0));
#378=DIRECTION('',(-1.E0,0.E0,0.E0));
#379=DIRECTION('',(0.E0,-9.479166666667E-1,3.185184344046E-1));
#380=AXIS2_PLACEMENT_3D('',#377,#378,#379);
#382=DIRECTION('',(-1.E0,0.E0,0.E0));
#383=VECTOR('',#382,1.345264674370E-2);
#384=CARTESIAN_POINT('',(-3.803935415557E-1,1.791338582677E-1,
6.019246004496E-2));
#385=LINE('',#384,#383);
#386=CARTESIAN_POINT('',(-3.598425196850E-1,1.889763779528E-1,0.E0));
#387=CARTESIAN_POINT('',(-3.598425196850E-1,1.889763779528E-1,
2.970222428196E-3));
#388=CARTESIAN_POINT('',(-3.601109808963E-1,1.888363456793E-1,
8.908433335444E-3));
#389=CARTESIAN_POINT('',(-3.613247606826E-1,1.882069949175E-1,
1.779354623787E-2));
#390=CARTESIAN_POINT('',(-3.633654940467E-1,1.871617332407E-1,
2.662399218174E-2));
#391=CARTESIAN_POINT('',(-3.662575236782E-1,1.857086162921E-1,
3.535980601821E-2));
#392=CARTESIAN_POINT('',(-3.700246582160E-1,1.838664223608E-1,
4.393827742093E-2));
#393=CARTESIAN_POINT('',(-3.746941775888E-1,1.816653389962E-1,
5.228657039856E-2));
#394=CARTESIAN_POINT('',(-3.783891145842E-1,1.800052351153E-1,
5.759922666337E-2));
#395=CARTESIAN_POINT('',(-3.803935415557E-1,1.791338582677E-1,
6.019246004496E-2));
#397=DIRECTION('',(-1.E0,0.E0,0.E0));
#398=VECTOR('',#397,2.669291338583E-1);
#399=CARTESIAN_POINT('',(-9.291338582677E-2,1.889763779528E-1,0.E0));
#400=LINE('',#399,#398);
#401=CARTESIAN_POINT('',(-9.291338582677E-2,0.E0,0.E0));
#402=DIRECTION('',(1.E0,0.E0,0.E0));
#403=DIRECTION('',(0.E0,1.E0,0.E0));
#404=AXIS2_PLACEMENT_3D('',#401,#402,#403);
#406=DIRECTION('',(-1.E0,0.E0,0.E0));
#407=VECTOR('',#406,2.669291338583E-1);
#408=CARTESIAN_POINT('',(-9.291338582677E-2,-1.889763779528E-1,0.E0));
#409=LINE('',#408,#407);
#410=CARTESIAN_POINT('',(-3.803935415557E-1,-1.791338582677E-1,
6.019246004496E-2));
#411=CARTESIAN_POINT('',(-3.783893723557E-1,-1.800051230553E-1,
5.759956015594E-2));
#412=CARTESIAN_POINT('',(-3.746954101066E-1,-1.816648057918E-1,
5.228793134063E-2));
#413=CARTESIAN_POINT('',(-3.700312678885E-1,-1.838632612608E-1,
4.395108138305E-2));
#414=CARTESIAN_POINT('',(-3.662616426854E-1,-1.857065582104E-1,
3.537101207170E-2));
#415=CARTESIAN_POINT('',(-3.633677557848E-1,-1.871605839066E-1,
2.663225346160E-2));
#416=CARTESIAN_POINT('',(-3.613259753225E-1,-1.882063668341E-1,
1.780050009688E-2));
#417=CARTESIAN_POINT('',(-3.601112484904E-1,-1.888362059684E-1,
8.912562933925E-3));
#418=CARTESIAN_POINT('',(-3.598425196850E-1,-1.889763779528E-1,
2.971734067593E-3));
#419=CARTESIAN_POINT('',(-3.598425196850E-1,-1.889763779528E-1,0.E0));
#421=CARTESIAN_POINT('',(-4.582677165354E-1,1.791338582677E-1,0.E0));
#422=DIRECTION('',(0.E0,1.E0,0.E0));
#423=DIRECTION('',(7.912016177941E-1,0.E0,6.115553940568E-1));
#424=AXIS2_PLACEMENT_3D('',#421,#422,#423);
#426=DIRECTION('',(-1.E0,0.E0,0.E0));
#427=VECTOR('',#426,1.345264674370E-2);
#428=CARTESIAN_POINT('',(-3.803935415557E-1,-1.791338582677E-1,
-6.019246004496E-2));
#429=LINE('',#428,#427);
#430=CARTESIAN_POINT('',(-3.598425196850E-1,-1.889763779528E-1,0.E0));
#431=CARTESIAN_POINT('',(-3.598425196850E-1,-1.889763779528E-1,
-2.971738836871E-3));
#432=CARTESIAN_POINT('',(-3.601112495677E-1,-1.888362054076E-1,
-8.912576312926E-3));
#433=CARTESIAN_POINT('',(-3.613259778560E-1,-1.882063655236E-1,
-1.780051547856E-2));
#434=CARTESIAN_POINT('',(-3.633677639795E-1,-1.871605797242E-1,
-2.663228414629E-2));
#435=CARTESIAN_POINT('',(-3.662616531291E-1,-1.857065530760E-1,
-3.537103684666E-2));
#436=CARTESIAN_POINT('',(-3.700312671604E-1,-1.838632616150E-1,
-4.395107957598E-2));
#437=CARTESIAN_POINT('',(-3.746954175731E-1,-1.816648023216E-1,
-5.228794388033E-2));
#438=CARTESIAN_POINT('',(-3.783893756508E-1,-1.800051216228E-1,
-5.759956441899E-2));
#439=CARTESIAN_POINT('',(-3.803935415557E-1,-1.791338582677E-1,
-6.019246004496E-2));
#441=CARTESIAN_POINT('',(-9.291338582677E-2,0.E0,0.E0));
#442=DIRECTION('',(-1.E0,0.E0,0.E0));
#443=DIRECTION('',(0.E0,1.E0,0.E0));
#444=AXIS2_PLACEMENT_3D('',#441,#442,#443);
#446=CARTESIAN_POINT('',(-3.803935415557E-1,1.791338582677E-1,
-6.019246004496E-2));
#447=CARTESIAN_POINT('',(-3.783891132656E-1,1.800052356885E-1,
-5.759922495731E-2));
#448=CARTESIAN_POINT('',(-3.746941734592E-1,1.816653408709E-1,
-5.228656420751E-2));
#449=CARTESIAN_POINT('',(-3.700246507586E-1,1.838664259131E-1,
-4.393826348526E-2));
#450=CARTESIAN_POINT('',(-3.662575113995E-1,1.857086223686E-1,
-3.535977516765E-2));
#451=CARTESIAN_POINT('',(-3.633654844081E-1,1.871617381465E-1,
-2.662395737710E-2));
#452=CARTESIAN_POINT('',(-3.613247565258E-1,1.882069970693E-1,
-1.779352047048E-2));
#453=CARTESIAN_POINT('',(-3.601109809339E-1,1.888363456616E-1,
-8.908428443367E-3));
#454=CARTESIAN_POINT('',(-3.598425196850E-1,1.889763779528E-1,
-2.970221482991E-3));
#455=CARTESIAN_POINT('',(-3.598425196850E-1,1.889763779528E-1,0.E0));
#457=DIRECTION('',(-1.E0,0.E0,0.E0));
#458=VECTOR('',#457,1.345264674370E-2);
#459=CARTESIAN_POINT('',(-3.803935415557E-1,1.791338582677E-1,
-6.019246004496E-2));
#460=LINE('',#459,#458);
#461=CARTESIAN_POINT('',(-3.938461882994E-1,0.E0,0.E0));
#462=DIRECTION('',(-1.E0,0.E0,0.E0));
#463=DIRECTION('',(0.E0,9.479166666667E-1,-3.185184344046E-1));
#464=AXIS2_PLACEMENT_3D('',#461,#462,#463);
#466=CARTESIAN_POINT('',(-4.582677165354E-1,-1.791338582677E-1,0.E0));
#467=DIRECTION('',(0.E0,-1.E0,0.E0));
#468=DIRECTION('',(7.912016177941E-1,0.E0,-6.115553940568E-1));
#469=AXIS2_PLACEMENT_3D('',#466,#467,#468);
#471=CARTESIAN_POINT('',(-9.291338582677E-2,2.944881889764E-1,
2.944881889764E-1));
#472=DIRECTION('',(-1.E0,0.E0,0.E0));
#473=DIRECTION('',(0.E0,0.E0,1.E0));
#474=AXIS2_PLACEMENT_3D('',#471,#472,#473);
#476=DIRECTION('',(0.E0,1.E0,0.E0));
#477=VECTOR('',#476,5.889763779528E-1);
#478=CARTESIAN_POINT('',(-9.291338582677E-2,-2.944881889764E-1,
3.444881889764E-1));
#479=LINE('',#478,#477);
#480=CARTESIAN_POINT('',(-9.291338582677E-2,-2.944881889764E-1,
2.944881889764E-1));
#481=DIRECTION('',(-1.E0,0.E0,0.E0));
#482=DIRECTION('',(0.E0,-1.E0,0.E0));
#483=AXIS2_PLACEMENT_3D('',#480,#481,#482);
#485=DIRECTION('',(0.E0,0.E0,1.E0));
#486=VECTOR('',#485,5.889763779528E-1);
#487=CARTESIAN_POINT('',(-9.291338582677E-2,-3.444881889764E-1,
-2.944881889764E-1));
#488=LINE('',#487,#486);
#489=CARTESIAN_POINT('',(-9.291338582677E-2,-2.944881889764E-1,
-2.944881889764E-1));
#490=DIRECTION('',(-1.E0,0.E0,0.E0));
#491=DIRECTION('',(0.E0,0.E0,-1.E0));
#492=AXIS2_PLACEMENT_3D('',#489,#490,#491);
#494=DIRECTION('',(0.E0,-1.E0,0.E0));
#495=VECTOR('',#494,5.889763779528E-1);
#496=CARTESIAN_POINT('',(-9.291338582677E-2,2.944881889764E-1,
-3.444881889764E-1));
#497=LINE('',#496,#495);
#498=CARTESIAN_POINT('',(-9.291338582677E-2,2.944881889764E-1,
-2.944881889764E-1));
#499=DIRECTION('',(-1.E0,0.E0,0.E0));
#500=DIRECTION('',(0.E0,1.E0,1.221245327088E-14));
#501=AXIS2_PLACEMENT_3D('',#498,#499,#500);
#503=DIRECTION('',(0.E0,0.E0,-1.E0));
#504=VECTOR('',#503,5.889763779528E-1);
#505=CARTESIAN_POINT('',(-9.291338582677E-2,3.444881889764E-1,
2.944881889764E-1));
#506=LINE('',#505,#504);
#507=CARTESIAN_POINT('',(-9.291338582677E-2,-2.5E-1,2.5E-1));
#508=DIRECTION('',(1.E0,0.E0,0.E0));
#509=DIRECTION('',(0.E0,-1.E0,0.E0));
#510=AXIS2_PLACEMENT_3D('',#507,#508,#509);
#512=CARTESIAN_POINT('',(-9.291338582677E-2,-2.5E-1,2.5E-1));
#513=DIRECTION('',(1.E0,0.E0,0.E0));
#514=DIRECTION('',(0.E0,1.E0,0.E0));
#515=AXIS2_PLACEMENT_3D('',#512,#513,#514);
#517=CARTESIAN_POINT('',(-9.291338582677E-2,2.5E-1,2.5E-1));
#518=DIRECTION('',(1.E0,0.E0,0.E0));
#519=DIRECTION('',(0.E0,-1.E0,0.E0));
#520=AXIS2_PLACEMENT_3D('',#517,#518,#519);
#522=CARTESIAN_POINT('',(-9.291338582677E-2,2.5E-1,2.5E-1));
#523=DIRECTION('',(1.E0,0.E0,0.E0));
#524=DIRECTION('',(0.E0,1.E0,0.E0));
#525=AXIS2_PLACEMENT_3D('',#522,#523,#524);
#527=CARTESIAN_POINT('',(-9.291338582677E-2,2.5E-1,-2.5E-1));
#528=DIRECTION('',(1.E0,0.E0,0.E0));
#529=DIRECTION('',(0.E0,-1.E0,0.E0));
#530=AXIS2_PLACEMENT_3D('',#527,#528,#529);
#532=CARTESIAN_POINT('',(-9.291338582677E-2,2.5E-1,-2.5E-1));
#533=DIRECTION('',(1.E0,0.E0,0.E0));
#534=DIRECTION('',(0.E0,1.E0,0.E0));
#535=AXIS2_PLACEMENT_3D('',#532,#533,#534);
#537=CARTESIAN_POINT('',(-9.291338582677E-2,-2.5E-1,-2.5E-1));
#538=DIRECTION('',(1.E0,0.E0,0.E0));
#539=DIRECTION('',(0.E0,-1.E0,0.E0));
#540=AXIS2_PLACEMENT_3D('',#537,#538,#539);
#542=CARTESIAN_POINT('',(-9.291338582677E-2,-2.5E-1,-2.5E-1));
#543=DIRECTION('',(1.E0,0.E0,0.E0));
#544=DIRECTION('',(0.E0,1.E0,0.E0));
#545=AXIS2_PLACEMENT_3D('',#542,#543,#544);
#547=CARTESIAN_POINT('',(0.E0,2.944881889764E-1,2.944881889764E-1));
#548=DIRECTION('',(1.E0,0.E0,0.E0));
#549=DIRECTION('',(0.E0,1.E0,-1.221245327088E-14));
#550=AXIS2_PLACEMENT_3D('',#547,#548,#549);
#552=DIRECTION('',(0.E0,0.E0,-1.E0));
#553=VECTOR('',#552,5.889763779528E-1);
#554=CARTESIAN_POINT('',(0.E0,3.444881889764E-1,2.944881889764E-1));
#555=LINE('',#554,#553);
#556=CARTESIAN_POINT('',(0.E0,2.944881889764E-1,-2.944881889764E-1));
#557=DIRECTION('',(1.E0,0.E0,0.E0));
#558=DIRECTION('',(0.E0,0.E0,-1.E0));
#559=AXIS2_PLACEMENT_3D('',#556,#557,#558);
#561=DIRECTION('',(0.E0,-1.E0,0.E0));
#562=VECTOR('',#561,5.889763779528E-1);
#563=CARTESIAN_POINT('',(0.E0,2.944881889764E-1,-3.444881889764E-1));
#564=LINE('',#563,#562);
#565=CARTESIAN_POINT('',(0.E0,-2.944881889764E-1,-2.944881889764E-1));
#566=DIRECTION('',(1.E0,0.E0,0.E0));
#567=DIRECTION('',(0.E0,-1.E0,0.E0));
#568=AXIS2_PLACEMENT_3D('',#565,#566,#567);
#570=DIRECTION('',(0.E0,0.E0,1.E0));
#571=VECTOR('',#570,5.889763779528E-1);
#572=CARTESIAN_POINT('',(0.E0,-3.444881889764E-1,-2.944881889764E-1));
#573=LINE('',#572,#571);
#574=CARTESIAN_POINT('',(0.E0,-2.944881889764E-1,2.944881889764E-1));
#575=DIRECTION('',(1.E0,0.E0,0.E0));
#576=DIRECTION('',(0.E0,0.E0,1.E0));
#577=AXIS2_PLACEMENT_3D('',#574,#575,#576);
#579=DIRECTION('',(0.E0,1.E0,0.E0));
#580=VECTOR('',#579,5.889763779528E-1);
#581=CARTESIAN_POINT('',(0.E0,-2.944881889764E-1,3.444881889764E-1));
#582=LINE('',#581,#580);
#583=CARTESIAN_POINT('',(0.E0,2.5E-1,2.5E-1));
#584=DIRECTION('',(-1.E0,0.E0,0.E0));
#585=DIRECTION('',(0.E0,-1.E0,0.E0));
#586=AXIS2_PLACEMENT_3D('',#583,#584,#585);
#588=CARTESIAN_POINT('',(0.E0,2.5E-1,2.5E-1));
#589=DIRECTION('',(-1.E0,0.E0,0.E0));
#590=DIRECTION('',(0.E0,1.E0,0.E0));
#591=AXIS2_PLACEMENT_3D('',#588,#589,#590);
#593=CARTESIAN_POINT('',(0.E0,2.5E-1,-2.5E-1));
#594=DIRECTION('',(-1.E0,0.E0,0.E0));
#595=DIRECTION('',(0.E0,1.E0,0.E0));
#596=AXIS2_PLACEMENT_3D('',#593,#594,#595);
#598=CARTESIAN_POINT('',(0.E0,2.5E-1,-2.5E-1));
#599=DIRECTION('',(-1.E0,0.E0,0.E0));
#600=DIRECTION('',(0.E0,-1.E0,0.E0));
#601=AXIS2_PLACEMENT_3D('',#598,#599,#600);
#603=CARTESIAN_POINT('',(0.E0,-2.5E-1,-2.5E-1));
#604=DIRECTION('',(-1.E0,0.E0,0.E0));
#605=DIRECTION('',(0.E0,1.E0,0.E0));
#606=AXIS2_PLACEMENT_3D('',#603,#604,#605);
#608=CARTESIAN_POINT('',(0.E0,-2.5E-1,-2.5E-1));
#609=DIRECTION('',(-1.E0,0.E0,0.E0));
#610=DIRECTION('',(0.E0,-1.E0,0.E0));
#611=AXIS2_PLACEMENT_3D('',#608,#609,#610);
#613=CARTESIAN_POINT('',(0.E0,-2.5E-1,2.5E-1));
#614=DIRECTION('',(-1.E0,0.E0,0.E0));
#615=DIRECTION('',(0.E0,1.E0,0.E0));
#616=AXIS2_PLACEMENT_3D('',#613,#614,#615);
#618=CARTESIAN_POINT('',(0.E0,-2.5E-1,2.5E-1));
#619=DIRECTION('',(-1.E0,0.E0,0.E0));
#620=DIRECTION('',(0.E0,-1.E0,0.E0));
#621=AXIS2_PLACEMENT_3D('',#618,#619,#620);
#623=CARTESIAN_POINT('',(0.E0,0.E0,0.E0));
#624=DIRECTION('',(-1.E0,0.E0,0.E0));
#625=DIRECTION('',(0.E0,-1.E0,0.E0));
#626=AXIS2_PLACEMENT_3D('',#623,#624,#625);
#628=CARTESIAN_POINT('',(0.E0,0.E0,0.E0));
#629=DIRECTION('',(-1.E0,0.E0,0.E0));
#630=DIRECTION('',(0.E0,1.E0,0.E0));
#631=AXIS2_PLACEMENT_3D('',#628,#629,#630);
#633=DIRECTION('',(1.E0,0.E0,0.E0));
#634=VECTOR('',#633,9.291338582677E-2);
#635=CARTESIAN_POINT('',(-9.291338582677E-2,3.444881889764E-1,
2.944881889764E-1));
#636=LINE('',#635,#634);
#637=DIRECTION('',(1.E0,0.E0,0.E0));
#638=VECTOR('',#637,9.291338582677E-2);
#639=CARTESIAN_POINT('',(-9.291338582677E-2,3.444881889764E-1,
-2.944881889764E-1));
#640=LINE('',#639,#638);
#641=DIRECTION('',(1.E0,0.E0,0.E0));
#642=VECTOR('',#641,9.291338582677E-2);
#643=CARTESIAN_POINT('',(-9.291338582677E-2,-2.944881889764E-1,
-3.444881889764E-1));
#644=LINE('',#643,#642);
#645=DIRECTION('',(1.E0,0.E0,0.E0));
#646=VECTOR('',#645,9.291338582677E-2);
#647=CARTESIAN_POINT('',(-9.291338582677E-2,2.944881889764E-1,
-3.444881889764E-1));
#648=LINE('',#647,#646);
#649=DIRECTION('',(1.E0,0.E0,0.E0));
#650=VECTOR('',#649,9.291338582677E-2);
#651=CARTESIAN_POINT('',(-9.291338582677E-2,-3.444881889764E-1,
2.944881889764E-1));
#652=LINE('',#651,#650);
#653=DIRECTION('',(1.E0,0.E0,0.E0));
#654=VECTOR('',#653,9.291338582677E-2);
#655=CARTESIAN_POINT('',(-9.291338582677E-2,-3.444881889764E-1,
-2.944881889764E-1));
#656=LINE('',#655,#654);
#657=DIRECTION('',(1.E0,0.E0,0.E0));
#658=VECTOR('',#657,9.291338582677E-2);
#659=CARTESIAN_POINT('',(-9.291338582677E-2,2.944881889764E-1,
3.444881889764E-1));
#660=LINE('',#659,#658);
#661=DIRECTION('',(1.E0,0.E0,0.E0));
#662=VECTOR('',#661,9.291338582677E-2);
#663=CARTESIAN_POINT('',(-9.291338582677E-2,-2.944881889764E-1,
3.444881889764E-1));
#664=LINE('',#663,#662);
#665=CARTESIAN_POINT('',(-6.889763779527E-3,2.5E-1,2.5E-1));
#666=DIRECTION('',(-1.E0,0.E0,0.E0));
#667=DIRECTION('',(0.E0,0.E0,1.E0));
#668=AXIS2_PLACEMENT_3D('',#665,#666,#667);
#670=CARTESIAN_POINT('',(-6.889763779527E-3,2.5E-1,2.5E-1));
#671=DIRECTION('',(-1.E0,0.E0,0.E0));
#672=DIRECTION('',(0.E0,-1.E0,8.603958799904E-9));
#673=AXIS2_PLACEMENT_3D('',#670,#671,#672);
#675=DIRECTION('',(-7.071067811865E-1,7.071067811866E-1,4.925086383441E-9));
#676=VECTOR('',#675,9.743597215500E-3);
#677=CARTESIAN_POINT('',(-1.152973992613E-10,2.125984253121E-1,
2.500000002145E-1));
#678=LINE('',#677,#676);
#679=CARTESIAN_POINT('',(-3.937216718248E-3,2.5E-1,2.5E-1));
#680=DIRECTION('',(-1.E0,0.E0,0.E0));
#681=DIRECTION('',(0.E0,0.E0,1.E0));
#682=AXIS2_PLACEMENT_3D('',#679,#680,#681);
#684=CARTESIAN_POINT('',(-6.889763779528E-3,2.5E-1,2.5E-1));
#685=DIRECTION('',(-1.E0,0.E0,0.E0));
#686=DIRECTION('',(0.E0,1.E0,-8.603956070905E-9));
#687=AXIS2_PLACEMENT_3D('',#684,#685,#686);
#689=DIRECTION('',(-7.071067811865E-1,-7.071067811865E-1,-4.925074989056E-9));
#690=VECTOR('',#689,9.743597215500E-3);
#691=CARTESIAN_POINT('',(-1.152974031466E-10,2.874015746879E-1,
2.499999997855E-1));
#692=LINE('',#691,#690);
#693=CARTESIAN_POINT('',(-6.889763779528E-3,2.5E-1,2.5E-1));
#694=DIRECTION('',(-1.E0,0.E0,0.E0));
#695=DIRECTION('',(0.E0,0.E0,-1.E0));
#696=AXIS2_PLACEMENT_3D('',#693,#694,#695);
#698=DIRECTION('',(-9.999999998436E-1,7.407148926484E-10,1.768349541236E-5));
#699=VECTOR('',#698,2.952703698337E-3);
#700=CARTESIAN_POINT('',(-3.937060081652E-3,2.499999999978E-1,
2.805117588095E-1));
#701=LINE('',#700,#699);
#702=CARTESIAN_POINT('',(-3.937216718248E-3,2.5E-1,2.5E-1));
#703=DIRECTION('',(-1.E0,0.E0,0.E0));
#704=DIRECTION('',(0.E0,0.E0,-1.E0));
#705=AXIS2_PLACEMENT_3D('',#702,#703,#704);
#707=DIRECTION('',(-9.999999998436E-1,-7.407242927026E-10,-1.768349542176E-5));
#708=VECTOR('',#707,2.952703698338E-3);
#709=CARTESIAN_POINT('',(-3.937060081652E-3,2.500000000022E-1,
2.194882411905E-1));
#710=LINE('',#709,#708);
#711=DIRECTION('',(7.071052687105E-1,6.334993350517E-11,7.071082936593E-1));
#712=VECTOR('',#711,5.567769931355E-3);
#713=CARTESIAN_POINT('',(-3.937060081652E-3,2.500000000022E-1,
2.194882411905E-1));
#714=LINE('',#713,#712);
#715=DIRECTION('',(7.071052687105E-1,-6.336488863583E-11,-7.071082936594E-1));
#716=VECTOR('',#715,5.567769931355E-3);
#717=CARTESIAN_POINT('',(-3.937060081652E-3,2.499999999978E-1,
2.805117588095E-1));
#718=LINE('',#717,#716);
#719=CARTESIAN_POINT('',(0.E0,2.5E-1,2.5E-1));
#720=DIRECTION('',(-1.E0,0.E0,0.E0));
#721=DIRECTION('',(0.E0,0.E0,1.E0));
#722=AXIS2_PLACEMENT_3D('',#719,#720,#721);
#724=CARTESIAN_POINT('',(0.E0,2.5E-1,2.5E-1));
#725=DIRECTION('',(-1.E0,0.E0,0.E0));
#726=DIRECTION('',(0.E0,0.E0,-1.E0));
#727=AXIS2_PLACEMENT_3D('',#724,#725,#726);
#729=CARTESIAN_POINT('',(0.E0,2.5E-1,2.5E-1));
#730=DIRECTION('',(-1.E0,0.E0,0.E0));
#731=DIRECTION('',(0.E0,0.E0,1.E0));
#732=AXIS2_PLACEMENT_3D('',#729,#730,#731);
#734=CARTESIAN_POINT('',(0.E0,2.5E-1,2.5E-1));
#735=DIRECTION('',(1.E0,0.E0,0.E0));
#736=DIRECTION('',(0.E0,0.E0,1.E0));
#737=AXIS2_PLACEMENT_3D('',#734,#735,#736);
#739=CARTESIAN_POINT('',(2.421256947276E-1,2.5E-1,2.5E-1));
#740=DIRECTION('',(-1.E0,0.E0,0.E0));
#741=DIRECTION('',(0.E0,0.E0,1.E0));
#742=AXIS2_PLACEMENT_3D('',#739,#740,#741);
#744=DIRECTION('',(7.071083024511E-1,-1.631604756214E-11,-7.071052599187E-1));
#745=VECTOR('',#744,1.113553985963E-2);
#746=CARTESIAN_POINT('',(2.421259118763E-1,2.500000000008E-1,
2.685038646225E-1));
#747=LINE('',#746,#745);
#748=DIRECTION('',(7.071083024511E-1,1.631604756214E-11,7.071052599187E-1));
#749=VECTOR('',#748,1.113553985963E-2);
#750=CARTESIAN_POINT('',(2.421259118763E-1,2.499999999992E-1,
2.314961353775E-1));
#751=LINE('',#750,#749);
#752=CARTESIAN_POINT('',(2.421256947276E-1,2.5E-1,2.5E-1));
#753=DIRECTION('',(-1.E0,0.E0,0.E0));
#754=DIRECTION('',(0.E0,0.E0,-1.E0));
#755=AXIS2_PLACEMENT_3D('',#752,#753,#754);
#757=DIRECTION('',(-1.E0,3.206050656877E-12,-2.989574128449E-7));
#758=VECTOR('',#757,2.421259118763E-1);
#759=CARTESIAN_POINT('',(2.421259118763E-1,2.499999999992E-1,
2.314961353775E-1));
#760=LINE('',#759,#758);
#761=DIRECTION('',(-1.E0,-3.206279922513E-12,2.989574131888E-7));
#762=VECTOR('',#761,2.421259118763E-1);
#763=CARTESIAN_POINT('',(2.421259118763E-1,2.500000000008E-1,
2.685038646225E-1));
#764=LINE('',#763,#762);
#765=CARTESIAN_POINT('',(2.5E-1,2.5E-1,2.5E-1));
#766=DIRECTION('',(-1.E0,0.E0,0.E0));
#767=DIRECTION('',(0.E0,0.E0,-1.E0));
#768=AXIS2_PLACEMENT_3D('',#765,#766,#767);
#770=CARTESIAN_POINT('',(2.5E-1,2.5E-1,2.5E-1));
#771=DIRECTION('',(-1.E0,0.E0,0.E0));
#772=DIRECTION('',(0.E0,0.E0,1.E0));
#773=AXIS2_PLACEMENT_3D('',#770,#771,#772);
#775=CARTESIAN_POINT('',(-6.889763779528E-3,2.5E-1,-2.5E-1));
#776=DIRECTION('',(-1.E0,0.E0,0.E0));
#777=DIRECTION('',(0.E0,1.E0,0.E0));
#778=AXIS2_PLACEMENT_3D('',#775,#776,#777);
#780=DIRECTION('',(-7.071067811866E-1,-7.071067811865E-1,8.546449971061E-9));
#781=VECTOR('',#780,9.743597215499E-3);
#782=CARTESIAN_POINT('',(-1.152974008337E-10,2.874015746879E-1,
-2.500000002145E-1));
#783=LINE('',#782,#781);
#784=CARTESIAN_POINT('',(-3.937216718248E-3,2.5E-1,-2.5E-1));
#785=DIRECTION('',(-1.E0,0.E0,0.E0));
#786=DIRECTION('',(0.E0,1.E0,0.E0));
#787=AXIS2_PLACEMENT_3D('',#784,#785,#786);
#789=DIRECTION('',(-9.999999998436E-1,1.768349541236E-5,-4.519530211932E-8));
#790=VECTOR('',#789,2.952703698337E-3);
#791=CARTESIAN_POINT('',(-3.937060081652E-3,2.805117588095E-1,
-2.499999999978E-1));
#792=LINE('',#791,#790);
#793=CARTESIAN_POINT('',(-3.937216718248E-3,2.5E-1,-2.5E-1));
#794=DIRECTION('',(-1.E0,0.E0,0.E0));
#795=DIRECTION('',(0.E0,-1.E0,0.E0));
#796=AXIS2_PLACEMENT_3D('',#793,#794,#795);
#798=DIRECTION('',(-9.999999998436E-1,-1.768349540296E-5,4.519531151936E-8));
#799=VECTOR('',#798,2.952703698338E-3);
#800=CARTESIAN_POINT('',(-3.937060081652E-3,2.194882411905E-1,
-2.500000000022E-1));
#801=LINE('',#800,#799);
#802=CARTESIAN_POINT('',(-6.889763779528E-3,2.5E-1,-2.5E-1));
#803=DIRECTION('',(-1.E0,0.E0,0.E0));
#804=DIRECTION('',(0.E0,-1.E0,0.E0));
#805=AXIS2_PLACEMENT_3D('',#802,#803,#804);
#807=DIRECTION('',(-7.071067811865E-1,7.071067811865E-1,-8.546449971060E-9));
#808=VECTOR('',#807,9.743597215500E-3);
#809=CARTESIAN_POINT('',(-1.152974177650E-10,2.125984253121E-1,
-2.499999997855E-1));
#810=LINE('',#809,#808);
#811=DIRECTION('',(7.071052687105E-1,7.071082936593E-1,-6.334993350517E-11));
#812=VECTOR('',#811,5.567769931355E-3);
#813=CARTESIAN_POINT('',(-3.937060081652E-3,2.194882411905E-1,
-2.500000000022E-1));
#814=LINE('',#813,#812);
#815=DIRECTION('',(7.071052687105E-1,-7.071082936594E-1,6.336488863583E-11));
#816=VECTOR('',#815,5.567769931355E-3);
#817=CARTESIAN_POINT('',(-3.937060081652E-3,2.805117588095E-1,
-2.499999999978E-1));
#818=LINE('',#817,#816);
#819=CARTESIAN_POINT('',(0.E0,2.5E-1,-2.5E-1));
#820=DIRECTION('',(-1.E0,0.E0,0.E0));
#821=DIRECTION('',(0.E0,1.E0,0.E0));
#822=AXIS2_PLACEMENT_3D('',#819,#820,#821);
#824=CARTESIAN_POINT('',(0.E0,2.5E-1,-2.5E-1));
#825=DIRECTION('',(-1.E0,0.E0,0.E0));
#826=DIRECTION('',(0.E0,-1.E0,0.E0));
#827=AXIS2_PLACEMENT_3D('',#824,#825,#826);
#829=CARTESIAN_POINT('',(0.E0,2.5E-1,-2.5E-1));
#830=DIRECTION('',(-1.E0,0.E0,0.E0));
#831=DIRECTION('',(0.E0,1.E0,0.E0));
#832=AXIS2_PLACEMENT_3D('',#829,#830,#831);
#834=CARTESIAN_POINT('',(0.E0,2.5E-1,-2.5E-1));
#835=DIRECTION('',(1.E0,0.E0,0.E0));
#836=DIRECTION('',(0.E0,1.E0,0.E0));
#837=AXIS2_PLACEMENT_3D('',#834,#835,#836);
#839=CARTESIAN_POINT('',(2.421256947276E-1,2.5E-1,-2.5E-1));
#840=DIRECTION('',(-1.E0,0.E0,0.E0));
#841=DIRECTION('',(0.E0,1.E0,0.E0));
#842=AXIS2_PLACEMENT_3D('',#839,#840,#841);
#844=DIRECTION('',(7.071083024511E-1,-7.071052599187E-1,1.631604756214E-11));
#845=VECTOR('',#844,1.113553985963E-2);
#846=CARTESIAN_POINT('',(2.421259118763E-1,2.685038646225E-1,
-2.500000000008E-1));
#847=LINE('',#846,#845);
#848=DIRECTION('',(7.071083024511E-1,7.071052599187E-1,-1.631604756214E-11));
#849=VECTOR('',#848,1.113553985963E-2);
#850=CARTESIAN_POINT('',(2.421259118763E-1,2.314961353775E-1,
-2.499999999992E-1));
#851=LINE('',#850,#849);
#852=CARTESIAN_POINT('',(2.421256947276E-1,2.5E-1,-2.5E-1));
#853=DIRECTION('',(-1.E0,0.E0,0.E0));
#854=DIRECTION('',(0.E0,-1.E0,0.E0));
#855=AXIS2_PLACEMENT_3D('',#852,#853,#854);
#857=DIRECTION('',(-1.E0,-2.989574128449E-7,-3.206050656877E-12));
#858=VECTOR('',#857,2.421259118763E-1);
#859=CARTESIAN_POINT('',(2.421259118763E-1,2.314961353775E-1,
-2.499999999992E-1));
#860=LINE('',#859,#858);
#861=DIRECTION('',(-1.E0,2.989574131888E-7,3.206279922513E-12));
#862=VECTOR('',#861,2.421259118763E-1);
#863=CARTESIAN_POINT('',(2.421259118763E-1,2.685038646225E-1,
-2.500000000008E-1));
#864=LINE('',#863,#862);
#865=CARTESIAN_POINT('',(2.5E-1,2.5E-1,-2.5E-1));
#866=DIRECTION('',(-1.E0,0.E0,0.E0));
#867=DIRECTION('',(0.E0,-1.E0,0.E0));
#868=AXIS2_PLACEMENT_3D('',#865,#866,#867);
#870=CARTESIAN_POINT('',(2.5E-1,2.5E-1,-2.5E-1));
#871=DIRECTION('',(-1.E0,0.E0,0.E0));
#872=DIRECTION('',(0.E0,1.E0,0.E0));
#873=AXIS2_PLACEMENT_3D('',#870,#871,#872);
#875=CARTESIAN_POINT('',(-6.889763779527E-3,-2.5E-1,-2.5E-1));
#876=DIRECTION('',(-1.E0,0.E0,0.E0));
#877=DIRECTION('',(0.E0,0.E0,-1.E0));
#878=AXIS2_PLACEMENT_3D('',#875,#876,#877);
#880=CARTESIAN_POINT('',(-6.889763779527E-3,-2.5E-1,-2.5E-1));
#881=DIRECTION('',(-1.E0,0.E0,0.E0));
#882=DIRECTION('',(0.E0,1.E0,-8.603942425906E-9));
#883=AXIS2_PLACEMENT_3D('',#880,#881,#882);
#885=DIRECTION('',(-7.071067811865E-1,-7.071067811865E-1,-4.925057897478E-9));
#886=VECTOR('',#885,9.743597215500E-3);
#887=CARTESIAN_POINT('',(-1.152974374352E-10,-2.125984253121E-1,
-2.500000002145E-1));
#888=LINE('',#887,#886);
#889=CARTESIAN_POINT('',(-3.937216718248E-3,-2.5E-1,-2.5E-1));
#890=DIRECTION('',(-1.E0,0.E0,0.E0));
#891=DIRECTION('',(0.E0,0.E0,-1.E0));
#892=AXIS2_PLACEMENT_3D('',#889,#890,#891);
#894=CARTESIAN_POINT('',(-6.889763779528E-3,-2.5E-1,-2.5E-1));
#895=DIRECTION('',(-1.E0,0.E0,0.E0));
#896=DIRECTION('',(0.E0,-1.E0,8.603971535237E-9));
#897=AXIS2_PLACEMENT_3D('',#894,#895,#896);
#899=DIRECTION('',(-7.071067811865E-1,7.071067811865E-1,4.925094929230E-9));
#900=VECTOR('',#899,9.743597215500E-3);
#901=CARTESIAN_POINT('',(-1.152974497406E-10,-2.874015746879E-1,
-2.499999997855E-1));
#902=LINE('',#901,#900);
#903=CARTESIAN_POINT('',(-6.889763779528E-3,-2.5E-1,-2.5E-1));
#904=DIRECTION('',(-1.E0,0.E0,0.E0));
#905=DIRECTION('',(0.E0,0.E0,1.E0));
#906=AXIS2_PLACEMENT_3D('',#903,#904,#905);
#908=DIRECTION('',(-9.999999998436E-1,-7.407148926484E-10,-1.768349546876E-5));
#909=VECTOR('',#908,2.952703698337E-3);
#910=CARTESIAN_POINT('',(-3.937060081652E-3,-2.499999999978E-1,
-2.805117588095E-1));
#911=LINE('',#910,#909);
#912=CARTESIAN_POINT('',(-3.937216718248E-3,-2.5E-1,-2.5E-1));
#913=DIRECTION('',(-1.E0,0.E0,0.E0));
#914=DIRECTION('',(0.E0,0.E0,1.E0));
#915=AXIS2_PLACEMENT_3D('',#912,#913,#914);
#917=DIRECTION('',(-9.999999998436E-1,7.407430928115E-10,1.768349534656E-5));
#918=VECTOR('',#917,2.952703698338E-3);
#919=CARTESIAN_POINT('',(-3.937060081652E-3,-2.500000000022E-1,
-2.194882411905E-1));
#920=LINE('',#919,#918);
#921=DIRECTION('',(7.071052687105E-1,-6.334993350517E-11,-7.071082936593E-1));
#922=VECTOR('',#921,5.567769931355E-3);
#923=CARTESIAN_POINT('',(-3.937060081652E-3,-2.500000000022E-1,
-2.194882411905E-1));
#924=LINE('',#923,#922);
#925=DIRECTION('',(7.071052687105E-1,6.336488863583E-11,7.071082936594E-1));
#926=VECTOR('',#925,5.567769931355E-3);
#927=CARTESIAN_POINT('',(-3.937060081652E-3,-2.499999999978E-1,
-2.805117588095E-1));
#928=LINE('',#927,#926);
#929=CARTESIAN_POINT('',(0.E0,-2.5E-1,-2.5E-1));
#930=DIRECTION('',(-1.E0,0.E0,0.E0));
#931=DIRECTION('',(0.E0,0.E0,-1.E0));
#932=AXIS2_PLACEMENT_3D('',#929,#930,#931);
#934=CARTESIAN_POINT('',(0.E0,-2.5E-1,-2.5E-1));
#935=DIRECTION('',(-1.E0,0.E0,0.E0));
#936=DIRECTION('',(0.E0,0.E0,1.E0));
#937=AXIS2_PLACEMENT_3D('',#934,#935,#936);
#939=CARTESIAN_POINT('',(0.E0,-2.5E-1,-2.5E-1));
#940=DIRECTION('',(-1.E0,0.E0,0.E0));
#941=DIRECTION('',(0.E0,0.E0,-1.E0));
#942=AXIS2_PLACEMENT_3D('',#939,#940,#941);
#944=CARTESIAN_POINT('',(0.E0,-2.5E-1,-2.5E-1));
#945=DIRECTION('',(1.E0,0.E0,0.E0));
#946=DIRECTION('',(0.E0,0.E0,-1.E0));
#947=AXIS2_PLACEMENT_3D('',#944,#945,#946);
#949=CARTESIAN_POINT('',(2.421256947276E-1,-2.5E-1,-2.5E-1));
#950=DIRECTION('',(-1.E0,0.E0,0.E0));
#951=DIRECTION('',(0.E0,0.E0,-1.E0));
#952=AXIS2_PLACEMENT_3D('',#949,#950,#951);
#954=DIRECTION('',(7.071083024511E-1,1.631604756214E-11,7.071052599187E-1));
#955=VECTOR('',#954,1.113553985963E-2);
#956=CARTESIAN_POINT('',(2.421259118763E-1,-2.500000000008E-1,
-2.685038646225E-1));
#957=LINE('',#956,#955);
#958=DIRECTION('',(7.071083024511E-1,-1.631604756214E-11,-7.071052599187E-1));
#959=VECTOR('',#958,1.113553985963E-2);
#960=CARTESIAN_POINT('',(2.421259118763E-1,-2.499999999992E-1,
-2.314961353775E-1));
#961=LINE('',#960,#959);
#962=CARTESIAN_POINT('',(2.421256947276E-1,-2.5E-1,-2.5E-1));
#963=DIRECTION('',(-1.E0,0.E0,0.E0));
#964=DIRECTION('',(0.E0,0.E0,1.E0));
#965=AXIS2_PLACEMENT_3D('',#962,#963,#964);
#967=DIRECTION('',(-1.E0,-3.206050656877E-12,2.989574128449E-7));
#968=VECTOR('',#967,2.421259118763E-1);
#969=CARTESIAN_POINT('',(2.421259118763E-1,-2.499999999992E-1,
-2.314961353775E-1));
#970=LINE('',#969,#968);
#971=DIRECTION('',(-1.E0,3.206279922513E-12,-2.989574131888E-7));
#972=VECTOR('',#971,2.421259118763E-1);
#973=CARTESIAN_POINT('',(2.421259118763E-1,-2.500000000008E-1,
-2.685038646225E-1));
#974=LINE('',#973,#972);
#975=CARTESIAN_POINT('',(2.5E-1,-2.5E-1,-2.5E-1));
#976=DIRECTION('',(-1.E0,0.E0,0.E0));
#977=DIRECTION('',(0.E0,0.E0,1.E0));
#978=AXIS2_PLACEMENT_3D('',#975,#976,#977);
#980=CARTESIAN_POINT('',(2.5E-1,-2.5E-1,-2.5E-1));
#981=DIRECTION('',(-1.E0,0.E0,0.E0));
#982=DIRECTION('',(0.E0,0.E0,-1.E0));
#983=AXIS2_PLACEMENT_3D('',#980,#981,#982);
#985=CARTESIAN_POINT('',(-6.889763779528E-3,-2.5E-1,2.5E-1));
#986=DIRECTION('',(-1.E0,0.E0,0.E0));
#987=DIRECTION('',(0.E0,1.E0,0.E0));
#988=AXIS2_PLACEMENT_3D('',#985,#986,#987);
#990=DIRECTION('',(-7.071067811866E-1,-7.071067811865E-1,8.546449971060E-9));
#991=VECTOR('',#990,9.743597215500E-3);
#992=CARTESIAN_POINT('',(-1.15297449E-10,-2.125984253121E-1,2.499999997855E-1));
#993=LINE('',#992,#991);
#994=DIRECTION('',(-9.999999998436E-1,-1.768349546876E-5,4.519528331921E-8));
#995=VECTOR('',#994,2.952703698337E-3);
#996=CARTESIAN_POINT('',(-3.937060081652E-3,-2.805117588095E-1,
2.499999999978E-1));
#997=LINE('',#996,#995);
#998=CARTESIAN_POINT('',(-3.937216718248E-3,-2.5E-1,2.5E-1));
#999=DIRECTION('',(-1.E0,0.E0,0.E0));
#1000=DIRECTION('',(0.E0,1.E0,0.E0));
#1001=AXIS2_PLACEMENT_3D('',#998,#999,#1000);
#1003=DIRECTION('',(-9.999999998436E-1,1.768349531836E-5,-4.519531151936E-8));
#1004=VECTOR('',#1003,2.952703698338E-3);
#1005=CARTESIAN_POINT('',(-3.937060081652E-3,-2.194882411905E-1,
2.500000000022E-1));
#1006=LINE('',#1005,#1004);
#1007=CARTESIAN_POINT('',(-3.937216718248E-3,-2.5E-1,2.5E-1));
#1008=DIRECTION('',(-1.E0,0.E0,0.E0));
#1009=DIRECTION('',(0.E0,-1.E0,0.E0));
#1010=AXIS2_PLACEMENT_3D('',#1007,#1008,#1009);
#1012=CARTESIAN_POINT('',(-6.889763779528E-3,-2.5E-1,2.5E-1));
#1013=DIRECTION('',(-1.E0,0.E0,0.E0));
#1014=DIRECTION('',(0.E0,-1.E0,0.E0));
#1015=AXIS2_PLACEMENT_3D('',#1012,#1013,#1014);
#1017=DIRECTION('',(-7.071067811865E-1,7.071067811866E-1,-8.546449971061E-9));
#1018=VECTOR('',#1017,9.743597215499E-3);
#1019=CARTESIAN_POINT('',(-1.152974543666E-10,-2.874015746879E-1,
2.500000002145E-1));
#1020=LINE('',#1019,#1018);
#1021=DIRECTION('',(7.071052687105E-1,7.071082936594E-1,-6.336488863583E-11));
#1022=VECTOR('',#1021,5.567769931355E-3);
#1023=CARTESIAN_POINT('',(-3.937060081652E-3,-2.805117588095E-1,
2.499999999978E-1));
#1024=LINE('',#1023,#1022);
#1025=DIRECTION('',(7.071052687105E-1,-7.071082936593E-1,6.334993350517E-11));
#1026=VECTOR('',#1025,5.567769931355E-3);
#1027=CARTESIAN_POINT('',(-3.937060081652E-3,-2.194882411905E-1,
2.500000000022E-1));
#1028=LINE('',#1027,#1026);
#1029=CARTESIAN_POINT('',(0.E0,-2.5E-1,2.5E-1));
#1030=DIRECTION('',(-1.E0,0.E0,0.E0));
#1031=DIRECTION('',(0.E0,-1.E0,0.E0));
#1032=AXIS2_PLACEMENT_3D('',#1029,#1030,#1031);
#1034=CARTESIAN_POINT('',(0.E0,-2.5E-1,2.5E-1));
#1035=DIRECTION('',(-1.E0,0.E0,0.E0));
#1036=DIRECTION('',(0.E0,1.E0,0.E0));
#1037=AXIS2_PLACEMENT_3D('',#1034,#1035,#1036);
#1039=CARTESIAN_POINT('',(0.E0,-2.5E-1,2.5E-1));
#1040=DIRECTION('',(-1.E0,0.E0,0.E0));
#1041=DIRECTION('',(0.E0,-1.E0,0.E0));
#1042=AXIS2_PLACEMENT_3D('',#1039,#1040,#1041);
#1044=CARTESIAN_POINT('',(0.E0,-2.5E-1,2.5E-1));
#1045=DIRECTION('',(1.E0,0.E0,0.E0));
#1046=DIRECTION('',(0.E0,-1.E0,0.E0));
#1047=AXIS2_PLACEMENT_3D('',#1044,#1045,#1046);
#1049=CARTESIAN_POINT('',(2.421256947276E-1,-2.5E-1,2.5E-1));
#1050=DIRECTION('',(-1.E0,0.E0,0.E0));
#1051=DIRECTION('',(0.E0,-1.E0,0.E0));
#1052=AXIS2_PLACEMENT_3D('',#1049,#1050,#1051);
#1054=DIRECTION('',(7.071083024511E-1,7.071052599187E-1,-1.631604756214E-11));
#1055=VECTOR('',#1054,1.113553985963E-2);
#1056=CARTESIAN_POINT('',(2.421259118763E-1,-2.685038646225E-1,
2.500000000008E-1));
#1057=LINE('',#1056,#1055);
#1058=DIRECTION('',(7.071083024511E-1,-7.071052599187E-1,1.631604756214E-11));
#1059=VECTOR('',#1058,1.113553985963E-2);
#1060=CARTESIAN_POINT('',(2.421259118763E-1,-2.314961353775E-1,
2.499999999992E-1));
#1061=LINE('',#1060,#1059);
#1062=CARTESIAN_POINT('',(2.421256947276E-1,-2.5E-1,2.5E-1));
#1063=DIRECTION('',(-1.E0,0.E0,0.E0));
#1064=DIRECTION('',(0.E0,1.E0,0.E0));
#1065=AXIS2_PLACEMENT_3D('',#1062,#1063,#1064);
#1067=DIRECTION('',(-1.E0,2.989574128449E-7,3.206050656877E-12));
#1068=VECTOR('',#1067,2.421259118763E-1);
#1069=CARTESIAN_POINT('',(2.421259118763E-1,-2.314961353775E-1,
2.499999999992E-1));
#1070=LINE('',#1069,#1068);
#1071=DIRECTION('',(-1.E0,-2.989574131888E-7,-3.206279922513E-12));
#1072=VECTOR('',#1071,2.421259118763E-1);
#1073=CARTESIAN_POINT('',(2.421259118763E-1,-2.685038646225E-1,
2.500000000008E-1));
#1074=LINE('',#1073,#1072);
#1075=CARTESIAN_POINT('',(2.5E-1,-2.5E-1,2.5E-1));
#1076=DIRECTION('',(-1.E0,0.E0,0.E0));
#1077=DIRECTION('',(0.E0,1.E0,0.E0));
#1078=AXIS2_PLACEMENT_3D('',#1075,#1076,#1077);
#1080=CARTESIAN_POINT('',(2.5E-1,-2.5E-1,2.5E-1));
#1081=DIRECTION('',(-1.E0,0.E0,0.E0));
#1082=DIRECTION('',(0.E0,-1.E0,0.E0));
#1083=AXIS2_PLACEMENT_3D('',#1080,#1081,#1082);
#1085=DIRECTION('',(-7.071067811865E-1,7.071067811865E-1,9.738704853744E-10));
#1086=VECTOR('',#1085,1.113553984696E-2);
#1087=CARTESIAN_POINT('',(-3.400945300381E-11,-1.279527558715E-1,
-3.661795300200E-11));
#1088=LINE('',#1087,#1086);
#1089=DIRECTION('',(-7.071067811865E-1,-7.071067811865E-1,-9.738667776217E-10));
#1090=VECTOR('',#1089,1.113553984696E-2);
#1091=CARTESIAN_POINT('',(-3.400938704620E-11,1.279527558715E-1,
3.661788888554E-11));
#1092=LINE('',#1091,#1090);
#1093=CARTESIAN_POINT('',(-1.102362204724E-2,0.E0,0.E0));
#1094=DIRECTION('',(-1.E0,0.E0,0.E0));
#1095=DIRECTION('',(0.E0,1.E0,0.E0));
#1096=AXIS2_PLACEMENT_3D('',#1093,#1094,#1095);
#1098=CARTESIAN_POINT('',(-7.874015748031E-3,0.E0,0.E0));
#1099=DIRECTION('',(-1.E0,0.E0,0.E0));
#1100=DIRECTION('',(0.E0,1.E0,0.E0));
#1101=AXIS2_PLACEMENT_3D('',#1098,#1099,#1100);
#1103=CARTESIAN_POINT('',(-1.102362204724E-2,0.E0,0.E0));
#1104=DIRECTION('',(-1.E0,0.E0,0.E0));
#1105=DIRECTION('',(0.E0,1.E0,0.E0));
#1106=AXIS2_PLACEMENT_3D('',#1103,#1104,#1105);
#1108=CARTESIAN_POINT('',(-1.102362204724E-2,0.E0,0.E0));
#1109=DIRECTION('',(-1.E0,0.E0,0.E0));
#1110=DIRECTION('',(0.E0,-1.E0,0.E0));
#1111=AXIS2_PLACEMENT_3D('',#1108,#1109,#1110);
#1113=CARTESIAN_POINT('',(-1.102362204724E-2,0.E0,0.E0));
#1114=DIRECTION('',(-1.E0,0.E0,0.E0));
#1115=DIRECTION('',(0.E0,-1.E0,0.E0));
#1116=AXIS2_PLACEMENT_3D('',#1113,#1114,#1115);
#1118=DIRECTION('',(1.E0,7.600126974458E-9,-8.183048023703E-9));
#1119=VECTOR('',#1118,3.149606275275E-3);
#1120=CARTESIAN_POINT('',(-1.102362204724E-2,-1.200787401575E-1,0.E0));
#1121=LINE('',#1120,#1119);
#1122=CARTESIAN_POINT('',(-7.874015748032E-3,0.E0,0.E0));
#1123=DIRECTION('',(-1.E0,0.E0,0.E0));
#1124=DIRECTION('',(0.E0,-1.E0,0.E0));
#1125=AXIS2_PLACEMENT_3D('',#1122,#1123,#1124);
#1127=DIRECTION('',(1.E0,-7.600122568260E-9,8.183040775613E-9));
#1128=VECTOR('',#1127,3.149606275275E-3);
#1129=CARTESIAN_POINT('',(-1.102362204724E-2,1.200787401575E-1,0.E0));
#1130=LINE('',#1129,#1128);
#1131=CARTESIAN_POINT('',(2.421259842520E-1,0.E0,0.E0));
#1132=DIRECTION('',(-1.E0,0.E0,0.E0));
#1133=DIRECTION('',(0.E0,1.E0,0.E0));
#1134=AXIS2_PLACEMENT_3D('',#1131,#1132,#1133);
#1136=DIRECTION('',(-1.E0,0.E0,0.E0));
#1137=VECTOR('',#1136,2.531496062992E-1);
#1138=CARTESIAN_POINT('',(2.421259842520E-1,1.850393700787E-2,0.E0));
#1139=LINE('',#1138,#1137);
#1140=CARTESIAN_POINT('',(2.421259842520E-1,0.E0,0.E0));
#1141=DIRECTION('',(1.E0,0.E0,0.E0));
#1142=DIRECTION('',(0.E0,1.E0,0.E0));
#1143=AXIS2_PLACEMENT_3D('',#1140,#1141,#1142);
#1145=DIRECTION('',(-1.E0,0.E0,0.E0));
#1146=VECTOR('',#1145,2.531496062992E-1);
#1147=CARTESIAN_POINT('',(2.421259842520E-1,-1.850393700787E-2,0.E0));
#1148=LINE('',#1147,#1146);
#1149=DIRECTION('',(-7.071067811865E-1,7.071067811865E-1,0.E0));
#1150=VECTOR('',#1149,1.113553986121E-2);
#1151=CARTESIAN_POINT('',(2.5E-1,1.062992125984E-2,0.E0));
#1152=LINE('',#1151,#1150);
#1153=CARTESIAN_POINT('',(2.5E-1,0.E0,0.E0));
#1154=DIRECTION('',(1.E0,0.E0,0.E0));
#1155=DIRECTION('',(0.E0,1.E0,0.E0));
#1156=AXIS2_PLACEMENT_3D('',#1153,#1154,#1155);
#1158=DIRECTION('',(-7.071067811865E-1,-7.071067811865E-1,0.E0));
#1159=VECTOR('',#1158,1.113553986121E-2);
#1160=CARTESIAN_POINT('',(2.5E-1,-1.062992125984E-2,0.E0));
#1161=LINE('',#1160,#1159);
#1162=CARTESIAN_POINT('',(2.5E-1,0.E0,0.E0));
#1163=DIRECTION('',(-1.E0,0.E0,0.E0));
#1164=DIRECTION('',(0.E0,1.E0,0.E0));
#1165=AXIS2_PLACEMENT_3D('',#1162,#1163,#1164);
#1167=DIRECTION('',(7.071067811865E-1,7.071067811866E-1,-7.858387813815E-9));
#1168=VECTOR('',#1167,1.113553979470E-2);
#1169=CARTESIAN_POINT('',(-9.291338571147E-2,-2.874015746879E-1,
2.500000002145E-1));
#1170=LINE('',#1169,#1168);
#1171=DIRECTION('',(7.071067811865E-1,-7.071067811865E-1,7.858392798859E-9));
#1172=VECTOR('',#1171,1.113553979470E-2);
#1173=CARTESIAN_POINT('',(-9.291338571147E-2,-2.125984253121E-1,
2.499999997855E-1));
#1174=LINE('',#1173,#1172);
#1175=CARTESIAN_POINT('',(-5.708641478516E-2,-2.5E-1,2.5E-1));
#1176=DIRECTION('',(1.E0,0.E0,0.E0));
#1177=DIRECTION('',(0.E0,1.E0,0.E0));
#1178=AXIS2_PLACEMENT_3D('',#1175,#1176,#1177);
#1180=DIRECTION('',(-1.E0,-2.442262218831E-9,-4.471783582300E-9));
#1181=VECTOR('',#1180,2.795295522532E-2);
#1182=CARTESIAN_POINT('',(-5.708641478516E-2,-2.204724409449E-1,
2.499999999980E-1));
#1183=LINE('',#1182,#1181);
#1184=CARTESIAN_POINT('',(-8.503937007874E-2,-2.5E-1,2.5E-1));
#1185=DIRECTION('',(1.E0,0.E0,0.E0));
#1186=DIRECTION('',(0.E0,1.E0,0.E0));
#1187=AXIS2_PLACEMENT_3D('',#1184,#1185,#1186);
#1189=DIRECTION('',(7.071258792812E-1,-7.070876825761E-1,4.855186522332E-11));
#1190=VECTOR('',#1189,2.784025961235E-3);
#1191=CARTESIAN_POINT('',(-5.905507159094E-2,-2.775590085900E-1,
2.500000000019E-1));
#1192=LINE('',#1191,#1190);
#1193=DIRECTION('',(7.071258792813E-1,7.070876825760E-1,-4.856183480549E-11));
#1194=VECTOR('',#1193,2.784025961236E-3);
#1195=CARTESIAN_POINT('',(-5.905507159094E-2,-2.224409914100E-1,
2.499999999981E-1));
#1196=LINE('',#1195,#1194);
#1197=CARTESIAN_POINT('',(-5.708641478516E-2,-2.5E-1,2.5E-1));
#1198=DIRECTION('',(1.E0,0.E0,0.E0));
#1199=DIRECTION('',(0.E0,-1.E0,0.E0));
#1200=AXIS2_PLACEMENT_3D('',#1197,#1198,#1199);
#1202=DIRECTION('',(-1.E0,2.442246331809E-9,4.471785568178E-9));
#1203=VECTOR('',#1202,2.795295522531E-2);
#1204=CARTESIAN_POINT('',(-5.708641478516E-2,-2.795275590551E-1,
2.500000000020E-1));
#1205=LINE('',#1204,#1203);
#1206=CARTESIAN_POINT('',(-8.503937007874E-2,-2.5E-1,2.5E-1));
#1207=DIRECTION('',(1.E0,0.E0,0.E0));
#1208=DIRECTION('',(0.E0,-1.E0,0.E0));
#1209=AXIS2_PLACEMENT_3D('',#1206,#1207,#1208);
#1211=CARTESIAN_POINT('',(-7.480291669938E-2,-2.5E-1,2.5E-1));
#1212=DIRECTION('',(-1.E0,0.E0,0.E0));
#1213=DIRECTION('',(0.E0,1.E0,0.E0));
#1214=AXIS2_PLACEMENT_3D('',#1211,#1212,#1213);
#1216=DIRECTION('',(-9.999999999997E-1,7.430204114024E-7,-3.344130237949E-11));
#1217=VECTOR('',#1216,1.574801979165E-2);
#1218=CARTESIAN_POINT('',(-5.905507159094E-2,-2.775590085900E-1,
2.500000000019E-1));
#1219=LINE('',#1218,#1217);
#1220=CARTESIAN_POINT('',(-5.905493201470E-2,-2.5E-1,2.5E-1));
#1221=DIRECTION('',(-1.E0,0.E0,0.E0));
#1222=DIRECTION('',(0.E0,1.E0,0.E0));
#1223=AXIS2_PLACEMENT_3D('',#1220,#1221,#1222);
#1225=DIRECTION('',(-9.999999999997E-1,-7.430204114024E-7,3.343953989913E-11));
#1226=VECTOR('',#1225,1.574801979165E-2);
#1227=CARTESIAN_POINT('',(-5.905507159094E-2,-2.224409914100E-1,
2.499999999981E-1));
#1228=LINE('',#1227,#1226);
#1229=DIRECTION('',(7.071070301811E-1,7.071065321919E-1,-5.842471048106E-12));
#1230=VECTOR('',#1229,1.113553986102E-2);
#1231=CARTESIAN_POINT('',(-8.267710990318E-2,-2.303150160864E-1,
2.499999999987E-1));
#1232=LINE('',#1231,#1230);
#1233=CARTESIAN_POINT('',(-8.267716535433E-2,-2.5E-1,2.5E-1));
#1234=DIRECTION('',(-1.E0,0.E0,0.E0));
#1235=DIRECTION('',(0.E0,-1.E0,0.E0));
#1236=AXIS2_PLACEMENT_3D('',#1233,#1234,#1235);
#1238=CARTESIAN_POINT('',(-8.267716535433E-2,-2.5E-1,2.5E-1));
#1239=DIRECTION('',(-1.E0,0.E0,0.E0));
#1240=DIRECTION('',(0.E0,1.E0,0.E0));
#1241=AXIS2_PLACEMENT_3D('',#1238,#1239,#1240);
#1243=DIRECTION('',(7.071070301811E-1,-7.071065321919E-1,5.842471048106E-12));
#1244=VECTOR('',#1243,1.113553986102E-2);
#1245=CARTESIAN_POINT('',(-8.267710990318E-2,-2.696849839136E-1,
2.500000000013E-1));
#1246=LINE('',#1245,#1244);
#1247=CARTESIAN_POINT('',(-7.480291669938E-2,-2.5E-1,2.5E-1));
#1248=DIRECTION('',(-1.E0,0.E0,0.E0));
#1249=DIRECTION('',(0.E0,-1.E0,0.E0));
#1250=AXIS2_PLACEMENT_3D('',#1247,#1248,#1249);
#1252=CARTESIAN_POINT('',(-5.905493201470E-2,-2.5E-1,2.5E-1));
#1253=DIRECTION('',(-1.E0,0.E0,0.E0));
#1254=DIRECTION('',(0.E0,-1.E0,0.E0));
#1255=AXIS2_PLACEMENT_3D('',#1252,#1253,#1254);
#1257=DIRECTION('',(7.071067811865E-1,7.071067811866E-1,-7.858387813815E-9));
#1258=VECTOR('',#1257,1.113553979470E-2);
#1259=CARTESIAN_POINT('',(-9.291338571147E-2,2.125984253121E-1,
2.500000002145E-1));
#1260=LINE('',#1259,#1258);
#1261=DIRECTION('',(7.071067811865E-1,-7.071067811865E-1,7.858392798859E-9));
#1262=VECTOR('',#1261,1.113553979470E-2);
#1263=CARTESIAN_POINT('',(-9.291338571147E-2,2.874015746879E-1,
2.499999997855E-1));
#1264=LINE('',#1263,#1262);
#1265=CARTESIAN_POINT('',(-5.708641478516E-2,2.5E-1,2.5E-1));
#1266=DIRECTION('',(1.E0,0.E0,0.E0));
#1267=DIRECTION('',(0.E0,1.373201478453E-10,1.E0));
#1268=AXIS2_PLACEMENT_3D('',#1265,#1266,#1267);
#1270=CARTESIAN_POINT('',(-5.708641478516E-2,2.5E-1,2.5E-1));
#1271=DIRECTION('',(1.E0,0.E0,0.E0));
#1272=DIRECTION('',(0.E0,1.E0,0.E0));
#1273=AXIS2_PLACEMENT_3D('',#1270,#1271,#1272);
#1275=DIRECTION('',(-1.E0,-2.442252289443E-9,-4.544309822827E-9));
#1276=VECTOR('',#1275,2.795295522532E-2);
#1277=CARTESIAN_POINT('',(-5.708641478516E-2,2.795275590551E-1,2.5E-1));
#1278=LINE('',#1277,#1276);
#1279=CARTESIAN_POINT('',(-8.503937007874E-2,2.5E-1,2.5E-1));
#1280=DIRECTION('',(1.E0,0.E0,0.E0));
#1281=DIRECTION('',(0.E0,1.E0,0.E0));
#1282=AXIS2_PLACEMENT_3D('',#1279,#1280,#1281);
#1284=DIRECTION('',(7.071258792812E-1,-7.767700260797E-10,-7.070876825760E-1));
#1285=VECTOR('',#1284,2.784025961236E-3);
#1286=CARTESIAN_POINT('',(-5.905507159094E-2,2.499999999981E-1,
2.224409914100E-1));
#1287=LINE('',#1286,#1285);
#1288=CARTESIAN_POINT('',(-5.708641478516E-2,2.5E-1,2.5E-1));
#1289=DIRECTION('',(1.E0,0.E0,0.E0));
#1290=DIRECTION('',(0.E0,-1.E0,0.E0));
#1291=AXIS2_PLACEMENT_3D('',#1288,#1289,#1290);
#1293=DIRECTION('',(-1.E0,2.442254275320E-9,4.544311808705E-9));
#1294=VECTOR('',#1293,2.795295522532E-2);
#1295=CARTESIAN_POINT('',(-5.708641478516E-2,2.204724409449E-1,2.5E-1));
#1296=LINE('',#1295,#1294);
#1297=CARTESIAN_POINT('',(-8.503937007874E-2,2.5E-1,2.5E-1));
#1298=DIRECTION('',(1.E0,0.E0,0.E0));
#1299=DIRECTION('',(0.E0,-1.E0,0.E0));
#1300=AXIS2_PLACEMENT_3D('',#1297,#1298,#1299);
#1302=CARTESIAN_POINT('',(-5.708641478516E-2,2.5E-1,2.5E-1));
#1303=DIRECTION('',(1.E0,0.E0,0.E0));
#1304=DIRECTION('',(0.E0,-1.373192078565E-10,-1.E0));
#1305=AXIS2_PLACEMENT_3D('',#1302,#1303,#1304);
#1307=DIRECTION('',(7.071258792812E-1,7.767500869158E-10,7.070876825760E-1));
#1308=VECTOR('',#1307,2.784025961235E-3);
#1309=CARTESIAN_POINT('',(-5.905507159094E-2,2.500000000019E-1,
2.775590085900E-1));
#1310=LINE('',#1309,#1308);
#1311=CARTESIAN_POINT('',(-7.480291669938E-2,2.5E-1,2.5E-1));
#1312=DIRECTION('',(-1.E0,0.E0,0.E0));
#1313=DIRECTION('',(0.E0,0.E0,1.E0));
#1314=AXIS2_PLACEMENT_3D('',#1311,#1312,#1313);
#1316=CARTESIAN_POINT('',(-5.905493201470E-2,2.5E-1,2.5E-1));
#1317=DIRECTION('',(-1.E0,0.E0,0.E0));
#1318=DIRECTION('',(0.E0,0.E0,1.E0));
#1319=AXIS2_PLACEMENT_3D('',#1316,#1317,#1318);
#1321=DIRECTION('',(7.071070301811E-1,5.842471048106E-12,7.071065321919E-1));
#1322=VECTOR('',#1321,1.113553986102E-2);
#1323=CARTESIAN_POINT('',(-8.267710990318E-2,2.500000000013E-1,
2.696849839136E-1));
#1324=LINE('',#1323,#1322);
#1325=CARTESIAN_POINT('',(-8.267716535433E-2,2.5E-1,2.5E-1));
#1326=DIRECTION('',(-1.E0,0.E0,0.E0));
#1327=DIRECTION('',(0.E0,0.E0,1.E0));
#1328=AXIS2_PLACEMENT_3D('',#1325,#1326,#1327);
#1330=CARTESIAN_POINT('',(-8.267716535433E-2,2.5E-1,2.5E-1));
#1331=DIRECTION('',(-1.E0,0.E0,0.E0));
#1332=DIRECTION('',(0.E0,0.E0,-1.E0));
#1333=AXIS2_PLACEMENT_3D('',#1330,#1331,#1332);
#1335=DIRECTION('',(7.071070301811E-1,-5.842471048106E-12,-7.071065321919E-1));
#1336=VECTOR('',#1335,1.113553986102E-2);
#1337=CARTESIAN_POINT('',(-8.267710990318E-2,2.499999999987E-1,
2.303150160864E-1));
#1338=LINE('',#1337,#1336);
#1339=CARTESIAN_POINT('',(-7.480291669938E-2,2.5E-1,2.5E-1));
#1340=DIRECTION('',(-1.E0,0.E0,0.E0));
#1341=DIRECTION('',(0.E0,0.E0,-1.E0));
#1342=AXIS2_PLACEMENT_3D('',#1339,#1340,#1341);
#1344=DIRECTION('',(-9.999999999997E-1,-3.344130237949E-11,-7.430204078775E-7));
#1345=VECTOR('',#1344,1.574801979165E-2);
#1346=CARTESIAN_POINT('',(-5.905507159094E-2,2.500000000019E-1,
2.775590085900E-1));
#1347=LINE('',#1346,#1345);
#1348=CARTESIAN_POINT('',(-5.905493201470E-2,2.5E-1,2.5E-1));
#1349=DIRECTION('',(-1.E0,0.E0,0.E0));
#1350=DIRECTION('',(0.E0,0.E0,-1.E0));
#1351=AXIS2_PLACEMENT_3D('',#1348,#1349,#1350);
#1353=DIRECTION('',(-9.999999999997E-1,3.344130237949E-11,7.430204149274E-7));
#1354=VECTOR('',#1353,1.574801979165E-2);
#1355=CARTESIAN_POINT('',(-5.905507159094E-2,2.499999999981E-1,
2.224409914100E-1));
#1356=LINE('',#1355,#1354);
#1357=DIRECTION('',(7.071067811865E-1,7.071067811865E-1,-7.858392798859E-9));
#1358=VECTOR('',#1357,1.113553979470E-2);
#1359=CARTESIAN_POINT('',(-9.291338571147E-2,2.125984253121E-1,
-2.499999997855E-1));
#1360=LINE('',#1359,#1358);
#1361=DIRECTION('',(7.071067811866E-1,-7.071067811865E-1,7.858387813815E-9));
#1362=VECTOR('',#1361,1.113553979470E-2);
#1363=CARTESIAN_POINT('',(-9.291338571147E-2,2.874015746879E-1,
-2.500000002145E-1));
#1364=LINE('',#1363,#1362);
#1365=CARTESIAN_POINT('',(-5.708641478516E-2,2.5E-1,-2.5E-1));
#1366=DIRECTION('',(1.E0,0.E0,0.E0));
#1367=DIRECTION('',(0.E0,1.E0,0.E0));
#1368=AXIS2_PLACEMENT_3D('',#1365,#1366,#1367);
#1370=DIRECTION('',(-1.E0,-2.442252289443E-9,-4.471783582300E-9));
#1371=VECTOR('',#1370,2.795295522531E-2);
#1372=CARTESIAN_POINT('',(-5.708641478516E-2,2.795275590551E-1,
-2.500000000020E-1));
#1373=LINE('',#1372,#1371);
#1374=CARTESIAN_POINT('',(-8.503937007874E-2,2.5E-1,-2.5E-1));
#1375=DIRECTION('',(1.E0,0.E0,0.E0));
#1376=DIRECTION('',(0.E0,1.E0,0.E0));
#1377=AXIS2_PLACEMENT_3D('',#1374,#1375,#1376);
#1379=DIRECTION('',(7.071258792812E-1,-7.070876825760E-1,4.856183480548E-11));
#1380=VECTOR('',#1379,2.784025961236E-3);
#1381=CARTESIAN_POINT('',(-5.905507159094E-2,2.224409914100E-1,
-2.499999999981E-1));
#1382=LINE('',#1381,#1380);
#1383=DIRECTION('',(7.071258792812E-1,7.070876825760E-1,-4.855186522333E-11));
#1384=VECTOR('',#1383,2.784025961235E-3);
#1385=CARTESIAN_POINT('',(-5.905507159094E-2,2.775590085900E-1,
-2.500000000019E-1));
#1386=LINE('',#1385,#1384);
#1387=CARTESIAN_POINT('',(-5.708641478516E-2,2.5E-1,-2.5E-1));
#1388=DIRECTION('',(1.E0,0.E0,0.E0));
#1389=DIRECTION('',(0.E0,-1.E0,0.E0));
#1390=AXIS2_PLACEMENT_3D('',#1387,#1388,#1389);
#1392=DIRECTION('',(-1.E0,2.442253282381E-9,4.471783582300E-9));
#1393=VECTOR('',#1392,2.795295522532E-2);
#1394=CARTESIAN_POINT('',(-5.708641478516E-2,2.204724409449E-1,
-2.499999999980E-1));
#1395=LINE('',#1394,#1393);
#1396=CARTESIAN_POINT('',(-8.503937007874E-2,2.5E-1,-2.5E-1));
#1397=DIRECTION('',(1.E0,0.E0,0.E0));
#1398=DIRECTION('',(0.E0,-1.E0,0.E0));
#1399=AXIS2_PLACEMENT_3D('',#1396,#1397,#1398);
#1401=CARTESIAN_POINT('',(-7.480291669938E-2,2.5E-1,-2.5E-1));
#1402=DIRECTION('',(-1.E0,0.E0,0.E0));
#1403=DIRECTION('',(0.E0,1.E0,0.E0));
#1404=AXIS2_PLACEMENT_3D('',#1401,#1402,#1403);
#1406=CARTESIAN_POINT('',(-5.905493201470E-2,2.5E-1,-2.5E-1));
#1407=DIRECTION('',(-1.E0,0.E0,0.E0));
#1408=DIRECTION('',(0.E0,1.E0,0.E0));
#1409=AXIS2_PLACEMENT_3D('',#1406,#1407,#1408);
#1411=DIRECTION('',(7.071070301811E-1,7.071065321919E-1,-5.842471048106E-12));
#1412=VECTOR('',#1411,1.113553986102E-2);
#1413=CARTESIAN_POINT('',(-8.267710990318E-2,2.696849839136E-1,
-2.500000000013E-1));
#1414=LINE('',#1413,#1412);
#1415=CARTESIAN_POINT('',(-8.267716535433E-2,2.5E-1,-2.5E-1));
#1416=DIRECTION('',(-1.E0,0.E0,0.E0));
#1417=DIRECTION('',(0.E0,1.E0,0.E0));
#1418=AXIS2_PLACEMENT_3D('',#1415,#1416,#1417);
#1420=CARTESIAN_POINT('',(-8.267716535433E-2,2.5E-1,-2.5E-1));
#1421=DIRECTION('',(-1.E0,0.E0,0.E0));
#1422=DIRECTION('',(0.E0,-1.E0,0.E0));
#1423=AXIS2_PLACEMENT_3D('',#1420,#1421,#1422);
#1425=DIRECTION('',(7.071070301811E-1,-7.071065321919E-1,5.837486004549E-12));
#1426=VECTOR('',#1425,1.113553986102E-2);
#1427=CARTESIAN_POINT('',(-8.267710990318E-2,2.303150160864E-1,
-2.499999999987E-1));
#1428=LINE('',#1427,#1426);
#1429=CARTESIAN_POINT('',(-7.480291669938E-2,2.5E-1,-2.5E-1));
#1430=DIRECTION('',(-1.E0,0.E0,0.E0));
#1431=DIRECTION('',(0.E0,-1.E0,0.E0));
#1432=AXIS2_PLACEMENT_3D('',#1429,#1430,#1431);
#1434=DIRECTION('',(-9.999999999997E-1,-7.430204078775E-7,3.344130237949E-11));
#1435=VECTOR('',#1434,1.574801979165E-2);
#1436=CARTESIAN_POINT('',(-5.905507159094E-2,2.775590085900E-1,
-2.500000000019E-1));
#1437=LINE('',#1436,#1435);
#1438=CARTESIAN_POINT('',(-5.905493201470E-2,2.5E-1,-2.5E-1));
#1439=DIRECTION('',(-1.E0,0.E0,0.E0));
#1440=DIRECTION('',(0.E0,-1.E0,0.E0));
#1441=AXIS2_PLACEMENT_3D('',#1438,#1439,#1440);
#1443=DIRECTION('',(-9.999999999997E-1,7.430204149274E-7,-3.343953989913E-11));
#1444=VECTOR('',#1443,1.574801979165E-2);
#1445=CARTESIAN_POINT('',(-5.905507159094E-2,2.224409914100E-1,
-2.499999999981E-1));
#1446=LINE('',#1445,#1444);
#1447=DIRECTION('',(7.071067811865E-1,7.071067811866E-1,-7.858392798859E-9));
#1448=VECTOR('',#1447,1.113553979470E-2);
#1449=CARTESIAN_POINT('',(-9.291338571147E-2,-2.874015746879E-1,
-2.499999997855E-1));
#1450=LINE('',#1449,#1448);
#1451=DIRECTION('',(7.071067811865E-1,-7.071067811865E-1,7.858387813815E-9));
#1452=VECTOR('',#1451,1.113553979470E-2);
#1453=CARTESIAN_POINT('',(-9.291338571147E-2,-2.125984253121E-1,
-2.500000002145E-1));
#1454=LINE('',#1453,#1452);
#1455=CARTESIAN_POINT('',(-5.708641478516E-2,-2.5E-1,-2.5E-1));
#1456=DIRECTION('',(1.E0,0.E0,0.E0));
#1457=DIRECTION('',(0.E0,1.E0,0.E0));
#1458=AXIS2_PLACEMENT_3D('',#1455,#1456,#1457);
#1460=DIRECTION('',(-1.E0,-2.442254275320E-9,-4.544315780461E-9));
#1461=VECTOR('',#1460,2.795295522532E-2);
#1462=CARTESIAN_POINT('',(-5.708641478516E-2,-2.204724409449E-1,-2.5E-1));
#1463=LINE('',#1462,#1461);
#1464=CARTESIAN_POINT('',(-8.503937007874E-2,-2.5E-1,-2.5E-1));
#1465=DIRECTION('',(1.E0,0.E0,0.E0));
#1466=DIRECTION('',(0.E0,1.E0,0.E0));
#1467=AXIS2_PLACEMENT_3D('',#1464,#1465,#1466);
#1469=CARTESIAN_POINT('',(-5.708641478516E-2,-2.5E-1,-2.5E-1));
#1470=DIRECTION('',(1.E0,0.E0,0.E0));
#1471=DIRECTION('',(0.E0,1.373192078565E-10,1.E0));
#1472=AXIS2_PLACEMENT_3D('',#1469,#1470,#1471);
#1474=DIRECTION('',(7.071258792813E-1,7.767799956619E-10,7.070876825760E-1));
#1475=VECTOR('',#1474,2.784025961236E-3);
#1476=CARTESIAN_POINT('',(-5.905507159094E-2,-2.499999999981E-1,
-2.224409914100E-1));
#1477=LINE('',#1476,#1475);
#1478=DIRECTION('',(7.071258792812E-1,-7.767500869157E-10,-7.070876825760E-1));
#1479=VECTOR('',#1478,2.784025961235E-3);
#1480=CARTESIAN_POINT('',(-5.905507159094E-2,-2.500000000019E-1,
-2.775590085900E-1));
#1481=LINE('',#1480,#1479);
#1482=CARTESIAN_POINT('',(-5.708641478516E-2,-2.5E-1,-2.5E-1));
#1483=DIRECTION('',(1.E0,0.E0,0.E0));
#1484=DIRECTION('',(0.E0,-1.373201478453E-10,-1.E0));
#1485=AXIS2_PLACEMENT_3D('',#1482,#1483,#1484);
#1487=CARTESIAN_POINT('',(-5.708641478516E-2,-2.5E-1,-2.5E-1));
#1488=DIRECTION('',(1.E0,0.E0,0.E0));
#1489=DIRECTION('',(0.E0,-1.E0,0.E0));
#1490=AXIS2_PLACEMENT_3D('',#1487,#1488,#1489);
#1492=DIRECTION('',(-1.E0,2.442254275320E-9,4.544304858133E-9));
#1493=VECTOR('',#1492,2.795295522532E-2);
#1494=CARTESIAN_POINT('',(-5.708641478516E-2,-2.795275590551E-1,-2.5E-1));
#1495=LINE('',#1494,#1493);
#1496=CARTESIAN_POINT('',(-8.503937007874E-2,-2.5E-1,-2.5E-1));
#1497=DIRECTION('',(1.E0,0.E0,0.E0));
#1498=DIRECTION('',(0.E0,-1.E0,0.E0));
#1499=AXIS2_PLACEMENT_3D('',#1496,#1497,#1498);
#1501=CARTESIAN_POINT('',(-7.480291669938E-2,-2.5E-1,-2.5E-1));
#1502=DIRECTION('',(-1.E0,0.E0,0.E0));
#1503=DIRECTION('',(0.E0,0.E0,-1.E0));
#1504=AXIS2_PLACEMENT_3D('',#1501,#1502,#1503);
#1506=CARTESIAN_POINT('',(-5.905493201470E-2,-2.5E-1,-2.5E-1));
#1507=DIRECTION('',(-1.E0,0.E0,0.E0));
#1508=DIRECTION('',(0.E0,0.E0,-1.E0));
#1509=AXIS2_PLACEMENT_3D('',#1506,#1507,#1508);
#1511=DIRECTION('',(7.071070301811E-1,-5.842471048106E-12,-7.071065321919E-1));
#1512=VECTOR('',#1511,1.113553986102E-2);
#1513=CARTESIAN_POINT('',(-8.267710990318E-2,-2.500000000013E-1,
-2.696849839136E-1));
#1514=LINE('',#1513,#1512);
#1515=CARTESIAN_POINT('',(-8.267716535433E-2,-2.5E-1,-2.5E-1));
#1516=DIRECTION('',(-1.E0,0.E0,0.E0));
#1517=DIRECTION('',(0.E0,0.E0,-1.E0));
#1518=AXIS2_PLACEMENT_3D('',#1515,#1516,#1517);
#1520=CARTESIAN_POINT('',(-8.267716535433E-2,-2.5E-1,-2.5E-1));
#1521=DIRECTION('',(-1.E0,0.E0,0.E0));
#1522=DIRECTION('',(0.E0,0.E0,1.E0));
#1523=AXIS2_PLACEMENT_3D('',#1520,#1521,#1522);
#1525=DIRECTION('',(7.071070301811E-1,5.837486004549E-12,7.071065321919E-1));
#1526=VECTOR('',#1525,1.113553986102E-2);
#1527=CARTESIAN_POINT('',(-8.267710990318E-2,-2.499999999987E-1,
-2.303150160864E-1));
#1528=LINE('',#1527,#1526);
#1529=CARTESIAN_POINT('',(-7.480291669938E-2,-2.5E-1,-2.5E-1));
#1530=DIRECTION('',(-1.E0,0.E0,0.E0));
#1531=DIRECTION('',(0.E0,0.E0,1.E0));
#1532=AXIS2_PLACEMENT_3D('',#1529,#1530,#1531);
#1534=DIRECTION('',(-9.999999999997E-1,3.344130237949E-11,7.430204114024E-7));
#1535=VECTOR('',#1534,1.574801979165E-2);
#1536=CARTESIAN_POINT('',(-5.905507159094E-2,-2.500000000019E-1,
-2.775590085900E-1));
#1537=LINE('',#1536,#1535);
#1538=CARTESIAN_POINT('',(-5.905493201470E-2,-2.5E-1,-2.5E-1));
#1539=DIRECTION('',(-1.E0,0.E0,0.E0));
#1540=DIRECTION('',(0.E0,0.E0,1.E0));
#1541=AXIS2_PLACEMENT_3D('',#1538,#1539,#1540);
#1543=DIRECTION('',(-9.999999999997E-1,-3.343953989913E-11,-7.430204114024E-7));
#1544=VECTOR('',#1543,1.574801979165E-2);
#1545=CARTESIAN_POINT('',(-5.905507159094E-2,-2.499999999981E-1,
-2.224409914100E-1));
#1546=LINE('',#1545,#1544);
#1547=CARTESIAN_POINT('',(-4.582677165354E-1,1.791338582677E-1,0.E0));
#1548=DIRECTION('',(0.E0,1.E0,0.E0));
#1549=DIRECTION('',(2.010621910511E-1,0.E0,-9.795784783925E-1));
#1550=AXIS2_PLACEMENT_3D('',#1547,#1548,#1549);
#1552=CARTESIAN_POINT('',(-4.582677165354E-1,1.791338582677E-1,0.E0));
#1553=DIRECTION('',(0.E0,1.E0,0.E0));
#1554=DIRECTION('',(-2.010621910511E-1,0.E0,9.795784783925E-1));
#1555=AXIS2_PLACEMENT_3D('',#1552,#1553,#1554);
#1557=DIRECTION('',(8.660254037844E-1,-5.E-1,0.E0));
#1558=VECTOR('',#1557,2.273032555865E-2);
#1559=CARTESIAN_POINT('',(-6.251968503937E-1,1.767194934880E-1,0.E0));
#1560=LINE('',#1559,#1558);
#1561=CARTESIAN_POINT('',(-6.251968503937E-1,0.E0,0.E0));
#1562=DIRECTION('',(1.E0,0.E0,0.E0));
#1563=DIRECTION('',(0.E0,1.E0,0.E0));
#1564=AXIS2_PLACEMENT_3D('',#1561,#1562,#1563);
#1566=DIRECTION('',(8.660254037844E-1,5.E-1,0.E0));
#1567=VECTOR('',#1566,2.273032555865E-2);
#1568=CARTESIAN_POINT('',(-6.251968503937E-1,-1.767194934880E-1,0.E0));
#1569=LINE('',#1568,#1567);
#1570=CARTESIAN_POINT('',(-6.251968503937E-1,0.E0,0.E0));
#1571=DIRECTION('',(-1.E0,0.E0,0.E0));
#1572=DIRECTION('',(0.E0,1.E0,0.E0));
#1573=AXIS2_PLACEMENT_3D('',#1570,#1571,#1572);
#1575=CARTESIAN_POINT('',(-6.055118110236E-1,0.E0,0.E0));
#1576=DIRECTION('',(-1.E0,0.E0,0.E0));
#1577=DIRECTION('',(0.E0,1.E0,0.E0));
#1578=AXIS2_PLACEMENT_3D('',#1575,#1576,#1577);
#1580=DIRECTION('',(9.998751594334E-1,-1.580080846133E-2,0.E0));
#1581=VECTOR('',#1580,3.114562052038E-1);
#1582=CARTESIAN_POINT('',(-6.055118110236E-1,1.653543307087E-1,0.E0));
#1583=LINE('',#1582,#1581);
#1584=CARTESIAN_POINT('',(-6.055118110236E-1,0.E0,0.E0));
#1585=DIRECTION('',(1.E0,0.E0,0.E0));
#1586=DIRECTION('',(0.E0,1.E0,0.E0));
#1587=AXIS2_PLACEMENT_3D('',#1584,#1585,#1586);
#1589=DIRECTION('',(9.998751594334E-1,1.580080846133E-2,0.E0));
#1590=VECTOR('',#1589,3.114562052038E-1);
#1591=CARTESIAN_POINT('',(-6.055118110236E-1,-1.653543307087E-1,0.E0));
#1592=LINE('',#1591,#1590);
#1593=CARTESIAN_POINT('',(-2.940944881890E-1,0.E0,0.E0));
#1594=DIRECTION('',(-1.E0,0.E0,0.E0));
#1595=DIRECTION('',(0.E0,1.E0,0.E0));
#1596=AXIS2_PLACEMENT_3D('',#1593,#1594,#1595);
#1598=CARTESIAN_POINT('',(-2.940944881890E-1,0.E0,0.E0));
#1599=DIRECTION('',(1.E0,0.E0,0.E0));
#1600=DIRECTION('',(0.E0,1.E0,0.E0));
#1601=AXIS2_PLACEMENT_3D('',#1598,#1599,#1600);
#1603=CARTESIAN_POINT('',(-2.940944881890E-1,0.E0,0.E0));
#1604=DIRECTION('',(-1.E0,0.E0,0.E0));
#1605=DIRECTION('',(0.E0,1.E0,0.E0));
#1606=AXIS2_PLACEMENT_3D('',#1603,#1604,#1605);
#1608=CARTESIAN_POINT('',(-2.940944881890E-1,0.E0,0.E0));
#1609=DIRECTION('',(-1.E0,0.E0,0.E0));
#1610=DIRECTION('',(0.E0,-1.E0,0.E0));
#1611=AXIS2_PLACEMENT_3D('',#1608,#1609,#1610);
#1613=DIRECTION('',(-1.E0,0.E0,0.E0));
#1614=VECTOR('',#1613,2.011811023622E-1);
#1615=CARTESIAN_POINT('',(-2.940944881890E-1,-9.251968503937E-2,0.E0));
#1616=LINE('',#1615,#1614);
#1617=DIRECTION('',(-1.E0,0.E0,0.E0));
#1618=VECTOR('',#1617,2.011811023622E-1);
#1619=CARTESIAN_POINT('',(-2.940944881890E-1,9.251968503937E-2,0.E0));
#1620=LINE('',#1619,#1618);
#1621=CARTESIAN_POINT('',(-4.952755905512E-1,0.E0,0.E0));
#1622=DIRECTION('',(-1.E0,0.E0,0.E0));
#1623=DIRECTION('',(0.E0,1.E0,0.E0));
#1624=AXIS2_PLACEMENT_3D('',#1621,#1622,#1623);
#1626=CARTESIAN_POINT('',(-4.952755905512E-1,0.E0,0.E0));
#1627=DIRECTION('',(1.E0,0.E0,0.E0));
#1628=DIRECTION('',(0.E0,1.E0,0.E0));
#1629=AXIS2_PLACEMENT_3D('',#1626,#1627,#1628);
#1631=CARTESIAN_POINT('',(-4.901574803150E-1,0.E0,0.E0));
#1632=DIRECTION('',(1.E0,0.E0,0.E0));
#1633=DIRECTION('',(0.E0,9.897433186108E-1,1.428571428571E-1));
#1634=AXIS2_PLACEMENT_3D('',#1631,#1632,#1633);
#1636=DIRECTION('',(1.E0,0.E0,0.E0));
#1637=VECTOR('',#1636,1.692913385827E-1);
#1638=CARTESIAN_POINT('',(-4.901574803150E-1,4.091458600556E-2,
5.905511811024E-3));
#1639=LINE('',#1638,#1637);
#1640=CARTESIAN_POINT('',(-3.208661417323E-1,0.E0,0.E0));
#1641=DIRECTION('',(1.E0,0.E0,0.E0));
#1642=DIRECTION('',(0.E0,1.E0,0.E0));
#1643=AXIS2_PLACEMENT_3D('',#1640,#1641,#1642);
#1645=CARTESIAN_POINT('',(-4.952755905512E-1,0.E0,0.E0));
#1646=DIRECTION('',(1.E0,0.E0,0.E0));
#1647=DIRECTION('',(0.E0,1.E0,0.E0));
#1648=AXIS2_PLACEMENT_3D('',#1645,#1646,#1647);
#1650=CARTESIAN_POINT('',(-3.208661417323E-1,0.E0,0.E0));
#1651=DIRECTION('',(1.E0,0.E0,0.E0));
#1652=DIRECTION('',(0.E0,-9.897433186108E-1,1.428571428571E-1));
#1653=AXIS2_PLACEMENT_3D('',#1650,#1651,#1652);
#1655=DIRECTION('',(1.E0,0.E0,0.E0));
#1656=VECTOR('',#1655,1.692913385827E-1);
#1657=CARTESIAN_POINT('',(-4.901574803150E-1,-4.091458600556E-2,
5.905511811024E-3));
#1658=LINE('',#1657,#1656);
#1659=CARTESIAN_POINT('',(-4.901574803150E-1,0.E0,0.E0));
#1660=DIRECTION('',(1.E0,0.E0,0.E0));
#1661=DIRECTION('',(0.E0,-1.428571428571E-1,9.897433186108E-1));
#1662=AXIS2_PLACEMENT_3D('',#1659,#1660,#1661);
#1664=DIRECTION('',(1.E0,0.E0,0.E0));
#1665=VECTOR('',#1664,1.692913385827E-1);
#1666=CARTESIAN_POINT('',(-4.901574803150E-1,-5.905511811024E-3,
4.091458600556E-2));
#1667=LINE('',#1666,#1665);
#1668=CARTESIAN_POINT('',(-3.208661417323E-1,0.E0,0.E0));
#1669=DIRECTION('',(1.E0,0.E0,0.E0));
#1670=DIRECTION('',(0.E0,1.428571428571E-1,9.897433186108E-1));
#1671=AXIS2_PLACEMENT_3D('',#1668,#1669,#1670);
#1673=DIRECTION('',(1.E0,0.E0,0.E0));
#1674=VECTOR('',#1673,1.692913385827E-1);
#1675=CARTESIAN_POINT('',(-4.901574803150E-1,5.905511811024E-3,
4.091458600556E-2));
#1676=LINE('',#1675,#1674);
#1677=DIRECTION('',(0.E0,0.E0,-1.E0));
#1678=VECTOR('',#1677,6.647885972450E-3);
#1679=CARTESIAN_POINT('',(-4.901574803150E-1,5.905511811024E-3,
4.091458600556E-2));
#1680=LINE('',#1679,#1678);
#1681=DIRECTION('',(-1.670039211301E-14,-1.E0,0.E0));
#1682=VECTOR('',#1681,6.647885972450E-3);
#1683=CARTESIAN_POINT('',(-4.901574803150E-1,4.091458600556E-2,
5.905511811024E-3));
#1684=LINE('',#1683,#1682);
#1685=DIRECTION('',(0.E0,0.E0,1.E0));
#1686=VECTOR('',#1685,1.359277250494E-2);
#1687=CARTESIAN_POINT('',(-3.208661417323E-1,-5.905511811024E-3,
2.732181350063E-2));
#1688=LINE('',#1687,#1686);
#1689=DIRECTION('',(0.E0,0.E0,-1.E0));
#1690=VECTOR('',#1689,1.359277250494E-2);
#1691=CARTESIAN_POINT('',(-3.208661417323E-1,5.905511811024E-3,
4.091458600556E-2));
#1692=LINE('',#1691,#1690);
#1693=DIRECTION('',(-1.670039211301E-14,1.E0,0.E0));
#1694=VECTOR('',#1693,6.647885972450E-3);
#1695=CARTESIAN_POINT('',(-4.901574803150E-1,-4.091458600556E-2,
5.905511811024E-3));
#1696=LINE('',#1695,#1694);
#1697=DIRECTION('',(-1.670039211301E-14,0.E0,-1.E0));
#1698=VECTOR('',#1697,6.647885972450E-3);
#1699=CARTESIAN_POINT('',(-4.901574803150E-1,-5.905511811024E-3,
4.091458600556E-2));
#1700=LINE('',#1699,#1698);
#1701=DIRECTION('',(0.E0,-1.E0,0.E0));
#1702=VECTOR('',#1701,1.359277250494E-2);
#1703=CARTESIAN_POINT('',(-3.208661417323E-1,-2.732181350063E-2,
-5.905511811024E-3));
#1704=LINE('',#1703,#1702);
#1705=DIRECTION('',(0.E0,1.E0,0.E0));
#1706=VECTOR('',#1705,1.359277250494E-2);
#1707=CARTESIAN_POINT('',(-3.208661417323E-1,-4.091458600556E-2,
5.905511811024E-3));
#1708=LINE('',#1707,#1706);
#1709=CARTESIAN_POINT('',(-4.901574803150E-1,0.E0,0.E0));
#1710=DIRECTION('',(1.E0,0.E0,0.E0));
#1711=DIRECTION('',(0.E0,-9.897433186108E-1,-1.428571428571E-1));
#1712=AXIS2_PLACEMENT_3D('',#1709,#1710,#1711);
#1714=DIRECTION('',(1.E0,0.E0,0.E0));
#1715=VECTOR('',#1714,1.692913385827E-1);
#1716=CARTESIAN_POINT('',(-4.901574803150E-1,-4.091458600556E-2,
-5.905511811024E-3));
#1717=LINE('',#1716,#1715);
#1718=CARTESIAN_POINT('',(-3.208661417323E-1,0.E0,0.E0));
#1719=DIRECTION('',(1.E0,0.E0,0.E0));
#1720=DIRECTION('',(0.E0,-1.E0,0.E0));
#1721=AXIS2_PLACEMENT_3D('',#1718,#1719,#1720);
#1723=DIRECTION('',(1.E0,0.E0,0.E0));
#1724=VECTOR('',#1723,1.744094488189E-1);
#1725=CARTESIAN_POINT('',(-4.952755905512E-1,-4.133858267717E-2,0.E0));
#1726=LINE('',#1725,#1724);
#1727=CARTESIAN_POINT('',(-4.952755905512E-1,0.E0,0.E0));
#1728=DIRECTION('',(-1.E0,0.E0,0.E0));
#1729=DIRECTION('',(0.E0,1.E0,0.E0));
#1730=AXIS2_PLACEMENT_3D('',#1727,#1728,#1729);
#1732=DIRECTION('',(1.E0,0.E0,0.E0));
#1733=VECTOR('',#1732,1.744094488189E-1);
#1734=CARTESIAN_POINT('',(-4.952755905512E-1,4.133858267717E-2,0.E0));
#1735=LINE('',#1734,#1733);
#1736=CARTESIAN_POINT('',(-3.208661417323E-1,0.E0,0.E0));
#1737=DIRECTION('',(1.E0,0.E0,0.E0));
#1738=DIRECTION('',(0.E0,9.897433186108E-1,-1.428571428571E-1));
#1739=AXIS2_PLACEMENT_3D('',#1736,#1737,#1738);
#1741=DIRECTION('',(1.E0,0.E0,0.E0));
#1742=VECTOR('',#1741,1.692913385827E-1);
#1743=CARTESIAN_POINT('',(-4.901574803150E-1,4.091458600556E-2,
-5.905511811024E-3));
#1744=LINE('',#1743,#1742);
#1745=CARTESIAN_POINT('',(-4.901574803150E-1,0.E0,0.E0));
#1746=DIRECTION('',(1.E0,0.E0,0.E0));
#1747=DIRECTION('',(0.E0,1.428571428571E-1,-9.897433186108E-1));
#1748=AXIS2_PLACEMENT_3D('',#1745,#1746,#1747);
#1750=DIRECTION('',(1.E0,0.E0,0.E0));
#1751=VECTOR('',#1750,1.692913385827E-1);
#1752=CARTESIAN_POINT('',(-4.901574803150E-1,5.905511811024E-3,
-4.091458600556E-2));
#1753=LINE('',#1752,#1751);
#1754=CARTESIAN_POINT('',(-3.208661417323E-1,0.E0,0.E0));
#1755=DIRECTION('',(1.E0,0.E0,0.E0));
#1756=DIRECTION('',(0.E0,-1.428571428571E-1,-9.897433186108E-1));
#1757=AXIS2_PLACEMENT_3D('',#1754,#1755,#1756);
#1759=DIRECTION('',(1.E0,0.E0,0.E0));
#1760=VECTOR('',#1759,1.692913385827E-1);
#1761=CARTESIAN_POINT('',(-4.901574803150E-1,-5.905511811024E-3,
-4.091458600556E-2));
#1762=LINE('',#1761,#1760);
#1763=DIRECTION('',(-1.670039211301E-14,0.E0,1.E0));
#1764=VECTOR('',#1763,6.647885972450E-3);
#1765=CARTESIAN_POINT('',(-4.901574803150E-1,-5.905511811024E-3,
-4.091458600556E-2));
#1766=LINE('',#1765,#1764);
#1767=DIRECTION('',(-1.670039211301E-14,1.E0,0.E0));
#1768=VECTOR('',#1767,6.647885972450E-3);
#1769=CARTESIAN_POINT('',(-4.901574803150E-1,-4.091458600556E-2,
-5.905511811024E-3));
#1770=LINE('',#1769,#1768);
#1771=DIRECTION('',(0.E0,0.E0,-1.E0));
#1772=VECTOR('',#1771,1.359277250494E-2);
#1773=CARTESIAN_POINT('',(-3.208661417323E-1,5.905511811024E-3,
-2.732181350063E-2));
#1774=LINE('',#1773,#1772);
#1775=DIRECTION('',(0.E0,0.E0,1.E0));
#1776=VECTOR('',#1775,1.359277250494E-2);
#1777=CARTESIAN_POINT('',(-3.208661417323E-1,-5.905511811024E-3,
-4.091458600556E-2));
#1778=LINE('',#1777,#1776);
#1779=DIRECTION('',(-1.670039211301E-14,-1.E0,0.E0));
#1780=VECTOR('',#1779,6.647885972450E-3);
#1781=CARTESIAN_POINT('',(-4.901574803150E-1,4.091458600556E-2,
-5.905511811024E-3));
#1782=LINE('',#1781,#1780);
#1783=DIRECTION('',(-1.670039211301E-14,0.E0,1.E0));
#1784=VECTOR('',#1783,6.647885972450E-3);
#1785=CARTESIAN_POINT('',(-4.901574803150E-1,5.905511811024E-3,
-4.091458600556E-2));
#1786=LINE('',#1785,#1784);
#1787=DIRECTION('',(0.E0,1.E0,0.E0));
#1788=VECTOR('',#1787,1.359277250494E-2);
#1789=CARTESIAN_POINT('',(-3.208661417323E-1,2.732181350063E-2,
5.905511811024E-3));
#1790=LINE('',#1789,#1788);
#1791=DIRECTION('',(0.E0,-1.E0,0.E0));
#1792=VECTOR('',#1791,1.359277250494E-2);
#1793=CARTESIAN_POINT('',(-3.208661417323E-1,4.091458600556E-2,
-5.905511811024E-3));
#1794=LINE('',#1793,#1792);
#1795=CARTESIAN_POINT('',(-4.783464566929E-1,2.732181350063E-2,
5.905511811024E-3));
#1796=CARTESIAN_POINT('',(-4.795993875769E-1,2.806189849155E-2,
5.905511811024E-3));
#1797=CARTESIAN_POINT('',(-4.821450192959E-1,2.956288381355E-2,
5.905511811024E-3));
#1798=CARTESIAN_POINT('',(-4.860841394123E-1,3.187866254056E-2,
5.905511811024E-3));
#1799=CARTESIAN_POINT('',(-4.887867718258E-1,3.346365475202E-2,
5.905511811024E-3));
#1800=CARTESIAN_POINT('',(-4.901574803150E-1,3.426670003311E-2,
5.905511811024E-3));
#1802=CARTESIAN_POINT('',(-4.901574803150E-1,0.E0,0.E0));
#1803=DIRECTION('',(1.E0,0.E0,0.E0));
#1804=DIRECTION('',(0.E0,9.854723436319E-1,1.698359795116E-1));
#1805=AXIS2_PLACEMENT_3D('',#1802,#1803,#1804);
#1807=CARTESIAN_POINT('',(-4.901574803150E-1,5.905511811024E-3,
3.426670003311E-2));
#1808=CARTESIAN_POINT('',(-4.887896859226E-1,5.905511811024E-3,
3.346536200907E-2));
#1809=CARTESIAN_POINT('',(-4.860909352965E-1,5.905511811024E-3,
3.188265109920E-2));
#1810=CARTESIAN_POINT('',(-4.821517603844E-1,5.905511811024E-3,
2.956685379016E-2));
#1811=CARTESIAN_POINT('',(-4.796022741434E-1,5.905511811024E-3,
2.806360353734E-2));
#1812=CARTESIAN_POINT('',(-4.783464566929E-1,5.905511811024E-3,
2.732181350063E-2));
#1814=CARTESIAN_POINT('',(-3.208661417323E-1,0.E0,0.E0));
#1815=DIRECTION('',(-1.E0,0.E0,0.E0));
#1816=DIRECTION('',(0.E0,-1.E0,0.E0));
#1817=AXIS2_PLACEMENT_3D('',#1814,#1815,#1816);
#1819=DIRECTION('',(1.E0,0.E0,0.E0));
#1820=VECTOR('',#1819,3.543307086614E-2);
#1821=CARTESIAN_POINT('',(-3.208661417323E-1,-2.795275590551E-2,0.E0));
#1822=LINE('',#1821,#1820);
#1823=DIRECTION('',(1.E0,0.E0,0.E0));
#1824=VECTOR('',#1823,3.543307086614E-2);
#1825=CARTESIAN_POINT('',(-3.208661417323E-1,2.795275590551E-2,0.E0));
#1826=LINE('',#1825,#1824);
#1827=CARTESIAN_POINT('',(-3.208661417323E-1,0.E0,0.E0));
#1828=DIRECTION('',(-1.E0,0.E0,0.E0));
#1829=DIRECTION('',(0.E0,9.774282576280E-1,2.112676056338E-1));
#1830=AXIS2_PLACEMENT_3D('',#1827,#1828,#1829);
#1832=DIRECTION('',(-1.E0,0.E0,0.E0));
#1833=VECTOR('',#1832,1.574803149606E-1);
#1834=CARTESIAN_POINT('',(-3.208661417323E-1,2.732181350063E-2,
5.905511811024E-3));
#1835=LINE('',#1834,#1833);
#1836=CARTESIAN_POINT('',(-4.783464566929E-1,0.E0,0.E0));
#1837=DIRECTION('',(1.E0,0.E0,0.E0));
#1838=DIRECTION('',(0.E0,9.774282576280E-1,2.112676056338E-1));
#1839=AXIS2_PLACEMENT_3D('',#1836,#1837,#1838);
#1841=DIRECTION('',(-1.E0,0.E0,0.E0));
#1842=VECTOR('',#1841,1.574803149606E-1);
#1843=CARTESIAN_POINT('',(-3.208661417323E-1,5.905511811024E-3,
2.732181350063E-2));
#1844=LINE('',#1843,#1842);
#1845=CARTESIAN_POINT('',(-3.208661417323E-1,0.E0,0.E0));
#1846=DIRECTION('',(-1.E0,0.E0,0.E0));
#1847=DIRECTION('',(0.E0,-2.112676056338E-1,9.774282576280E-1));
#1848=AXIS2_PLACEMENT_3D('',#1845,#1846,#1847);
#1850=DIRECTION('',(-1.E0,0.E0,0.E0));
#1851=VECTOR('',#1850,1.574803149606E-1);
#1852=CARTESIAN_POINT('',(-3.208661417323E-1,-5.905511811024E-3,
2.732181350063E-2));
#1853=LINE('',#1852,#1851);
#1854=CARTESIAN_POINT('',(-4.783464566929E-1,0.E0,0.E0));
#1855=DIRECTION('',(1.E0,0.E0,0.E0));
#1856=DIRECTION('',(0.E0,-2.112676056338E-1,9.774282576280E-1));
#1857=AXIS2_PLACEMENT_3D('',#1854,#1855,#1856);
#1859=DIRECTION('',(-1.E0,0.E0,0.E0));
#1860=VECTOR('',#1859,1.574803149606E-1);
#1861=CARTESIAN_POINT('',(-3.208661417323E-1,-2.732181350063E-2,
5.905511811024E-3));
#1862=LINE('',#1861,#1860);
#1863=CARTESIAN_POINT('',(-3.208661417323E-1,0.E0,0.E0));
#1864=DIRECTION('',(-1.E0,0.E0,0.E0));
#1865=DIRECTION('',(0.E0,-9.774282576280E-1,-2.112676056338E-1));
#1866=AXIS2_PLACEMENT_3D('',#1863,#1864,#1865);
#1868=DIRECTION('',(-1.E0,0.E0,0.E0));
#1869=VECTOR('',#1868,1.574803149606E-1);
#1870=CARTESIAN_POINT('',(-3.208661417323E-1,-2.732181350063E-2,
-5.905511811024E-3));
#1871=LINE('',#1870,#1869);
#1872=CARTESIAN_POINT('',(-4.783464566929E-1,0.E0,0.E0));
#1873=DIRECTION('',(-1.E0,0.E0,0.E0));
#1874=DIRECTION('',(0.E0,-2.112676056338E-1,-9.774282576280E-1));
#1875=AXIS2_PLACEMENT_3D('',#1872,#1873,#1874);
#1877=DIRECTION('',(-1.E0,0.E0,0.E0));
#1878=VECTOR('',#1877,1.574803149606E-1);
#1879=CARTESIAN_POINT('',(-3.208661417323E-1,-5.905511811024E-3,
-2.732181350063E-2));
#1880=LINE('',#1879,#1878);
#1881=CARTESIAN_POINT('',(-3.208661417323E-1,0.E0,0.E0));
#1882=DIRECTION('',(-1.E0,0.E0,0.E0));
#1883=DIRECTION('',(0.E0,2.112676056338E-1,-9.774282576280E-1));
#1884=AXIS2_PLACEMENT_3D('',#1881,#1882,#1883);
#1886=DIRECTION('',(-1.E0,0.E0,0.E0));
#1887=VECTOR('',#1886,1.574803149606E-1);
#1888=CARTESIAN_POINT('',(-3.208661417323E-1,5.905511811024E-3,
-2.732181350063E-2));
#1889=LINE('',#1888,#1887);
#1890=CARTESIAN_POINT('',(-4.783464566929E-1,0.E0,0.E0));
#1891=DIRECTION('',(-1.E0,0.E0,0.E0));
#1892=DIRECTION('',(0.E0,9.774282576280E-1,-2.112676056338E-1));
#1893=AXIS2_PLACEMENT_3D('',#1890,#1891,#1892);
#1895=DIRECTION('',(-1.E0,0.E0,0.E0));
#1896=VECTOR('',#1895,1.574803149606E-1);
#1897=CARTESIAN_POINT('',(-3.208661417323E-1,2.732181350063E-2,
-5.905511811024E-3));
#1898=LINE('',#1897,#1896);
#1899=CARTESIAN_POINT('',(-3.208661417323E-1,0.E0,0.E0));
#1900=DIRECTION('',(-1.E0,0.E0,0.E0));
#1901=DIRECTION('',(0.E0,1.E0,0.E0));
#1902=AXIS2_PLACEMENT_3D('',#1899,#1900,#1901);
#1904=CARTESIAN_POINT('',(-4.783464566929E-1,-2.732181350063E-2,
-5.905511811024E-3));
#1905=CARTESIAN_POINT('',(-4.795993875769E-1,-2.806189849155E-2,
-5.905511811024E-3));
#1906=CARTESIAN_POINT('',(-4.821450192959E-1,-2.956288381355E-2,
-5.905511811024E-3));
#1907=CARTESIAN_POINT('',(-4.860841394123E-1,-3.187866254056E-2,
-5.905511811024E-3));
#1908=CARTESIAN_POINT('',(-4.887867718258E-1,-3.346365475202E-2,
-5.905511811024E-3));
#1909=CARTESIAN_POINT('',(-4.901574803150E-1,-3.426670003311E-2,
-5.905511811024E-3));
#1911=CARTESIAN_POINT('',(-4.901574803150E-1,0.E0,0.E0));
#1912=DIRECTION('',(1.E0,0.E0,0.E0));
#1913=DIRECTION('',(0.E0,-9.854723436319E-1,-1.698359795116E-1));
#1914=AXIS2_PLACEMENT_3D('',#1911,#1912,#1913);
#1916=CARTESIAN_POINT('',(-4.901574803150E-1,-5.905511811024E-3,
-3.426670003311E-2));
#1917=CARTESIAN_POINT('',(-4.887896859199E-1,-5.905511811024E-3,
-3.346536200745E-2));
#1918=CARTESIAN_POINT('',(-4.860909352901E-1,-5.905511811024E-3,
-3.188265109547E-2));
#1919=CARTESIAN_POINT('',(-4.821517603852E-1,-5.905511811024E-3,
-2.956685379065E-2));
#1920=CARTESIAN_POINT('',(-4.796022741438E-1,-5.905511811024E-3,
-2.806360353757E-2));
#1921=CARTESIAN_POINT('',(-4.783464566929E-1,-5.905511811024E-3,
-2.732181350063E-2));
#1923=CARTESIAN_POINT('',(-4.783464566929E-1,5.905511811024E-3,
-2.732181350063E-2));
#1924=CARTESIAN_POINT('',(-4.795993875769E-1,5.905511811024E-3,
-2.806189849155E-2));
#1925=CARTESIAN_POINT('',(-4.821450192959E-1,5.905511811024E-3,
-2.956288381355E-2));
#1926=CARTESIAN_POINT('',(-4.860841394123E-1,5.905511811024E-3,
-3.187866254056E-2));
#1927=CARTESIAN_POINT('',(-4.887867718258E-1,5.905511811024E-3,
-3.346365475202E-2));
#1928=CARTESIAN_POINT('',(-4.901574803150E-1,5.905511811024E-3,
-3.426670003311E-2));
#1930=CARTESIAN_POINT('',(-4.901574803150E-1,0.E0,0.E0));
#1931=DIRECTION('',(1.E0,0.E0,0.E0));
#1932=DIRECTION('',(0.E0,1.698359795116E-1,-9.854723436319E-1));
#1933=AXIS2_PLACEMENT_3D('',#1930,#1931,#1932);
#1935=CARTESIAN_POINT('',(-4.901574803150E-1,3.426670003311E-2,
-5.905511811024E-3));
#1936=CARTESIAN_POINT('',(-4.887896859199E-1,3.346536200745E-2,
-5.905511811024E-3));
#1937=CARTESIAN_POINT('',(-4.860909352901E-1,3.188265109547E-2,
-5.905511811024E-3));
#1938=CARTESIAN_POINT('',(-4.821517603852E-1,2.956685379065E-2,
-5.905511811024E-3));
#1939=CARTESIAN_POINT('',(-4.796022741438E-1,2.806360353757E-2,
-5.905511811024E-3));
#1940=CARTESIAN_POINT('',(-4.783464566929E-1,2.732181350063E-2,
-5.905511811024E-3));
#1942=CARTESIAN_POINT('',(-2.854330708661E-1,0.E0,0.E0));
#1943=DIRECTION('',(-1.E0,0.E0,0.E0));
#1944=DIRECTION('',(0.E0,1.E0,0.E0));
#1945=AXIS2_PLACEMENT_3D('',#1942,#1943,#1944);
#1947=DIRECTION('',(5.E-1,-8.660254037844E-1,0.E0));
#1948=VECTOR('',#1947,3.227706229328E-2);
#1949=CARTESIAN_POINT('',(-2.854330708661E-1,2.795275590551E-2,0.E0));
#1950=LINE('',#1949,#1948);
#1951=CARTESIAN_POINT('',(-2.854330708661E-1,0.E0,0.E0));
#1952=DIRECTION('',(1.E0,0.E0,0.E0));
#1953=DIRECTION('',(0.E0,1.E0,0.E0));
#1954=AXIS2_PLACEMENT_3D('',#1951,#1952,#1953);
#1956=DIRECTION('',(5.E-1,8.660254037844E-1,0.E0));
#1957=VECTOR('',#1956,3.227706229328E-2);
#1958=CARTESIAN_POINT('',(-2.854330708661E-1,-2.795275590551E-2,0.E0));
#1959=LINE('',#1958,#1957);
#1960=CARTESIAN_POINT('',(-4.901574803150E-1,-3.426670003311E-2,
5.905511811024E-3));
#1961=CARTESIAN_POINT('',(-4.887896859199E-1,-3.346536200745E-2,
5.905511811024E-3));
#1962=CARTESIAN_POINT('',(-4.860909352901E-1,-3.188265109547E-2,
5.905511811024E-3));
#1963=CARTESIAN_POINT('',(-4.821517603852E-1,-2.956685379065E-2,
5.905511811024E-3));
#1964=CARTESIAN_POINT('',(-4.796022741438E-1,-2.806360353757E-2,
5.905511811024E-3));
#1965=CARTESIAN_POINT('',(-4.783464566929E-1,-2.732181350063E-2,
5.905511811024E-3));
#1967=CARTESIAN_POINT('',(-4.783464566929E-1,-5.905511811024E-3,
2.732181350063E-2));
#1968=CARTESIAN_POINT('',(-4.795993875784E-1,-5.905511811024E-3,
2.806189849240E-2));
#1969=CARTESIAN_POINT('',(-4.821450192993E-1,-5.905511811024E-3,
2.956288381555E-2));
#1970=CARTESIAN_POINT('',(-4.860841394162E-1,-5.905511811024E-3,
3.187866254285E-2));
#1971=CARTESIAN_POINT('',(-4.887867718275E-1,-5.905511811024E-3,
3.346365475300E-2));
#1972=CARTESIAN_POINT('',(-4.901574803150E-1,-5.905511811024E-3,
3.426670003311E-2));
#1974=CARTESIAN_POINT('',(-4.901574803150E-1,0.E0,0.E0));
#1975=DIRECTION('',(1.E0,0.E0,0.E0));
#1976=DIRECTION('',(0.E0,-1.698359795116E-1,9.854723436319E-1));
#1977=AXIS2_PLACEMENT_3D('',#1974,#1975,#1976);
#1979=CARTESIAN_POINT('',(-6.251968503937E-1,1.767194934880E-1,0.E0));
#1980=CARTESIAN_POINT('',(-6.055118110236E-1,1.653543307087E-1,0.E0));
#1981=VERTEX_POINT('',#1979);
#1982=VERTEX_POINT('',#1980);
#1983=CARTESIAN_POINT('',(-2.940944881890E-1,1.604330708661E-1,0.E0));
#1984=VERTEX_POINT('',#1983);
#1985=CARTESIAN_POINT('',(-6.251968503937E-1,-1.767194934880E-1,0.E0));
#1986=CARTESIAN_POINT('',(-6.055118110236E-1,-1.653543307087E-1,0.E0));
#1987=VERTEX_POINT('',#1985);
#1988=VERTEX_POINT('',#1986);
#1989=CARTESIAN_POINT('',(-2.940944881890E-1,-1.604330708661E-1,0.E0));
#1990=VERTEX_POINT('',#1989);
#1991=CARTESIAN_POINT('',(-6.251968503937E-1,1.889763779528E-1,0.E0));
#1992=CARTESIAN_POINT('',(-6.251968503937E-1,-1.889763779528E-1,0.E0));
#1993=VERTEX_POINT('',#1991);
#1994=VERTEX_POINT('',#1992);
#1995=CARTESIAN_POINT('',(-3.803935415557E-1,1.791338582677E-1,
-6.019246004496E-2));
#1996=CARTESIAN_POINT('',(-3.938461882994E-1,1.791338582677E-1,
-6.019246004496E-2));
#1997=VERTEX_POINT('',#1995);
#1998=VERTEX_POINT('',#1996);
#1999=CARTESIAN_POINT('',(-5.226892447715E-1,1.791338582677E-1,
-6.019246004496E-2));
#2000=CARTESIAN_POINT('',(-5.361418915152E-1,1.791338582677E-1,
-6.019246004496E-2));
#2001=VERTEX_POINT('',#1999);
#2002=VERTEX_POINT('',#2000);
#2003=VERTEX_POINT('',#455);
#2004=VERTEX_POINT('',#24);
#2005=CARTESIAN_POINT('',(-3.803935415557E-1,1.791338582677E-1,
6.019246004496E-2));
#2006=CARTESIAN_POINT('',(-3.938461882994E-1,1.791338582677E-1,
6.019246004496E-2));
#2007=VERTEX_POINT('',#2005);
#2008=VERTEX_POINT('',#2006);
#2009=CARTESIAN_POINT('',(-5.226892447715E-1,1.791338582677E-1,
6.019246004496E-2));
#2010=CARTESIAN_POINT('',(-5.361418915152E-1,1.791338582677E-1,
6.019246004496E-2));
#2011=VERTEX_POINT('',#2009);
#2012=VERTEX_POINT('',#2010);
#2013=VERTEX_POINT('',#148);
#2014=VERTEX_POINT('',#153);
#2015=VERTEX_POINT('',#333);
#2016=VERTEX_POINT('',#338);
#2017=CARTESIAN_POINT('',(-4.192913385827E-1,1.791338582677E-1,0.E0));
#2018=VERTEX_POINT('',#2017);
#2019=CARTESIAN_POINT('',(-4.972440944882E-1,1.791338582677E-1,0.E0));
#2020=VERTEX_POINT('',#2019);
#2021=CARTESIAN_POINT('',(-3.803935415557E-1,-1.791338582677E-1,
-6.019246004496E-2));
#2022=CARTESIAN_POINT('',(-3.803935415557E-1,-1.791338582677E-1,
6.019246004496E-2));
#2023=VERTEX_POINT('',#2021);
#2024=VERTEX_POINT('',#2022);
#2025=CARTESIAN_POINT('',(-5.361418915152E-1,-1.791338582677E-1,
6.019246004496E-2));
#2026=CARTESIAN_POINT('',(-5.361418915152E-1,-1.791338582677E-1,
-6.019246004496E-2));
#2027=VERTEX_POINT('',#2025);
#2028=VERTEX_POINT('',#2026);
#2029=CARTESIAN_POINT('',(-4.504310405850E-1,-1.791338582677E-1,
-3.818042100821E-2));
#2030=CARTESIAN_POINT('',(-4.661043924859E-1,-1.791338582677E-1,
-3.818042100821E-2));
#2031=VERTEX_POINT('',#2029);
#2032=VERTEX_POINT('',#2030);
#2033=CARTESIAN_POINT('',(-4.661043924859E-1,-1.791338582677E-1,
3.818042100821E-2));
#2034=CARTESIAN_POINT('',(-4.504310405850E-1,-1.791338582677E-1,
3.818042100821E-2));
#2035=VERTEX_POINT('',#2033);
#2036=VERTEX_POINT('',#2034);
#2037=CARTESIAN_POINT('',(-3.938461882994E-1,-1.791338582677E-1,
-6.019246004496E-2));
#2038=VERTEX_POINT('',#2037);
#2039=CARTESIAN_POINT('',(-5.226892447715E-1,-1.791338582677E-1,
-6.019246004496E-2));
#2040=VERTEX_POINT('',#2039);
#2041=VERTEX_POINT('',#430);
#2042=VERTEX_POINT('',#44);
#2043=CARTESIAN_POINT('',(-3.938461882994E-1,-1.791338582677E-1,
6.019246004496E-2));
#2044=VERTEX_POINT('',#2043);
#2045=CARTESIAN_POINT('',(-5.226892447715E-1,-1.791338582677E-1,
6.019246004496E-2));
#2046=VERTEX_POINT('',#2045);
#2047=CARTESIAN_POINT('',(-4.192913385827E-1,-1.791338582677E-1,0.E0));
#2048=VERTEX_POINT('',#2047);
#2049=CARTESIAN_POINT('',(-4.972440944882E-1,-1.791338582677E-1,0.E0));
#2050=VERTEX_POINT('',#2049);
#2051=VERTEX_POINT('',#236);
#2052=VERTEX_POINT('',#261);
#2053=VERTEX_POINT('',#56);
#2054=VERTEX_POINT('',#81);
#2055=CARTESIAN_POINT('',(-9.291338582677E-2,1.889763779528E-1,0.E0));
#2056=CARTESIAN_POINT('',(-9.291338582677E-2,-1.889763779528E-1,0.E0));
#2057=VERTEX_POINT('',#2055);
#2058=VERTEX_POINT('',#2056);
#2059=CARTESIAN_POINT('',(0.E0,3.444881889764E-1,2.944881889764E-1));
#2060=CARTESIAN_POINT('',(0.E0,2.944881889764E-1,3.444881889764E-1));
#2061=VERTEX_POINT('',#2059);
#2062=VERTEX_POINT('',#2060);
#2063=CARTESIAN_POINT('',(-9.291338582677E-2,2.944881889764E-1,
3.444881889764E-1));
#2064=VERTEX_POINT('',#2063);
#2065=CARTESIAN_POINT('',(-9.291338582677E-2,3.444881889764E-1,
2.944881889764E-1));
#2066=VERTEX_POINT('',#2065);
#2067=CARTESIAN_POINT('',(0.E0,-2.944881889764E-1,3.444881889764E-1));
#2068=CARTESIAN_POINT('',(0.E0,-3.444881889764E-1,2.944881889764E-1));
#2069=VERTEX_POINT('',#2067);
#2070=VERTEX_POINT('',#2068);
#2071=CARTESIAN_POINT('',(-9.291338582677E-2,-3.444881889764E-1,
2.944881889764E-1));
#2072=VERTEX_POINT('',#2071);
#2073=CARTESIAN_POINT('',(-9.291338582677E-2,-2.944881889764E-1,
3.444881889764E-1));
#2074=VERTEX_POINT('',#2073);
#2075=CARTESIAN_POINT('',(0.E0,-3.444881889764E-1,-2.944881889764E-1));
#2076=CARTESIAN_POINT('',(0.E0,-2.944881889764E-1,-3.444881889764E-1));
#2077=VERTEX_POINT('',#2075);
#2078=VERTEX_POINT('',#2076);
#2079=CARTESIAN_POINT('',(-9.291338582677E-2,-2.944881889764E-1,
-3.444881889764E-1));
#2080=VERTEX_POINT('',#2079);
#2081=CARTESIAN_POINT('',(-9.291338582677E-2,-3.444881889764E-1,
-2.944881889764E-1));
#2082=VERTEX_POINT('',#2081);
#2083=CARTESIAN_POINT('',(0.E0,2.944881889764E-1,-3.444881889764E-1));
#2084=CARTESIAN_POINT('',(0.E0,3.444881889764E-1,-2.944881889764E-1));
#2085=VERTEX_POINT('',#2083);
#2086=VERTEX_POINT('',#2084);
#2087=CARTESIAN_POINT('',(-9.291338582677E-2,3.444881889764E-1,
-2.944881889764E-1));
#2088=VERTEX_POINT('',#2087);
#2089=CARTESIAN_POINT('',(-9.291338582677E-2,2.944881889764E-1,
-3.444881889764E-1));
#2090=VERTEX_POINT('',#2089);
#2091=CARTESIAN_POINT('',(0.E0,2.125984251969E-1,2.5E-1));
#2092=CARTESIAN_POINT('',(0.E0,2.874015748031E-1,2.5E-1));
#2093=VERTEX_POINT('',#2091);
#2094=VERTEX_POINT('',#2092);
#2095=CARTESIAN_POINT('',(0.E0,2.874015748031E-1,-2.5E-1));
#2096=CARTESIAN_POINT('',(0.E0,2.125984251969E-1,-2.5E-1));
#2097=VERTEX_POINT('',#2095);
#2098=VERTEX_POINT('',#2096);
#2099=CARTESIAN_POINT('',(0.E0,-2.125984251969E-1,-2.5E-1));
#2100=CARTESIAN_POINT('',(0.E0,-2.874015748031E-1,-2.5E-1));
#2101=VERTEX_POINT('',#2099);
#2102=VERTEX_POINT('',#2100);
#2103=CARTESIAN_POINT('',(0.E0,-2.125984251969E-1,2.5E-1));
#2104=CARTESIAN_POINT('',(0.E0,-2.874015748031E-1,2.5E-1));
#2105=VERTEX_POINT('',#2103);
#2106=VERTEX_POINT('',#2104);
#2107=CARTESIAN_POINT('',(-9.291338582677E-2,-2.874015748031E-1,2.5E-1));
#2108=CARTESIAN_POINT('',(-9.291338582677E-2,-2.125984251969E-1,2.5E-1));
#2109=VERTEX_POINT('',#2107);
#2110=VERTEX_POINT('',#2108);
#2111=CARTESIAN_POINT('',(-8.503937007874E-2,-2.795275590551E-1,2.5E-1));
#2112=CARTESIAN_POINT('',(-8.503937007874E-2,-2.204724409449E-1,2.5E-1));
#2113=VERTEX_POINT('',#2111);
#2114=VERTEX_POINT('',#2112);
#2115=CARTESIAN_POINT('',(-9.291338582677E-2,2.125984251969E-1,2.5E-1));
#2116=CARTESIAN_POINT('',(-9.291338582677E-2,2.874015748031E-1,2.5E-1));
#2117=VERTEX_POINT('',#2115);
#2118=VERTEX_POINT('',#2116);
#2119=CARTESIAN_POINT('',(-8.503937007874E-2,2.204724409449E-1,2.5E-1));
#2120=CARTESIAN_POINT('',(-8.503937007874E-2,2.795275590551E-1,2.5E-1));
#2121=VERTEX_POINT('',#2119);
#2122=VERTEX_POINT('',#2120);
#2123=CARTESIAN_POINT('',(-9.291338582677E-2,2.125984251969E-1,-2.5E-1));
#2124=CARTESIAN_POINT('',(-9.291338582677E-2,2.874015748031E-1,-2.5E-1));
#2125=VERTEX_POINT('',#2123);
#2126=VERTEX_POINT('',#2124);
#2127=CARTESIAN_POINT('',(-8.503937007874E-2,2.204724409449E-1,-2.5E-1));
#2128=CARTESIAN_POINT('',(-8.503937007874E-2,2.795275590551E-1,-2.5E-1));
#2129=VERTEX_POINT('',#2127);
#2130=VERTEX_POINT('',#2128);
#2131=CARTESIAN_POINT('',(-9.291338582677E-2,-2.874015748031E-1,-2.5E-1));
#2132=CARTESIAN_POINT('',(-9.291338582677E-2,-2.125984251969E-1,-2.5E-1));
#2133=VERTEX_POINT('',#2131);
#2134=VERTEX_POINT('',#2132);
#2135=CARTESIAN_POINT('',(-8.503937007874E-2,-2.795275590551E-1,-2.5E-1));
#2136=CARTESIAN_POINT('',(-8.503937007874E-2,-2.204724409449E-1,-2.5E-1));
#2137=VERTEX_POINT('',#2135);
#2138=VERTEX_POINT('',#2136);
#2139=CARTESIAN_POINT('',(0.E0,-1.279527559055E-1,0.E0));
#2140=CARTESIAN_POINT('',(0.E0,1.279527559055E-1,0.E0));
#2141=VERTEX_POINT('',#2139);
#2142=VERTEX_POINT('',#2140);
#2143=CARTESIAN_POINT('',(-7.874015748032E-3,-1.200787401575E-1,0.E0));
#2144=CARTESIAN_POINT('',(-7.874015748031E-3,1.200787401575E-1,0.E0));
#2145=VERTEX_POINT('',#2143);
#2146=VERTEX_POINT('',#2144);
#2147=CARTESIAN_POINT('',(-1.102362204724E-2,1.200787401575E-1,0.E0));
#2148=CARTESIAN_POINT('',(-1.102362204724E-2,-1.200787401575E-1,0.E0));
#2149=VERTEX_POINT('',#2147);
#2150=VERTEX_POINT('',#2148);
#2151=CARTESIAN_POINT('',(-4.952755905512E-1,9.251968503937E-2,0.E0));
#2152=CARTESIAN_POINT('',(-4.952755905512E-1,-9.251968503937E-2,0.E0));
#2153=VERTEX_POINT('',#2151);
#2154=VERTEX_POINT('',#2152);
#2155=CARTESIAN_POINT('',(-4.952755905512E-1,4.133858267717E-2,0.E0));
#2156=CARTESIAN_POINT('',(-4.952755905512E-1,-4.133858267717E-2,0.E0));
#2157=VERTEX_POINT('',#2155);
#2158=VERTEX_POINT('',#2156);
#2159=CARTESIAN_POINT('',(-2.940944881890E-1,9.251968503937E-2,0.E0));
#2160=CARTESIAN_POINT('',(-2.940944881890E-1,-9.251968503937E-2,0.E0));
#2161=VERTEX_POINT('',#2159);
#2162=VERTEX_POINT('',#2160);
#2163=CARTESIAN_POINT('',(-2.854330708661E-1,2.795275590551E-2,0.E0));
#2164=CARTESIAN_POINT('',(-2.692945397195E-1,0.E0,0.E0));
#2165=VERTEX_POINT('',#2163);
#2166=VERTEX_POINT('',#2164);
#2167=CARTESIAN_POINT('',(-2.854330708661E-1,-2.795275590551E-2,0.E0));
#2168=VERTEX_POINT('',#2167);
#2169=VERTEX_POINT('',#1807);
#2170=VERTEX_POINT('',#1812);
#2171=VERTEX_POINT('',#1967);
#2172=VERTEX_POINT('',#1972);
#2173=CARTESIAN_POINT('',(-3.208661417323E-1,-5.905511811024E-3,
2.732181350063E-2));
#2174=CARTESIAN_POINT('',(-3.208661417323E-1,5.905511811024E-3,
2.732181350063E-2));
#2175=VERTEX_POINT('',#2173);
#2176=VERTEX_POINT('',#2174);
#2177=VERTEX_POINT('',#1935);
#2178=VERTEX_POINT('',#1940);
#2179=VERTEX_POINT('',#1795);
#2180=VERTEX_POINT('',#1800);
#2181=CARTESIAN_POINT('',(-3.208661417323E-1,2.795275590551E-2,0.E0));
#2182=CARTESIAN_POINT('',(-3.208661417323E-1,2.732181350063E-2,
-5.905511811024E-3));
#2183=VERTEX_POINT('',#2181);
#2184=VERTEX_POINT('',#2182);
#2185=CARTESIAN_POINT('',(-3.208661417323E-1,2.732181350063E-2,
5.905511811024E-3));
#2186=VERTEX_POINT('',#2185);
#2187=VERTEX_POINT('',#1916);
#2188=VERTEX_POINT('',#1921);
#2189=VERTEX_POINT('',#1923);
#2190=VERTEX_POINT('',#1928);
#2191=CARTESIAN_POINT('',(-3.208661417323E-1,5.905511811024E-3,
-2.732181350063E-2));
#2192=CARTESIAN_POINT('',(-3.208661417323E-1,-5.905511811024E-3,
-2.732181350063E-2));
#2193=VERTEX_POINT('',#2191);
#2194=VERTEX_POINT('',#2192);
#2195=VERTEX_POINT('',#1960);
#2196=VERTEX_POINT('',#1965);
#2197=VERTEX_POINT('',#1904);
#2198=VERTEX_POINT('',#1909);
#2199=CARTESIAN_POINT('',(-3.208661417323E-1,-2.732181350063E-2,
-5.905511811024E-3));
#2200=CARTESIAN_POINT('',(-3.208661417323E-1,-2.795275590551E-2,0.E0));
#2201=VERTEX_POINT('',#2199);
#2202=VERTEX_POINT('',#2200);
#2203=CARTESIAN_POINT('',(-3.208661417323E-1,-2.732181350063E-2,
5.905511811024E-3));
#2204=VERTEX_POINT('',#2203);
#2205=CARTESIAN_POINT('',(2.5E-1,1.062992125984E-2,0.E0));
#2206=CARTESIAN_POINT('',(2.421259842520E-1,1.850393700787E-2,0.E0));
#2207=VERTEX_POINT('',#2205);
#2208=VERTEX_POINT('',#2206);
#2209=CARTESIAN_POINT('',(2.5E-1,-1.062992125984E-2,0.E0));
#2210=CARTESIAN_POINT('',(2.421259842520E-1,-1.850393700787E-2,0.E0));
#2211=VERTEX_POINT('',#2209);
#2212=VERTEX_POINT('',#2210);
#2213=CARTESIAN_POINT('',(-4.901574803150E-1,4.091458600556E-2,
5.905511811024E-3));
#2214=CARTESIAN_POINT('',(-4.901574803150E-1,5.905511811024E-3,
4.091458600556E-2));
#2215=VERTEX_POINT('',#2213);
#2216=VERTEX_POINT('',#2214);
#2217=CARTESIAN_POINT('',(-4.901574803150E-1,-5.905511811024E-3,
4.091458600556E-2));
#2218=CARTESIAN_POINT('',(-4.901574803150E-1,-4.091458600556E-2,
5.905511811024E-3));
#2219=VERTEX_POINT('',#2217);
#2220=VERTEX_POINT('',#2218);
#2221=CARTESIAN_POINT('',(-3.208661417323E-1,5.905511811024E-3,
4.091458600556E-2));
#2222=CARTESIAN_POINT('',(-3.208661417323E-1,-5.905511811024E-3,
4.091458600556E-2));
#2223=VERTEX_POINT('',#2221);
#2224=VERTEX_POINT('',#2222);
#2225=CARTESIAN_POINT('',(-3.208661417323E-1,4.133858267717E-2,0.E0));
#2226=CARTESIAN_POINT('',(-3.208661417323E-1,4.091458600556E-2,
5.905511811024E-3));
#2227=VERTEX_POINT('',#2225);
#2228=VERTEX_POINT('',#2226);
#2229=CARTESIAN_POINT('',(-3.208661417323E-1,-4.091458600556E-2,
5.905511811024E-3));
#2230=CARTESIAN_POINT('',(-3.208661417323E-1,-4.133858267717E-2,0.E0));
#2231=VERTEX_POINT('',#2229);
#2232=VERTEX_POINT('',#2230);
#2233=CARTESIAN_POINT('',(-4.901574803150E-1,-4.091458600556E-2,
-5.905511811024E-3));
#2234=CARTESIAN_POINT('',(-4.901574803150E-1,-5.905511811024E-3,
-4.091458600556E-2));
#2235=VERTEX_POINT('',#2233);
#2236=VERTEX_POINT('',#2234);
#2237=CARTESIAN_POINT('',(-4.901574803150E-1,5.905511811024E-3,
-4.091458600556E-2));
#2238=CARTESIAN_POINT('',(-4.901574803150E-1,4.091458600556E-2,
-5.905511811024E-3));
#2239=VERTEX_POINT('',#2237);
#2240=VERTEX_POINT('',#2238);
#2241=CARTESIAN_POINT('',(-3.208661417323E-1,4.091458600556E-2,
-5.905511811024E-3));
#2242=VERTEX_POINT('',#2241);
#2243=CARTESIAN_POINT('',(-3.208661417323E-1,-5.905511811024E-3,
-4.091458600556E-2));
#2244=CARTESIAN_POINT('',(-3.208661417323E-1,5.905511811024E-3,
-4.091458600556E-2));
#2245=VERTEX_POINT('',#2243);
#2246=VERTEX_POINT('',#2244);
#2247=CARTESIAN_POINT('',(-3.208661417323E-1,-4.091458600556E-2,
-5.905511811024E-3));
#2248=VERTEX_POINT('',#2247);
#2249=CARTESIAN_POINT('',(-1.102362204724E-2,1.850393700787E-2,0.E0));
#2250=CARTESIAN_POINT('',(-1.102362204724E-2,-1.850393700787E-2,0.E0));
#2251=VERTEX_POINT('',#2249);
#2252=VERTEX_POINT('',#2250);
#2253=CARTESIAN_POINT('',(0.E0,2.685039370079E-1,-2.5E-1));
#2254=CARTESIAN_POINT('',(0.E0,2.314960629921E-1,-2.5E-1));
#2255=VERTEX_POINT('',#2253);
#2256=VERTEX_POINT('',#2254);
#2257=CARTESIAN_POINT('',(2.421256947276E-1,2.314960629921E-1,-2.5E-1));
#2258=CARTESIAN_POINT('',(2.421256947276E-1,2.685039370079E-1,-2.5E-1));
#2259=VERTEX_POINT('',#2257);
#2260=VERTEX_POINT('',#2258);
#2261=CARTESIAN_POINT('',(2.5E-1,2.393702450600E-1,-2.5E-1));
#2262=CARTESIAN_POINT('',(2.5E-1,2.606297549400E-1,-2.5E-1));
#2263=VERTEX_POINT('',#2261);
#2264=VERTEX_POINT('',#2262);
#2265=CARTESIAN_POINT('',(-8.267716535433E-2,2.696848730094E-1,-2.5E-1));
#2266=CARTESIAN_POINT('',(-8.267716535433E-2,2.303151269906E-1,-2.5E-1));
#2267=VERTEX_POINT('',#2265);
#2268=VERTEX_POINT('',#2266);
#2269=CARTESIAN_POINT('',(-7.480291669938E-2,2.775590551181E-1,-2.5E-1));
#2270=CARTESIAN_POINT('',(-7.480291669938E-2,2.224409448819E-1,-2.5E-1));
#2271=VERTEX_POINT('',#2269);
#2272=VERTEX_POINT('',#2270);
#2273=CARTESIAN_POINT('',(-5.905493201470E-2,2.775590551181E-1,-2.5E-1));
#2274=CARTESIAN_POINT('',(-5.905493201470E-2,2.224409448819E-1,-2.5E-1));
#2275=VERTEX_POINT('',#2273);
#2276=VERTEX_POINT('',#2274);
#2277=CARTESIAN_POINT('',(-3.937216718248E-3,2.805118110236E-1,-2.5E-1));
#2278=CARTESIAN_POINT('',(-3.937216718248E-3,2.194881889764E-1,-2.5E-1));
#2279=VERTEX_POINT('',#2277);
#2280=VERTEX_POINT('',#2278);
#2281=CARTESIAN_POINT('',(0.E0,2.765746212543E-1,-2.5E-1));
#2282=CARTESIAN_POINT('',(0.E0,2.234253787457E-1,-2.5E-1));
#2283=VERTEX_POINT('',#2281);
#2284=VERTEX_POINT('',#2282);
#2285=CARTESIAN_POINT('',(-5.708641478516E-2,2.795275590551E-1,-2.5E-1));
#2286=CARTESIAN_POINT('',(-5.708641478516E-2,2.204724409449E-1,-2.5E-1));
#2287=VERTEX_POINT('',#2285);
#2288=VERTEX_POINT('',#2286);
#2289=CARTESIAN_POINT('',(-6.889763779528E-3,2.194881889764E-1,-2.5E-1));
#2290=CARTESIAN_POINT('',(-6.889763779528E-3,2.805118110236E-1,-2.5E-1));
#2291=VERTEX_POINT('',#2289);
#2292=VERTEX_POINT('',#2290);
#2293=CARTESIAN_POINT('',(0.E0,-2.5E-1,-2.685039370079E-1));
#2294=CARTESIAN_POINT('',(0.E0,-2.5E-1,-2.314960629921E-1));
#2295=VERTEX_POINT('',#2293);
#2296=VERTEX_POINT('',#2294);
#2297=CARTESIAN_POINT('',(2.421256947276E-1,-2.5E-1,-2.314960629921E-1));
#2298=CARTESIAN_POINT('',(2.421256947276E-1,-2.5E-1,-2.685039370079E-1));
#2299=VERTEX_POINT('',#2297);
#2300=VERTEX_POINT('',#2298);
#2301=CARTESIAN_POINT('',(2.5E-1,-2.5E-1,-2.393702450600E-1));
#2302=CARTESIAN_POINT('',(2.5E-1,-2.5E-1,-2.606297549400E-1));
#2303=VERTEX_POINT('',#2301);
#2304=VERTEX_POINT('',#2302);
#2305=CARTESIAN_POINT('',(-8.267716535433E-2,-2.5E-1,-2.696848730094E-1));
#2306=CARTESIAN_POINT('',(-8.267716535433E-2,-2.5E-1,-2.303151269906E-1));
#2307=VERTEX_POINT('',#2305);
#2308=VERTEX_POINT('',#2306);
#2309=CARTESIAN_POINT('',(-7.480291669938E-2,-2.5E-1,-2.775590551181E-1));
#2310=CARTESIAN_POINT('',(-7.480291669938E-2,-2.5E-1,-2.224409448819E-1));
#2311=VERTEX_POINT('',#2309);
#2312=VERTEX_POINT('',#2310);
#2313=CARTESIAN_POINT('',(-5.905493201470E-2,-2.5E-1,-2.775590551181E-1));
#2314=CARTESIAN_POINT('',(-5.905493201470E-2,-2.5E-1,-2.224409448819E-1));
#2315=VERTEX_POINT('',#2313);
#2316=VERTEX_POINT('',#2314);
#2317=CARTESIAN_POINT('',(-3.937216718248E-3,-2.5E-1,-2.805118110236E-1));
#2318=CARTESIAN_POINT('',(-3.937216718248E-3,-2.5E-1,-2.194881889764E-1));
#2319=VERTEX_POINT('',#2317);
#2320=VERTEX_POINT('',#2318);
#2321=CARTESIAN_POINT('',(0.E0,-2.5E-1,-2.765746212543E-1));
#2322=CARTESIAN_POINT('',(0.E0,-2.5E-1,-2.234253787457E-1));
#2323=VERTEX_POINT('',#2321);
#2324=VERTEX_POINT('',#2322);
#2325=CARTESIAN_POINT('',(-5.708641478516E-2,-2.204724409449E-1,-2.5E-1));
#2326=CARTESIAN_POINT('',(-5.708641478516E-2,-2.499999999959E-1,
-2.204724409449E-1));
#2327=VERTEX_POINT('',#2325);
#2328=VERTEX_POINT('',#2326);
#2329=CARTESIAN_POINT('',(-5.708641478516E-2,-2.795275590551E-1,-2.5E-1));
#2330=VERTEX_POINT('',#2329);
#2331=CARTESIAN_POINT('',(-5.708641478516E-2,-2.500000000041E-1,
-2.795275590551E-1));
#2332=VERTEX_POINT('',#2331);
#2333=CARTESIAN_POINT('',(-6.889763779528E-3,-2.805118110236E-1,
-2.499999997375E-1));
#2334=CARTESIAN_POINT('',(-6.889763779528E-3,-2.5E-1,-2.194881889764E-1));
#2335=VERTEX_POINT('',#2333);
#2336=VERTEX_POINT('',#2334);
#2337=CARTESIAN_POINT('',(-6.889763779528E-3,-2.194881889764E-1,
-2.500000002625E-1));
#2338=VERTEX_POINT('',#2337);
#2339=CARTESIAN_POINT('',(-6.889763779527E-3,-2.5E-1,-2.805118110236E-1));
#2340=VERTEX_POINT('',#2339);
#2341=CARTESIAN_POINT('',(0.E0,-2.685039370079E-1,2.5E-1));
#2342=CARTESIAN_POINT('',(0.E0,-2.314960629921E-1,2.5E-1));
#2343=VERTEX_POINT('',#2341);
#2344=VERTEX_POINT('',#2342);
#2345=CARTESIAN_POINT('',(2.421256947276E-1,-2.314960629921E-1,2.5E-1));
#2346=CARTESIAN_POINT('',(2.421256947276E-1,-2.685039370079E-1,2.5E-1));
#2347=VERTEX_POINT('',#2345);
#2348=VERTEX_POINT('',#2346);
#2349=CARTESIAN_POINT('',(2.5E-1,-2.393702450600E-1,2.5E-1));
#2350=CARTESIAN_POINT('',(2.5E-1,-2.606297549400E-1,2.5E-1));
#2351=VERTEX_POINT('',#2349);
#2352=VERTEX_POINT('',#2350);
#2353=CARTESIAN_POINT('',(-8.267716535433E-2,-2.696848730094E-1,2.5E-1));
#2354=CARTESIAN_POINT('',(-8.267716535433E-2,-2.303151269906E-1,2.5E-1));
#2355=VERTEX_POINT('',#2353);
#2356=VERTEX_POINT('',#2354);
#2357=CARTESIAN_POINT('',(-7.480291669938E-2,-2.775590551181E-1,2.5E-1));
#2358=CARTESIAN_POINT('',(-7.480291669938E-2,-2.224409448819E-1,2.5E-1));
#2359=VERTEX_POINT('',#2357);
#2360=VERTEX_POINT('',#2358);
#2361=CARTESIAN_POINT('',(-5.905493201470E-2,-2.775590551181E-1,2.5E-1));
#2362=CARTESIAN_POINT('',(-5.905493201470E-2,-2.224409448819E-1,2.5E-1));
#2363=VERTEX_POINT('',#2361);
#2364=VERTEX_POINT('',#2362);
#2365=CARTESIAN_POINT('',(-3.937216718248E-3,-2.805118110236E-1,2.5E-1));
#2366=CARTESIAN_POINT('',(-3.937216718248E-3,-2.194881889764E-1,2.5E-1));
#2367=VERTEX_POINT('',#2365);
#2368=VERTEX_POINT('',#2366);
#2369=CARTESIAN_POINT('',(0.E0,-2.765746212543E-1,2.5E-1));
#2370=CARTESIAN_POINT('',(0.E0,-2.234253787457E-1,2.5E-1));
#2371=VERTEX_POINT('',#2369);
#2372=VERTEX_POINT('',#2370);
#2373=CARTESIAN_POINT('',(-5.708641478516E-2,-2.204724409449E-1,2.5E-1));
#2374=CARTESIAN_POINT('',(-5.708641478516E-2,-2.795275590551E-1,2.5E-1));
#2375=VERTEX_POINT('',#2373);
#2376=VERTEX_POINT('',#2374);
#2377=CARTESIAN_POINT('',(-6.889763779528E-3,-2.805118110236E-1,2.5E-1));
#2378=CARTESIAN_POINT('',(-6.889763779528E-3,-2.194881889764E-1,2.5E-1));
#2379=VERTEX_POINT('',#2377);
#2380=VERTEX_POINT('',#2378);
#2381=CARTESIAN_POINT('',(0.E0,2.5E-1,2.685039370079E-1));
#2382=CARTESIAN_POINT('',(0.E0,2.5E-1,2.314960629921E-1));
#2383=VERTEX_POINT('',#2381);
#2384=VERTEX_POINT('',#2382);
#2385=CARTESIAN_POINT('',(2.421256947276E-1,2.5E-1,2.314960629921E-1));
#2386=CARTESIAN_POINT('',(2.421256947276E-1,2.5E-1,2.685039370079E-1));
#2387=VERTEX_POINT('',#2385);
#2388=VERTEX_POINT('',#2386);
#2389=CARTESIAN_POINT('',(2.5E-1,2.5E-1,2.393702450600E-1));
#2390=CARTESIAN_POINT('',(2.5E-1,2.5E-1,2.606297549400E-1));
#2391=VERTEX_POINT('',#2389);
#2392=VERTEX_POINT('',#2390);
#2393=CARTESIAN_POINT('',(-8.267716535433E-2,2.5E-1,2.696848730094E-1));
#2394=CARTESIAN_POINT('',(-8.267716535433E-2,2.5E-1,2.303151269906E-1));
#2395=VERTEX_POINT('',#2393);
#2396=VERTEX_POINT('',#2394);
#2397=CARTESIAN_POINT('',(-7.480291669938E-2,2.5E-1,2.775590551181E-1));
#2398=CARTESIAN_POINT('',(-7.480291669938E-2,2.5E-1,2.224409448819E-1));
#2399=VERTEX_POINT('',#2397);
#2400=VERTEX_POINT('',#2398);
#2401=CARTESIAN_POINT('',(-5.905493201470E-2,2.5E-1,2.775590551181E-1));
#2402=CARTESIAN_POINT('',(-5.905493201470E-2,2.5E-1,2.224409448819E-1));
#2403=VERTEX_POINT('',#2401);
#2404=VERTEX_POINT('',#2402);
#2405=CARTESIAN_POINT('',(-3.937216718248E-3,2.5E-1,2.805118110236E-1));
#2406=CARTESIAN_POINT('',(-3.937216718248E-3,2.5E-1,2.194881889764E-1));
#2407=VERTEX_POINT('',#2405);
#2408=VERTEX_POINT('',#2406);
#2409=CARTESIAN_POINT('',(0.E0,2.5E-1,2.765746212543E-1));
#2410=CARTESIAN_POINT('',(0.E0,2.5E-1,2.234253787457E-1));
#2411=VERTEX_POINT('',#2409);
#2412=VERTEX_POINT('',#2410);
#2413=CARTESIAN_POINT('',(-5.708641478516E-2,2.500000000041E-1,
2.795275590551E-1));
#2414=CARTESIAN_POINT('',(-5.708641478516E-2,2.204724409449E-1,2.5E-1));
#2415=VERTEX_POINT('',#2413);
#2416=VERTEX_POINT('',#2414);
#2417=CARTESIAN_POINT('',(-5.708641478516E-2,2.795275590551E-1,2.5E-1));
#2418=VERTEX_POINT('',#2417);
#2419=CARTESIAN_POINT('',(-5.708641478516E-2,2.499999999959E-1,
2.204724409449E-1));
#2420=VERTEX_POINT('',#2419);
#2421=CARTESIAN_POINT('',(-6.889763779528E-3,2.805118110236E-1,
2.499999997375E-1));
#2422=CARTESIAN_POINT('',(-6.889763779528E-3,2.5E-1,2.194881889764E-1));
#2423=VERTEX_POINT('',#2421);
#2424=VERTEX_POINT('',#2422);
#2425=CARTESIAN_POINT('',(-6.889763779528E-3,2.194881889764E-1,
2.500000002625E-1));
#2426=VERTEX_POINT('',#2425);
#2427=CARTESIAN_POINT('',(-6.889763779527E-3,2.5E-1,2.805118110236E-1));
#2428=VERTEX_POINT('',#2427);
#2429=CARTESIAN_POINT('',(-6.251968503937E-1,0.E0,0.E0));
#2430=DIRECTION('',(-1.E0,0.E0,0.E0));
#2431=DIRECTION('',(0.E0,1.E0,0.E0));
#2432=AXIS2_PLACEMENT_3D('',#2429,#2430,#2431);
#2433=PLANE('',#2432);
#2435=ORIENTED_EDGE('',*,*,#2434,.F.);
#2437=ORIENTED_EDGE('',*,*,#2436,.T.);
#2438=EDGE_LOOP('',(#2435,#2437));
#2439=FACE_OUTER_BOUND('',#2438,.F.);
#2441=ORIENTED_EDGE('',*,*,#2440,.F.);
#2443=ORIENTED_EDGE('',*,*,#2442,.T.);
#2444=EDGE_LOOP('',(#2441,#2443));
#2445=FACE_BOUND('',#2444,.F.);
#2446=ADVANCED_FACE('',(#2439,#2445),#2433,.T.);
#2447=CARTESIAN_POINT('',(3.125984251969E-2,0.E0,0.E0));
#2448=DIRECTION('',(-1.E0,0.E0,0.E0));
#2449=DIRECTION('',(0.E0,1.E0,0.E0));
#2450=AXIS2_PLACEMENT_3D('',#2447,#2448,#2449);
#2451=CYLINDRICAL_SURFACE('',#2450,1.889763779528E-1);
#2453=ORIENTED_EDGE('',*,*,#2452,.F.);
#2455=ORIENTED_EDGE('',*,*,#2454,.F.);
#2457=ORIENTED_EDGE('',*,*,#2456,.T.);
#2459=ORIENTED_EDGE('',*,*,#2458,.F.);
#2461=ORIENTED_EDGE('',*,*,#2460,.T.);
#2462=ORIENTED_EDGE('',*,*,#2434,.T.);
#2464=ORIENTED_EDGE('',*,*,#2463,.F.);
#2466=ORIENTED_EDGE('',*,*,#2465,.F.);
#2467=EDGE_LOOP('',(#2453,#2455,#2457,#2459,#2461,#2462,#2464,#2466));
#2468=FACE_OUTER_BOUND('',#2467,.F.);
#2469=ADVANCED_FACE('',(#2468),#2451,.T.);
#2470=CARTESIAN_POINT('',(0.E0,-1.791338582677E-1,0.E0));
#2471=DIRECTION('',(0.E0,1.E0,0.E0));
#2472=DIRECTION('',(1.E0,0.E0,0.E0));
#2473=AXIS2_PLACEMENT_3D('',#2470,#2471,#2472);
#2474=PLANE('',#2473);
#2476=ORIENTED_EDGE('',*,*,#2475,.F.);
#2478=ORIENTED_EDGE('',*,*,#2477,.T.);
#2479=ORIENTED_EDGE('',*,*,#2452,.T.);
#2481=ORIENTED_EDGE('',*,*,#2480,.F.);
#2483=ORIENTED_EDGE('',*,*,#2482,.F.);
#2485=ORIENTED_EDGE('',*,*,#2484,.T.);
#2487=ORIENTED_EDGE('',*,*,#2486,.F.);
#2488=EDGE_LOOP('',(#2476,#2478,#2479,#2481,#2483,#2485,#2487));
#2489=FACE_OUTER_BOUND('',#2488,.F.);
#2490=ADVANCED_FACE('',(#2489),#2474,.F.);
#2491=CARTESIAN_POINT('',(-4.582677165354E-1,-1.791338582677E-1,0.E0));
#2492=DIRECTION('',(0.E0,1.E0,0.E0));
#2493=DIRECTION('',(1.E0,0.E0,0.E0));
#2494=AXIS2_PLACEMENT_3D('',#2491,#2492,#2493);
#2495=CYLINDRICAL_SURFACE('',#2494,3.897637795276E-2);
#2497=ORIENTED_EDGE('',*,*,#2496,.F.);
#2499=ORIENTED_EDGE('',*,*,#2498,.F.);
#2501=ORIENTED_EDGE('',*,*,#2500,.T.);
#2503=ORIENTED_EDGE('',*,*,#2502,.T.);
#2504=ORIENTED_EDGE('',*,*,#2475,.T.);
#2506=ORIENTED_EDGE('',*,*,#2505,.T.);
#2507=EDGE_LOOP('',(#2497,#2499,#2501,#2503,#2504,#2506));
#2508=FACE_OUTER_BOUND('',#2507,.F.);
#2509=ADVANCED_FACE('',(#2508),#2495,.T.);
#2510=CARTESIAN_POINT('',(-6.251968503937E-1,0.E0,0.E0));
#2511=DIRECTION('',(-1.E0,0.E0,0.E0));
#2512=DIRECTION('',(0.E0,1.E0,0.E0));
#2513=AXIS2_PLACEMENT_3D('',#2510,#2511,#2512);
#2514=CYLINDRICAL_SURFACE('',#2513,2.165354330709E-1);
#2516=ORIENTED_EDGE('',*,*,#2515,.T.);
#2517=ORIENTED_EDGE('',*,*,#2496,.T.);
#2518=EDGE_LOOP('',(#2516,#2517));
#2519=FACE_OUTER_BOUND('',#2518,.F.);
#2520=ADVANCED_FACE('',(#2519),#2514,.T.);
#2521=CARTESIAN_POINT('',(-4.582677165354E-1,-1.791338582677E-1,0.E0));
#2522=DIRECTION('',(0.E0,1.E0,0.E0));
#2523=DIRECTION('',(1.E0,0.E0,0.E0));
#2524=AXIS2_PLACEMENT_3D('',#2521,#2522,#2523);
#2525=CYLINDRICAL_SURFACE('',#2524,3.897637795276E-2);
#2526=ORIENTED_EDGE('',*,*,#2515,.F.);
#2527=ORIENTED_EDGE('',*,*,#2505,.F.);
#2528=ORIENTED_EDGE('',*,*,#2486,.T.);
#2530=ORIENTED_EDGE('',*,*,#2529,.T.);
#2532=ORIENTED_EDGE('',*,*,#2531,.T.);
#2533=ORIENTED_EDGE('',*,*,#2498,.T.);
#2534=EDGE_LOOP('',(#2526,#2527,#2528,#2530,#2532,#2533));
#2535=FACE_OUTER_BOUND('',#2534,.F.);
#2536=ADVANCED_FACE('',(#2535),#2525,.T.);
#2537=CARTESIAN_POINT('',(0.E0,-1.791338582677E-1,0.E0));
#2538=DIRECTION('',(0.E0,1.E0,0.E0));
#2539=DIRECTION('',(1.E0,0.E0,0.E0));
#2540=AXIS2_PLACEMENT_3D('',#2537,#2538,#2539);
#2541=PLANE('',#2540);
#2542=ORIENTED_EDGE('',*,*,#2529,.F.);
#2544=ORIENTED_EDGE('',*,*,#2543,.F.);
#2545=EDGE_LOOP('',(#2542,#2544));
#2546=FACE_OUTER_BOUND('',#2545,.F.);
#2547=ADVANCED_FACE('',(#2546),#2541,.T.);
#2548=CARTESIAN_POINT('',(-4.582677165354E-1,0.E0,0.E0));
#2549=DIRECTION('',(1.E0,0.E0,0.E0));
#2550=DIRECTION('',(0.E0,-1.E0,0.E0));
#2551=AXIS2_PLACEMENT_3D('',#2548,#2549,#2550);
#2552=TOROIDAL_SURFACE('',#2551,5.374015748031E-1,3.543307086614E-1);
#2553=ORIENTED_EDGE('',*,*,#2543,.T.);
#2554=ORIENTED_EDGE('',*,*,#2484,.F.);
#2556=ORIENTED_EDGE('',*,*,#2555,.T.);
#2558=ORIENTED_EDGE('',*,*,#2557,.F.);
#2560=ORIENTED_EDGE('',*,*,#2559,.T.);
#2562=ORIENTED_EDGE('',*,*,#2561,.F.);
#2564=ORIENTED_EDGE('',*,*,#2563,.F.);
#2566=ORIENTED_EDGE('',*,*,#2565,.F.);
#2567=EDGE_LOOP('',(#2553,#2554,#2556,#2558,#2560,#2562,#2564,#2566));
#2568=FACE_OUTER_BOUND('',#2567,.F.);
#2569=ADVANCED_FACE('',(#2568),#2552,.F.);
#2570=CARTESIAN_POINT('',(3.125984251969E-2,0.E0,0.E0));
#2571=DIRECTION('',(-1.E0,0.E0,0.E0));
#2572=DIRECTION('',(0.E0,1.E0,0.E0));
#2573=AXIS2_PLACEMENT_3D('',#2570,#2571,#2572);
#2574=CYLINDRICAL_SURFACE('',#2573,1.889763779528E-1);
#2575=ORIENTED_EDGE('',*,*,#2482,.T.);
#2577=ORIENTED_EDGE('',*,*,#2576,.F.);
#2578=ORIENTED_EDGE('',*,*,#2463,.T.);
#2579=ORIENTED_EDGE('',*,*,#2436,.F.);
#2580=ORIENTED_EDGE('',*,*,#2460,.F.);
#2582=ORIENTED_EDGE('',*,*,#2581,.F.);
#2584=ORIENTED_EDGE('',*,*,#2583,.F.);
#2585=ORIENTED_EDGE('',*,*,#2555,.F.);
#2586=EDGE_LOOP('',(#2575,#2577,#2578,#2579,#2580,#2582,#2584,#2585));
#2587=FACE_OUTER_BOUND('',#2586,.F.);
#2588=ADVANCED_FACE('',(#2587),#2574,.T.);
#2589=CARTESIAN_POINT('',(-4.582677165354E-1,-1.889763779528E-1,0.E0));
#2590=DIRECTION('',(0.E0,1.E0,0.E0));
#2591=DIRECTION('',(1.E0,0.E0,0.E0));
#2592=AXIS2_PLACEMENT_3D('',#2589,#2590,#2591);
#2593=CYLINDRICAL_SURFACE('',#2592,9.842519685039E-2);
#2594=ORIENTED_EDGE('',*,*,#2465,.T.);
#2595=ORIENTED_EDGE('',*,*,#2576,.T.);
#2596=ORIENTED_EDGE('',*,*,#2480,.T.);
#2597=EDGE_LOOP('',(#2594,#2595,#2596));
#2598=FACE_OUTER_BOUND('',#2597,.F.);
#2599=ADVANCED_FACE('',(#2598),#2593,.F.);
#2600=CARTESIAN_POINT('',(-4.582677165354E-1,1.889763779528E-1,0.E0));
#2601=DIRECTION('',(0.E0,1.E0,0.E0));
#2602=DIRECTION('',(1.E0,0.E0,0.E0));
#2603=AXIS2_PLACEMENT_3D('',#2600,#2601,#2602);
#2604=CYLINDRICAL_SURFACE('',#2603,9.842519685039E-2);
#2606=ORIENTED_EDGE('',*,*,#2605,.T.);
#2607=ORIENTED_EDGE('',*,*,#2581,.T.);
#2608=ORIENTED_EDGE('',*,*,#2458,.T.);
#2609=EDGE_LOOP('',(#2606,#2607,#2608));
#2610=FACE_OUTER_BOUND('',#2609,.F.);
#2611=ADVANCED_FACE('',(#2610),#2604,.F.);
#2612=CARTESIAN_POINT('',(0.E0,1.791338582677E-1,0.E0));
#2613=DIRECTION('',(0.E0,1.E0,0.E0));
#2614=DIRECTION('',(1.E0,0.E0,0.E0));
#2615=AXIS2_PLACEMENT_3D('',#2612,#2613,#2614);
#2616=PLANE('',#2615);
#2618=ORIENTED_EDGE('',*,*,#2617,.T.);
#2620=ORIENTED_EDGE('',*,*,#2619,.T.);
#2621=ORIENTED_EDGE('',*,*,#2557,.T.);
#2622=ORIENTED_EDGE('',*,*,#2583,.T.);
#2623=ORIENTED_EDGE('',*,*,#2605,.F.);
#2624=ORIENTED_EDGE('',*,*,#2456,.F.);
#2626=ORIENTED_EDGE('',*,*,#2625,.T.);
#2627=EDGE_LOOP('',(#2618,#2620,#2621,#2622,#2623,#2624,#2626));
#2628=FACE_OUTER_BOUND('',#2627,.F.);
#2629=ADVANCED_FACE('',(#2628),#2616,.T.);
#2630=CARTESIAN_POINT('',(-4.582677165354E-1,1.791338582677E-1,0.E0));
#2631=DIRECTION('',(0.E0,1.E0,0.E0));
#2632=DIRECTION('',(1.E0,0.E0,0.E0));
#2633=AXIS2_PLACEMENT_3D('',#2630,#2631,#2632);
#2634=CYLINDRICAL_SURFACE('',#2633,3.897637795276E-2);
#2636=ORIENTED_EDGE('',*,*,#2635,.F.);
#2638=ORIENTED_EDGE('',*,*,#2637,.F.);
#2639=ORIENTED_EDGE('',*,*,#2617,.F.);
#2641=ORIENTED_EDGE('',*,*,#2640,.F.);
#2643=ORIENTED_EDGE('',*,*,#2642,.F.);
#2645=ORIENTED_EDGE('',*,*,#2644,.T.);
#2646=EDGE_LOOP('',(#2636,#2638,#2639,#2641,#2643,#2645));
#2647=FACE_OUTER_BOUND('',#2646,.F.);
#2648=ADVANCED_FACE('',(#2647),#2634,.T.);
#2649=CARTESIAN_POINT('',(-6.251968503937E-1,0.E0,0.E0));
#2650=DIRECTION('',(-1.E0,0.E0,0.E0));
#2651=DIRECTION('',(0.E0,1.E0,0.E0));
#2652=AXIS2_PLACEMENT_3D('',#2649,#2650,#2651);
#2653=CYLINDRICAL_SURFACE('',#2652,2.165354330709E-1);
#2655=ORIENTED_EDGE('',*,*,#2654,.T.);
#2656=ORIENTED_EDGE('',*,*,#2635,.T.);
#2657=EDGE_LOOP('',(#2655,#2656));
#2658=FACE_OUTER_BOUND('',#2657,.F.);
#2659=ADVANCED_FACE('',(#2658),#2653,.T.);
#2660=CARTESIAN_POINT('',(-4.582677165354E-1,1.791338582677E-1,0.E0));
#2661=DIRECTION('',(0.E0,1.E0,0.E0));
#2662=DIRECTION('',(1.E0,0.E0,0.E0));
#2663=AXIS2_PLACEMENT_3D('',#2660,#2661,#2662);
#2664=CYLINDRICAL_SURFACE('',#2663,3.897637795276E-2);
#2665=ORIENTED_EDGE('',*,*,#2654,.F.);
#2666=ORIENTED_EDGE('',*,*,#2644,.F.);
#2668=ORIENTED_EDGE('',*,*,#2667,.F.);
#2670=ORIENTED_EDGE('',*,*,#2669,.F.);
#2671=ORIENTED_EDGE('',*,*,#2619,.F.);
#2672=ORIENTED_EDGE('',*,*,#2637,.T.);
#2673=EDGE_LOOP('',(#2665,#2666,#2668,#2670,#2671,#2672));
#2674=FACE_OUTER_BOUND('',#2673,.F.);
#2675=ADVANCED_FACE('',(#2674),#2664,.T.);
#2676=CARTESIAN_POINT('',(0.E0,1.791338582677E-1,0.E0));
#2677=DIRECTION('',(0.E0,1.E0,0.E0));
#2678=DIRECTION('',(1.E0,0.E0,0.E0));
#2679=AXIS2_PLACEMENT_3D('',#2676,#2677,#2678);
#2680=PLANE('',#2679);
#2681=ORIENTED_EDGE('',*,*,#2642,.T.);
#2683=ORIENTED_EDGE('',*,*,#2682,.T.);
#2685=ORIENTED_EDGE('',*,*,#2684,.F.);
#2687=ORIENTED_EDGE('',*,*,#2686,.F.);
#2689=ORIENTED_EDGE('',*,*,#2688,.T.);
#2690=ORIENTED_EDGE('',*,*,#2561,.T.);
#2691=ORIENTED_EDGE('',*,*,#2667,.T.);
#2692=EDGE_LOOP('',(#2681,#2683,#2685,#2687,#2689,#2690,#2691));
#2693=FACE_OUTER_BOUND('',#2692,.F.);
#2694=ADVANCED_FACE('',(#2693),#2680,.T.);
#2695=CARTESIAN_POINT('',(-4.582677165354E-1,0.E0,0.E0));
#2696=DIRECTION('',(1.E0,0.E0,0.E0));
#2697=DIRECTION('',(0.E0,-1.E0,0.E0));
#2698=AXIS2_PLACEMENT_3D('',#2695,#2696,#2697);
#2699=TOROIDAL_SURFACE('',#2698,5.374015748031E-1,3.543307086614E-1);
#2701=ORIENTED_EDGE('',*,*,#2700,.T.);
#2703=ORIENTED_EDGE('',*,*,#2702,.F.);
#2705=ORIENTED_EDGE('',*,*,#2704,.F.);
#2706=ORIENTED_EDGE('',*,*,#2682,.F.);
#2708=ORIENTED_EDGE('',*,*,#2707,.T.);
#2709=ORIENTED_EDGE('',*,*,#2625,.F.);
#2710=ORIENTED_EDGE('',*,*,#2454,.T.);
#2711=ORIENTED_EDGE('',*,*,#2477,.F.);
#2712=EDGE_LOOP('',(#2701,#2703,#2705,#2706,#2708,#2709,#2710,#2711));
#2713=FACE_OUTER_BOUND('',#2712,.F.);
#2714=ADVANCED_FACE('',(#2713),#2699,.F.);
#2715=CARTESIAN_POINT('',(0.E0,-1.791338582677E-1,0.E0));
#2716=DIRECTION('',(0.E0,1.E0,0.E0));
#2717=DIRECTION('',(1.E0,0.E0,0.E0));
#2718=AXIS2_PLACEMENT_3D('',#2715,#2716,#2717);
#2719=PLANE('',#2718);
#2720=ORIENTED_EDGE('',*,*,#2502,.F.);
#2721=ORIENTED_EDGE('',*,*,#2700,.F.);
#2722=EDGE_LOOP('',(#2720,#2721));
#2723=FACE_OUTER_BOUND('',#2722,.F.);
#2724=ADVANCED_FACE('',(#2723),#2719,.T.);
#2725=CARTESIAN_POINT('',(0.E0,-1.791338582677E-1,0.E0));
#2726=DIRECTION('',(0.E0,1.E0,0.E0));
#2727=DIRECTION('',(1.E0,0.E0,0.E0));
#2728=AXIS2_PLACEMENT_3D('',#2725,#2726,#2727);
#2729=PLANE('',#2728);
#2730=ORIENTED_EDGE('',*,*,#2500,.F.);
#2731=ORIENTED_EDGE('',*,*,#2531,.F.);
#2732=ORIENTED_EDGE('',*,*,#2565,.T.);
#2734=ORIENTED_EDGE('',*,*,#2733,.F.);
#2736=ORIENTED_EDGE('',*,*,#2735,.F.);
#2738=ORIENTED_EDGE('',*,*,#2737,.T.);
#2739=ORIENTED_EDGE('',*,*,#2702,.T.);
#2740=EDGE_LOOP('',(#2730,#2731,#2732,#2734,#2736,#2738,#2739));
#2741=FACE_OUTER_BOUND('',#2740,.F.);
#2742=ADVANCED_FACE('',(#2741),#2729,.F.);
#2743=CARTESIAN_POINT('',(3.125984251969E-2,0.E0,0.E0));
#2744=DIRECTION('',(-1.E0,0.E0,0.E0));
#2745=DIRECTION('',(0.E0,1.E0,0.E0));
#2746=AXIS2_PLACEMENT_3D('',#2743,#2744,#2745);
#2747=CYLINDRICAL_SURFACE('',#2746,1.889763779528E-1);
#2748=ORIENTED_EDGE('',*,*,#2733,.T.);
#2749=ORIENTED_EDGE('',*,*,#2563,.T.);
#2750=ORIENTED_EDGE('',*,*,#2688,.F.);
#2752=ORIENTED_EDGE('',*,*,#2751,.F.);
#2754=ORIENTED_EDGE('',*,*,#2753,.F.);
#2756=ORIENTED_EDGE('',*,*,#2755,.T.);
#2758=ORIENTED_EDGE('',*,*,#2757,.T.);
#2760=ORIENTED_EDGE('',*,*,#2759,.F.);
#2761=EDGE_LOOP('',(#2748,#2749,#2750,#2752,#2754,#2756,#2758,#2760));
#2762=FACE_OUTER_BOUND('',#2761,.F.);
#2763=ADVANCED_FACE('',(#2762),#2747,.T.);
#2764=CARTESIAN_POINT('',(-4.582677165354E-1,1.889763779528E-1,0.E0));
#2765=DIRECTION('',(0.E0,1.E0,0.E0));
#2766=DIRECTION('',(1.E0,0.E0,0.E0));
#2767=AXIS2_PLACEMENT_3D('',#2764,#2765,#2766);
#2768=CYLINDRICAL_SURFACE('',#2767,9.842519685039E-2);
#2770=ORIENTED_EDGE('',*,*,#2769,.T.);
#2771=ORIENTED_EDGE('',*,*,#2751,.T.);
#2772=ORIENTED_EDGE('',*,*,#2686,.T.);
#2773=EDGE_LOOP('',(#2770,#2771,#2772));
#2774=FACE_OUTER_BOUND('',#2773,.F.);
#2775=ADVANCED_FACE('',(#2774),#2768,.F.);
#2776=CARTESIAN_POINT('',(3.125984251969E-2,0.E0,0.E0));
#2777=DIRECTION('',(-1.E0,0.E0,0.E0));
#2778=DIRECTION('',(0.E0,1.E0,0.E0));
#2779=AXIS2_PLACEMENT_3D('',#2776,#2777,#2778);
#2780=CYLINDRICAL_SURFACE('',#2779,1.889763779528E-1);
#2781=ORIENTED_EDGE('',*,*,#2737,.F.);
#2783=ORIENTED_EDGE('',*,*,#2782,.F.);
#2784=ORIENTED_EDGE('',*,*,#2757,.F.);
#2786=ORIENTED_EDGE('',*,*,#2785,.F.);
#2787=ORIENTED_EDGE('',*,*,#2753,.T.);
#2788=ORIENTED_EDGE('',*,*,#2769,.F.);
#2789=ORIENTED_EDGE('',*,*,#2684,.T.);
#2790=ORIENTED_EDGE('',*,*,#2704,.T.);
#2791=EDGE_LOOP('',(#2781,#2783,#2784,#2786,#2787,#2788,#2789,#2790));
#2792=FACE_OUTER_BOUND('',#2791,.F.);
#2793=ADVANCED_FACE('',(#2792),#2780,.T.);
#2794=CARTESIAN_POINT('',(-4.582677165354E-1,-1.889763779528E-1,0.E0));
#2795=DIRECTION('',(0.E0,1.E0,0.E0));
#2796=DIRECTION('',(1.E0,0.E0,0.E0));
#2797=AXIS2_PLACEMENT_3D('',#2794,#2795,#2796);
#2798=CYLINDRICAL_SURFACE('',#2797,9.842519685039E-2);
#2799=ORIENTED_EDGE('',*,*,#2735,.T.);
#2800=ORIENTED_EDGE('',*,*,#2759,.T.);
#2801=ORIENTED_EDGE('',*,*,#2782,.T.);
#2802=EDGE_LOOP('',(#2799,#2800,#2801));
#2803=FACE_OUTER_BOUND('',#2802,.F.);
#2804=ADVANCED_FACE('',(#2803),#2798,.F.);
#2805=CARTESIAN_POINT('',(-9.291338582677E-2,0.E0,0.E0));
#2806=DIRECTION('',(-1.E0,0.E0,0.E0));
#2807=DIRECTION('',(0.E0,1.E0,0.E0));
#2808=AXIS2_PLACEMENT_3D('',#2805,#2806,#2807);
#2809=PLANE('',#2808);
#2811=ORIENTED_EDGE('',*,*,#2810,.F.);
#2813=ORIENTED_EDGE('',*,*,#2812,.F.);
#2815=ORIENTED_EDGE('',*,*,#2814,.F.);
#2817=ORIENTED_EDGE('',*,*,#2816,.F.);
#2819=ORIENTED_EDGE('',*,*,#2818,.F.);
#2821=ORIENTED_EDGE('',*,*,#2820,.F.);
#2823=ORIENTED_EDGE('',*,*,#2822,.F.);
#2825=ORIENTED_EDGE('',*,*,#2824,.F.);
#2826=EDGE_LOOP('',(#2811,#2813,#2815,#2817,#2819,#2821,#2823,#2825));
#2827=FACE_OUTER_BOUND('',#2826,.F.);
#2828=ORIENTED_EDGE('',*,*,#2755,.F.);
#2829=ORIENTED_EDGE('',*,*,#2785,.T.);
#2830=EDGE_LOOP('',(#2828,#2829));
#2831=FACE_BOUND('',#2830,.F.);
#2833=ORIENTED_EDGE('',*,*,#2832,.F.);
#2835=ORIENTED_EDGE('',*,*,#2834,.F.);
#2836=EDGE_LOOP('',(#2833,#2835));
#2837=FACE_BOUND('',#2836,.F.);
#2839=ORIENTED_EDGE('',*,*,#2838,.F.);
#2841=ORIENTED_EDGE('',*,*,#2840,.F.);
#2842=EDGE_LOOP('',(#2839,#2841));
#2843=FACE_BOUND('',#2842,.F.);
#2845=ORIENTED_EDGE('',*,*,#2844,.F.);
#2847=ORIENTED_EDGE('',*,*,#2846,.F.);
#2848=EDGE_LOOP('',(#2845,#2847));
#2849=FACE_BOUND('',#2848,.F.);
#2851=ORIENTED_EDGE('',*,*,#2850,.F.);
#2853=ORIENTED_EDGE('',*,*,#2852,.F.);
#2854=EDGE_LOOP('',(#2851,#2853));
#2855=FACE_BOUND('',#2854,.F.);
#2856=ADVANCED_FACE('',(#2827,#2831,#2837,#2843,#2849,#2855),#2809,.T.);
#2857=CARTESIAN_POINT('',(-1.440203464567E0,2.944881889764E-1,
2.944881889764E-1));
#2858=DIRECTION('',(1.E0,0.E0,0.E0));
#2859=DIRECTION('',(0.E0,1.E0,0.E0));
#2860=AXIS2_PLACEMENT_3D('',#2857,#2858,#2859);
#2861=CYLINDRICAL_SURFACE('',#2860,5.E-2);
#2863=ORIENTED_EDGE('',*,*,#2862,.T.);
#2865=ORIENTED_EDGE('',*,*,#2864,.F.);
#2866=ORIENTED_EDGE('',*,*,#2810,.T.);
#2868=ORIENTED_EDGE('',*,*,#2867,.T.);
#2869=EDGE_LOOP('',(#2863,#2865,#2866,#2868));
#2870=FACE_OUTER_BOUND('',#2869,.F.);
#2871=ADVANCED_FACE('',(#2870),#2861,.T.);
#2872=CARTESIAN_POINT('',(0.E0,0.E0,0.E0));
#2873=DIRECTION('',(-1.E0,0.E0,0.E0));
#2874=DIRECTION('',(0.E0,1.E0,0.E0));
#2875=AXIS2_PLACEMENT_3D('',#2872,#2873,#2874);
#2876=PLANE('',#2875);
#2877=ORIENTED_EDGE('',*,*,#2862,.F.);
#2879=ORIENTED_EDGE('',*,*,#2878,.T.);
#2881=ORIENTED_EDGE('',*,*,#2880,.F.);
#2883=ORIENTED_EDGE('',*,*,#2882,.T.);
#2885=ORIENTED_EDGE('',*,*,#2884,.F.);
#2887=ORIENTED_EDGE('',*,*,#2886,.T.);
#2889=ORIENTED_EDGE('',*,*,#2888,.F.);
#2891=ORIENTED_EDGE('',*,*,#2890,.T.);
#2892=EDGE_LOOP('',(#2877,#2879,#2881,#2883,#2885,#2887,#2889,#2891));
#2893=FACE_OUTER_BOUND('',#2892,.F.);
#2895=ORIENTED_EDGE('',*,*,#2894,.F.);
#2897=ORIENTED_EDGE('',*,*,#2896,.F.);
#2898=EDGE_LOOP('',(#2895,#2897));
#2899=FACE_BOUND('',#2898,.F.);
#2901=ORIENTED_EDGE('',*,*,#2900,.F.);
#2903=ORIENTED_EDGE('',*,*,#2902,.F.);
#2904=EDGE_LOOP('',(#2901,#2903));
#2905=FACE_BOUND('',#2904,.F.);
#2907=ORIENTED_EDGE('',*,*,#2906,.F.);
#2909=ORIENTED_EDGE('',*,*,#2908,.F.);
#2910=EDGE_LOOP('',(#2907,#2909));
#2911=FACE_BOUND('',#2910,.F.);
#2913=ORIENTED_EDGE('',*,*,#2912,.F.);
#2915=ORIENTED_EDGE('',*,*,#2914,.F.);
#2916=EDGE_LOOP('',(#2913,#2915));
#2917=FACE_BOUND('',#2916,.F.);
#2919=ORIENTED_EDGE('',*,*,#2918,.F.);
#2921=ORIENTED_EDGE('',*,*,#2920,.F.);
#2922=EDGE_LOOP('',(#2919,#2921));
#2923=FACE_BOUND('',#2922,.F.);
#2924=ADVANCED_FACE('',(#2893,#2899,#2905,#2911,#2917,#2923),#2876,.F.);
#2925=CARTESIAN_POINT('',(0.E0,3.444881889764E-1,3.444881889764E-1));
#2926=DIRECTION('',(0.E0,-1.E0,0.E0));
#2927=DIRECTION('',(0.E0,0.E0,-1.E0));
#2928=AXIS2_PLACEMENT_3D('',#2925,#2926,#2927);
#2929=PLANE('',#2928);
#2930=ORIENTED_EDGE('',*,*,#2867,.F.);
#2931=ORIENTED_EDGE('',*,*,#2824,.T.);
#2933=ORIENTED_EDGE('',*,*,#2932,.T.);
#2934=ORIENTED_EDGE('',*,*,#2878,.F.);
#2935=EDGE_LOOP('',(#2930,#2931,#2933,#2934));
#2936=FACE_OUTER_BOUND('',#2935,.F.);
#2937=ADVANCED_FACE('',(#2936),#2929,.F.);
#2938=CARTESIAN_POINT('',(-1.440203464567E0,2.944881889764E-1,
-2.944881889764E-1));
#2939=DIRECTION('',(1.E0,0.E0,0.E0));
#2940=DIRECTION('',(0.E0,0.E0,-1.E0));
#2941=AXIS2_PLACEMENT_3D('',#2938,#2939,#2940);
#2942=CYLINDRICAL_SURFACE('',#2941,5.E-2);
#2943=ORIENTED_EDGE('',*,*,#2880,.T.);
#2944=ORIENTED_EDGE('',*,*,#2932,.F.);
#2945=ORIENTED_EDGE('',*,*,#2822,.T.);
#2947=ORIENTED_EDGE('',*,*,#2946,.T.);
#2948=EDGE_LOOP('',(#2943,#2944,#2945,#2947));
#2949=FACE_OUTER_BOUND('',#2948,.F.);
#2950=ADVANCED_FACE('',(#2949),#2942,.T.);
#2951=CARTESIAN_POINT('',(0.E0,3.444881889764E-1,-3.444881889764E-1));
#2952=DIRECTION('',(0.E0,0.E0,1.E0));
#2953=DIRECTION('',(0.E0,-1.E0,0.E0));
#2954=AXIS2_PLACEMENT_3D('',#2951,#2952,#2953);
#2955=PLANE('',#2954);
#2957=ORIENTED_EDGE('',*,*,#2956,.T.);
#2958=ORIENTED_EDGE('',*,*,#2882,.F.);
#2959=ORIENTED_EDGE('',*,*,#2946,.F.);
#2960=ORIENTED_EDGE('',*,*,#2820,.T.);
#2961=EDGE_LOOP('',(#2957,#2958,#2959,#2960));
#2962=FACE_OUTER_BOUND('',#2961,.F.);
#2963=ADVANCED_FACE('',(#2962),#2955,.F.);
#2964=CARTESIAN_POINT('',(-1.440203464567E0,-2.944881889764E-1,
-2.944881889764E-1));
#2965=DIRECTION('',(1.E0,0.E0,0.E0));
#2966=DIRECTION('',(0.E0,-1.E0,0.E0));
#2967=AXIS2_PLACEMENT_3D('',#2964,#2965,#2966);
#2968=CYLINDRICAL_SURFACE('',#2967,5.E-2);
#2969=ORIENTED_EDGE('',*,*,#2884,.T.);
#2970=ORIENTED_EDGE('',*,*,#2956,.F.);
#2971=ORIENTED_EDGE('',*,*,#2818,.T.);
#2973=ORIENTED_EDGE('',*,*,#2972,.T.);
#2974=EDGE_LOOP('',(#2969,#2970,#2971,#2973));
#2975=FACE_OUTER_BOUND('',#2974,.F.);
#2976=ADVANCED_FACE('',(#2975),#2968,.T.);
#2977=CARTESIAN_POINT('',(0.E0,-3.444881889764E-1,-3.444881889764E-1));
#2978=DIRECTION('',(0.E0,1.E0,0.E0));
#2979=DIRECTION('',(0.E0,0.E0,1.E0));
#2980=AXIS2_PLACEMENT_3D('',#2977,#2978,#2979);
#2981=PLANE('',#2980);
#2983=ORIENTED_EDGE('',*,*,#2982,.T.);
#2984=ORIENTED_EDGE('',*,*,#2886,.F.);
#2985=ORIENTED_EDGE('',*,*,#2972,.F.);
#2986=ORIENTED_EDGE('',*,*,#2816,.T.);
#2987=EDGE_LOOP('',(#2983,#2984,#2985,#2986));
#2988=FACE_OUTER_BOUND('',#2987,.F.);
#2989=ADVANCED_FACE('',(#2988),#2981,.F.);
#2990=CARTESIAN_POINT('',(-1.440203464567E0,-2.944881889764E-1,
2.944881889764E-1));
#2991=DIRECTION('',(1.E0,0.E0,0.E0));
#2992=DIRECTION('',(0.E0,0.E0,1.E0));
#2993=AXIS2_PLACEMENT_3D('',#2990,#2991,#2992);
#2994=CYLINDRICAL_SURFACE('',#2993,5.E-2);
#2995=ORIENTED_EDGE('',*,*,#2888,.T.);
#2996=ORIENTED_EDGE('',*,*,#2982,.F.);
#2997=ORIENTED_EDGE('',*,*,#2814,.T.);
#2999=ORIENTED_EDGE('',*,*,#2998,.T.);
#3000=EDGE_LOOP('',(#2995,#2996,#2997,#2999));
#3001=FACE_OUTER_BOUND('',#3000,.F.);
#3002=ADVANCED_FACE('',(#3001),#2994,.T.);
#3003=CARTESIAN_POINT('',(0.E0,-3.444881889764E-1,3.444881889764E-1));
#3004=DIRECTION('',(0.E0,0.E0,-1.E0));
#3005=DIRECTION('',(0.E0,1.E0,0.E0));
#3006=AXIS2_PLACEMENT_3D('',#3003,#3004,#3005);
#3007=PLANE('',#3006);
#3008=ORIENTED_EDGE('',*,*,#2864,.T.);
#3009=ORIENTED_EDGE('',*,*,#2890,.F.);
#3010=ORIENTED_EDGE('',*,*,#2998,.F.);
#3011=ORIENTED_EDGE('',*,*,#2812,.T.);
#3012=EDGE_LOOP('',(#3008,#3009,#3010,#3011));
#3013=FACE_OUTER_BOUND('',#3012,.F.);
#3014=ADVANCED_FACE('',(#3013),#3007,.F.);
#3015=CARTESIAN_POINT('',(-3.444881889764E-3,2.5E-1,2.5E-1));
#3016=DIRECTION('',(1.E0,0.E0,0.E0));
#3017=DIRECTION('',(0.E0,0.E0,-1.E0));
#3018=AXIS2_PLACEMENT_3D('',#3015,#3016,#3017);
#3019=CONICAL_SURFACE('',#3018,3.395669291339E-2,4.5E1);
#3021=ORIENTED_EDGE('',*,*,#3020,.F.);
#3023=ORIENTED_EDGE('',*,*,#3022,.F.);
#3025=ORIENTED_EDGE('',*,*,#3024,.F.);
#3026=ORIENTED_EDGE('',*,*,#2894,.T.);
#3028=ORIENTED_EDGE('',*,*,#3027,.T.);
#3029=EDGE_LOOP('',(#3021,#3023,#3025,#3026,#3028));
#3030=FACE_OUTER_BOUND('',#3029,.F.);
#3031=ADVANCED_FACE('',(#3030),#3019,.F.);
#3032=CARTESIAN_POINT('',(2.666338582677E-1,2.5E-1,2.5E-1));
#3033=DIRECTION('',(-1.E0,0.E0,0.E0));
#3034=DIRECTION('',(0.E0,0.E0,1.E0));
#3035=AXIS2_PLACEMENT_3D('',#3032,#3033,#3034);
#3036=CYLINDRICAL_SURFACE('',#3035,3.051181102362E-2);
#3038=ORIENTED_EDGE('',*,*,#3037,.T.);
#3040=ORIENTED_EDGE('',*,*,#3039,.F.);
#3042=ORIENTED_EDGE('',*,*,#3041,.F.);
#3044=ORIENTED_EDGE('',*,*,#3043,.T.);
#3045=ORIENTED_EDGE('',*,*,#3020,.T.);
#3046=EDGE_LOOP('',(#3038,#3040,#3042,#3044,#3045));
#3047=FACE_OUTER_BOUND('',#3046,.F.);
#3048=ADVANCED_FACE('',(#3047),#3036,.T.);
#3049=CARTESIAN_POINT('',(-3.444881889764E-3,2.5E-1,2.5E-1));
#3050=DIRECTION('',(1.E0,0.E0,0.E0));
#3051=DIRECTION('',(0.E0,0.E0,-1.E0));
#3052=AXIS2_PLACEMENT_3D('',#3049,#3050,#3051);
#3053=CONICAL_SURFACE('',#3052,3.395669291339E-2,4.5E1);
#3054=ORIENTED_EDGE('',*,*,#3037,.F.);
#3055=ORIENTED_EDGE('',*,*,#3027,.F.);
#3056=ORIENTED_EDGE('',*,*,#2896,.T.);
#3057=ORIENTED_EDGE('',*,*,#3024,.T.);
#3059=ORIENTED_EDGE('',*,*,#3058,.F.);
#3060=EDGE_LOOP('',(#3054,#3055,#3056,#3057,#3059));
#3061=FACE_OUTER_BOUND('',#3060,.F.);
#3062=ADVANCED_FACE('',(#3061),#3053,.F.);
#3063=CARTESIAN_POINT('',(2.666338582677E-1,2.5E-1,2.5E-1));
#3064=DIRECTION('',(-1.E0,0.E0,0.E0));
#3065=DIRECTION('',(0.E0,0.E0,1.E0));
#3066=AXIS2_PLACEMENT_3D('',#3063,#3064,#3065);
#3067=CYLINDRICAL_SURFACE('',#3066,3.051181102362E-2);
#3068=ORIENTED_EDGE('',*,*,#3058,.T.);
#3069=ORIENTED_EDGE('',*,*,#3022,.T.);
#3070=ORIENTED_EDGE('',*,*,#3043,.F.);
#3072=ORIENTED_EDGE('',*,*,#3071,.F.);
#3073=ORIENTED_EDGE('',*,*,#3039,.T.);
#3074=EDGE_LOOP('',(#3068,#3069,#3070,#3072,#3073));
#3075=FACE_OUTER_BOUND('',#3074,.F.);
#3076=ADVANCED_FACE('',(#3075),#3067,.T.);
#3077=CARTESIAN_POINT('',(-1.968609008482E-3,2.5E-1,2.5E-1));
#3078=DIRECTION('',(-1.E0,0.E0,0.E0));
#3079=DIRECTION('',(0.E0,1.E0,0.E0));
#3080=AXIS2_PLACEMENT_3D('',#3077,#3078,#3079);
#3081=CONICAL_SURFACE('',#3080,2.854321678830E-2,4.499980391442E1);
#3082=ORIENTED_EDGE('',*,*,#3071,.T.);
#3084=ORIENTED_EDGE('',*,*,#3083,.T.);
#3086=ORIENTED_EDGE('',*,*,#3085,.F.);
#3088=ORIENTED_EDGE('',*,*,#3087,.F.);
#3089=EDGE_LOOP('',(#3082,#3084,#3086,#3088));
#3090=FACE_OUTER_BOUND('',#3089,.F.);
#3091=ADVANCED_FACE('',(#3090),#3081,.T.);
#3092=CARTESIAN_POINT('',(-1.968609008482E-3,2.5E-1,2.5E-1));
#3093=DIRECTION('',(-1.E0,0.E0,0.E0));
#3094=DIRECTION('',(0.E0,1.E0,0.E0));
#3095=AXIS2_PLACEMENT_3D('',#3092,#3093,#3094);
#3096=CONICAL_SURFACE('',#3095,2.854321678830E-2,4.499980391442E1);
#3097=ORIENTED_EDGE('',*,*,#3041,.T.);
#3098=ORIENTED_EDGE('',*,*,#3087,.T.);
#3100=ORIENTED_EDGE('',*,*,#3099,.F.);
#3101=ORIENTED_EDGE('',*,*,#3083,.F.);
#3102=EDGE_LOOP('',(#3097,#3098,#3100,#3101));
#3103=FACE_OUTER_BOUND('',#3102,.F.);
#3104=ADVANCED_FACE('',(#3103),#3096,.T.);
#3105=CARTESIAN_POINT('',(0.E0,2.5E-1,2.5E-1));
#3106=DIRECTION('',(-1.E0,0.E0,0.E0));
#3107=DIRECTION('',(0.E0,0.E0,1.E0));
#3108=AXIS2_PLACEMENT_3D('',#3105,#3106,#3107);
#3109=PLANE('',#3108);
#3110=ORIENTED_EDGE('',*,*,#3099,.T.);
#3111=ORIENTED_EDGE('',*,*,#3085,.T.);
#3112=EDGE_LOOP('',(#3110,#3111));
#3113=FACE_OUTER_BOUND('',#3112,.F.);
#3115=ORIENTED_EDGE('',*,*,#3114,.F.);
#3117=ORIENTED_EDGE('',*,*,#3116,.T.);
#3118=EDGE_LOOP('',(#3115,#3117));
#3119=FACE_BOUND('',#3118,.F.);
#3120=ADVANCED_FACE('',(#3113,#3119),#3109,.F.);
#3121=CARTESIAN_POINT('',(2.666338582677E-1,2.5E-1,2.5E-1));
#3122=DIRECTION('',(-1.E0,0.E0,0.E0));
#3123=DIRECTION('',(0.E0,0.E0,1.E0));
#3124=AXIS2_PLACEMENT_3D('',#3121,#3122,#3123);
#3125=CYLINDRICAL_SURFACE('',#3124,1.850393700787E-2);
#3127=ORIENTED_EDGE('',*,*,#3126,.F.);
#3129=ORIENTED_EDGE('',*,*,#3128,.T.);
#3130=ORIENTED_EDGE('',*,*,#3114,.T.);
#3132=ORIENTED_EDGE('',*,*,#3131,.F.);
#3133=EDGE_LOOP('',(#3127,#3129,#3130,#3132));
#3134=FACE_OUTER_BOUND('',#3133,.F.);
#3135=ADVANCED_FACE('',(#3134),#3125,.T.);
#3136=CARTESIAN_POINT('',(2.460628443970E-1,2.5E-1,2.5E-1));
#3137=DIRECTION('',(-1.E0,0.E0,0.E0));
#3138=DIRECTION('',(0.E0,1.E0,0.E0));
#3139=AXIS2_PLACEMENT_3D('',#3136,#3137,#3138);
#3140=CONICAL_SURFACE('',#3139,1.456684894067E-2,4.499955176048E1);
#3141=ORIENTED_EDGE('',*,*,#3126,.T.);
#3143=ORIENTED_EDGE('',*,*,#3142,.T.);
#3145=ORIENTED_EDGE('',*,*,#3144,.F.);
#3147=ORIENTED_EDGE('',*,*,#3146,.F.);
#3148=EDGE_LOOP('',(#3141,#3143,#3145,#3147));
#3149=FACE_OUTER_BOUND('',#3148,.F.);
#3150=ADVANCED_FACE('',(#3149),#3140,.T.);
#3151=CARTESIAN_POINT('',(2.460628443970E-1,2.5E-1,2.5E-1));
#3152=DIRECTION('',(-1.E0,0.E0,0.E0));
#3153=DIRECTION('',(0.E0,1.E0,0.E0));
#3154=AXIS2_PLACEMENT_3D('',#3151,#3152,#3153);
#3155=CONICAL_SURFACE('',#3154,1.456684894067E-2,4.499955176048E1);
#3157=ORIENTED_EDGE('',*,*,#3156,.T.);
#3158=ORIENTED_EDGE('',*,*,#3146,.T.);
#3160=ORIENTED_EDGE('',*,*,#3159,.F.);
#3161=ORIENTED_EDGE('',*,*,#3142,.F.);
#3162=EDGE_LOOP('',(#3157,#3158,#3160,#3161));
#3163=FACE_OUTER_BOUND('',#3162,.F.);
#3164=ADVANCED_FACE('',(#3163),#3155,.T.);
#3165=CARTESIAN_POINT('',(2.666338582677E-1,2.5E-1,2.5E-1));
#3166=DIRECTION('',(-1.E0,0.E0,0.E0));
#3167=DIRECTION('',(0.E0,0.E0,1.E0));
#3168=AXIS2_PLACEMENT_3D('',#3165,#3166,#3167);
#3169=CYLINDRICAL_SURFACE('',#3168,1.850393700787E-2);
#3170=ORIENTED_EDGE('',*,*,#3156,.F.);
#3171=ORIENTED_EDGE('',*,*,#3131,.T.);
#3172=ORIENTED_EDGE('',*,*,#3116,.F.);
#3173=ORIENTED_EDGE('',*,*,#3128,.F.);
#3174=EDGE_LOOP('',(#3170,#3171,#3172,#3173));
#3175=FACE_OUTER_BOUND('',#3174,.F.);
#3176=ADVANCED_FACE('',(#3175),#3169,.T.);
#3177=CARTESIAN_POINT('',(2.5E-1,2.5E-1,2.5E-1));
#3178=DIRECTION('',(-1.E0,0.E0,0.E0));
#3179=DIRECTION('',(0.E0,0.E0,1.E0));
#3180=AXIS2_PLACEMENT_3D('',#3177,#3178,#3179);
#3181=PLANE('',#3180);
#3182=ORIENTED_EDGE('',*,*,#3159,.T.);
#3183=ORIENTED_EDGE('',*,*,#3144,.T.);
#3184=EDGE_LOOP('',(#3182,#3183));
#3185=FACE_OUTER_BOUND('',#3184,.F.);
#3186=ADVANCED_FACE('',(#3185),#3181,.F.);
#3187=CARTESIAN_POINT('',(-3.444881889764E-3,2.5E-1,-2.5E-1));
#3188=DIRECTION('',(1.E0,0.E0,0.E0));
#3189=DIRECTION('',(0.E0,0.E0,-1.E0));
#3190=AXIS2_PLACEMENT_3D('',#3187,#3188,#3189);
#3191=CONICAL_SURFACE('',#3190,3.395669291339E-2,4.5E1);
#3193=ORIENTED_EDGE('',*,*,#3192,.F.);
#3195=ORIENTED_EDGE('',*,*,#3194,.F.);
#3196=ORIENTED_EDGE('',*,*,#2900,.T.);
#3198=ORIENTED_EDGE('',*,*,#3197,.T.);
#3199=EDGE_LOOP('',(#3193,#3195,#3196,#3198));
#3200=FACE_OUTER_BOUND('',#3199,.F.);
#3201=ADVANCED_FACE('',(#3200),#3191,.F.);
#3202=CARTESIAN_POINT('',(2.666338582677E-1,2.5E-1,-2.5E-1));
#3203=DIRECTION('',(-1.E0,0.E0,0.E0));
#3204=DIRECTION('',(0.E0,1.E0,0.E0));
#3205=AXIS2_PLACEMENT_3D('',#3202,#3203,#3204);
#3206=CYLINDRICAL_SURFACE('',#3205,3.051181102362E-2);
#3207=ORIENTED_EDGE('',*,*,#3192,.T.);
#3209=ORIENTED_EDGE('',*,*,#3208,.F.);
#3211=ORIENTED_EDGE('',*,*,#3210,.F.);
#3213=ORIENTED_EDGE('',*,*,#3212,.T.);
#3214=EDGE_LOOP('',(#3207,#3209,#3211,#3213));
#3215=FACE_OUTER_BOUND('',#3214,.F.);
#3216=ADVANCED_FACE('',(#3215),#3206,.T.);
#3217=CARTESIAN_POINT('',(2.666338582677E-1,2.5E-1,-2.5E-1));
#3218=DIRECTION('',(-1.E0,0.E0,0.E0));
#3219=DIRECTION('',(0.E0,1.E0,0.E0));
#3220=AXIS2_PLACEMENT_3D('',#3217,#3218,#3219);
#3221=CYLINDRICAL_SURFACE('',#3220,3.051181102362E-2);
#3223=ORIENTED_EDGE('',*,*,#3222,.T.);
#3224=ORIENTED_EDGE('',*,*,#3212,.F.);
#3226=ORIENTED_EDGE('',*,*,#3225,.F.);
#3227=ORIENTED_EDGE('',*,*,#3208,.T.);
#3228=EDGE_LOOP('',(#3223,#3224,#3226,#3227));
#3229=FACE_OUTER_BOUND('',#3228,.F.);
#3230=ADVANCED_FACE('',(#3229),#3221,.T.);
#3231=CARTESIAN_POINT('',(-3.444881889764E-3,2.5E-1,-2.5E-1));
#3232=DIRECTION('',(1.E0,0.E0,0.E0));
#3233=DIRECTION('',(0.E0,0.E0,-1.E0));
#3234=AXIS2_PLACEMENT_3D('',#3231,#3232,#3233);
#3235=CONICAL_SURFACE('',#3234,3.395669291339E-2,4.5E1);
#3236=ORIENTED_EDGE('',*,*,#3222,.F.);
#3237=ORIENTED_EDGE('',*,*,#3197,.F.);
#3238=ORIENTED_EDGE('',*,*,#2902,.T.);
#3239=ORIENTED_EDGE('',*,*,#3194,.T.);
#3240=EDGE_LOOP('',(#3236,#3237,#3238,#3239));
#3241=FACE_OUTER_BOUND('',#3240,.F.);
#3242=ADVANCED_FACE('',(#3241),#3235,.F.);
#3243=CARTESIAN_POINT('',(-1.968609008482E-3,2.5E-1,-2.5E-1));
#3244=DIRECTION('',(-1.E0,0.E0,0.E0));
#3245=DIRECTION('',(0.E0,0.E0,-1.E0));
#3246=AXIS2_PLACEMENT_3D('',#3243,#3244,#3245);
#3247=CONICAL_SURFACE('',#3246,2.854321678830E-2,4.499980391442E1);
#3248=ORIENTED_EDGE('',*,*,#3225,.T.);
#3250=ORIENTED_EDGE('',*,*,#3249,.T.);
#3252=ORIENTED_EDGE('',*,*,#3251,.F.);
#3254=ORIENTED_EDGE('',*,*,#3253,.F.);
#3255=EDGE_LOOP('',(#3248,#3250,#3252,#3254));
#3256=FACE_OUTER_BOUND('',#3255,.F.);
#3257=ADVANCED_FACE('',(#3256),#3247,.T.);
#3258=CARTESIAN_POINT('',(-1.968609008482E-3,2.5E-1,-2.5E-1));
#3259=DIRECTION('',(-1.E0,0.E0,0.E0));
#3260=DIRECTION('',(0.E0,0.E0,-1.E0));
#3261=AXIS2_PLACEMENT_3D('',#3258,#3259,#3260);
#3262=CONICAL_SURFACE('',#3261,2.854321678830E-2,4.499980391442E1);
#3263=ORIENTED_EDGE('',*,*,#3210,.T.);
#3264=ORIENTED_EDGE('',*,*,#3253,.T.);
#3266=ORIENTED_EDGE('',*,*,#3265,.F.);
#3267=ORIENTED_EDGE('',*,*,#3249,.F.);
#3268=EDGE_LOOP('',(#3263,#3264,#3266,#3267));
#3269=FACE_OUTER_BOUND('',#3268,.F.);
#3270=ADVANCED_FACE('',(#3269),#3262,.T.);
#3271=CARTESIAN_POINT('',(0.E0,2.5E-1,-2.5E-1));
#3272=DIRECTION('',(-1.E0,0.E0,0.E0));
#3273=DIRECTION('',(0.E0,1.E0,0.E0));
#3274=AXIS2_PLACEMENT_3D('',#3271,#3272,#3273);
#3275=PLANE('',#3274);
#3276=ORIENTED_EDGE('',*,*,#3265,.T.);
#3277=ORIENTED_EDGE('',*,*,#3251,.T.);
#3278=EDGE_LOOP('',(#3276,#3277));
#3279=FACE_OUTER_BOUND('',#3278,.F.);
#3281=ORIENTED_EDGE('',*,*,#3280,.F.);
#3283=ORIENTED_EDGE('',*,*,#3282,.T.);
#3284=EDGE_LOOP('',(#3281,#3283));
#3285=FACE_BOUND('',#3284,.F.);
#3286=ADVANCED_FACE('',(#3279,#3285),#3275,.F.);
#3287=CARTESIAN_POINT('',(2.666338582677E-1,2.5E-1,-2.5E-1));
#3288=DIRECTION('',(-1.E0,0.E0,0.E0));
#3289=DIRECTION('',(0.E0,1.E0,0.E0));
#3290=AXIS2_PLACEMENT_3D('',#3287,#3288,#3289);
#3291=CYLINDRICAL_SURFACE('',#3290,1.850393700787E-2);
#3293=ORIENTED_EDGE('',*,*,#3292,.F.);
#3295=ORIENTED_EDGE('',*,*,#3294,.T.);
#3296=ORIENTED_EDGE('',*,*,#3280,.T.);
#3298=ORIENTED_EDGE('',*,*,#3297,.F.);
#3299=EDGE_LOOP('',(#3293,#3295,#3296,#3298));
#3300=FACE_OUTER_BOUND('',#3299,.F.);
#3301=ADVANCED_FACE('',(#3300),#3291,.T.);
#3302=CARTESIAN_POINT('',(2.460628443970E-1,2.5E-1,-2.5E-1));
#3303=DIRECTION('',(-1.E0,0.E0,0.E0));
#3304=DIRECTION('',(0.E0,0.E0,-1.E0));
#3305=AXIS2_PLACEMENT_3D('',#3302,#3303,#3304);
#3306=CONICAL_SURFACE('',#3305,1.456684894067E-2,4.499955176048E1);
#3307=ORIENTED_EDGE('',*,*,#3292,.T.);
#3309=ORIENTED_EDGE('',*,*,#3308,.T.);
#3311=ORIENTED_EDGE('',*,*,#3310,.F.);
#3313=ORIENTED_EDGE('',*,*,#3312,.F.);
#3314=EDGE_LOOP('',(#3307,#3309,#3311,#3313));
#3315=FACE_OUTER_BOUND('',#3314,.F.);
#3316=ADVANCED_FACE('',(#3315),#3306,.T.);
#3317=CARTESIAN_POINT('',(2.460628443970E-1,2.5E-1,-2.5E-1));
#3318=DIRECTION('',(-1.E0,0.E0,0.E0));
#3319=DIRECTION('',(0.E0,0.E0,-1.E0));
#3320=AXIS2_PLACEMENT_3D('',#3317,#3318,#3319);
#3321=CONICAL_SURFACE('',#3320,1.456684894067E-2,4.499955176048E1);
#3323=ORIENTED_EDGE('',*,*,#3322,.T.);
#3324=ORIENTED_EDGE('',*,*,#3312,.T.);
#3326=ORIENTED_EDGE('',*,*,#3325,.F.);
#3327=ORIENTED_EDGE('',*,*,#3308,.F.);
#3328=EDGE_LOOP('',(#3323,#3324,#3326,#3327));
#3329=FACE_OUTER_BOUND('',#3328,.F.);
#3330=ADVANCED_FACE('',(#3329),#3321,.T.);
#3331=CARTESIAN_POINT('',(2.666338582677E-1,2.5E-1,-2.5E-1));
#3332=DIRECTION('',(-1.E0,0.E0,0.E0));
#3333=DIRECTION('',(0.E0,1.E0,0.E0));
#3334=AXIS2_PLACEMENT_3D('',#3331,#3332,#3333);
#3335=CYLINDRICAL_SURFACE('',#3334,1.850393700787E-2);
#3336=ORIENTED_EDGE('',*,*,#3322,.F.);
#3337=ORIENTED_EDGE('',*,*,#3297,.T.);
#3338=ORIENTED_EDGE('',*,*,#3282,.F.);
#3339=ORIENTED_EDGE('',*,*,#3294,.F.);
#3340=EDGE_LOOP('',(#3336,#3337,#3338,#3339));
#3341=FACE_OUTER_BOUND('',#3340,.F.);
#3342=ADVANCED_FACE('',(#3341),#3335,.T.);
#3343=CARTESIAN_POINT('',(2.5E-1,2.5E-1,-2.5E-1));
#3344=DIRECTION('',(-1.E0,0.E0,0.E0));
#3345=DIRECTION('',(0.E0,1.E0,0.E0));
#3346=AXIS2_PLACEMENT_3D('',#3343,#3344,#3345);
#3347=PLANE('',#3346);
#3348=ORIENTED_EDGE('',*,*,#3325,.T.);
#3349=ORIENTED_EDGE('',*,*,#3310,.T.);
#3350=EDGE_LOOP('',(#3348,#3349));
#3351=FACE_OUTER_BOUND('',#3350,.F.);
#3352=ADVANCED_FACE('',(#3351),#3347,.F.);
#3353=CARTESIAN_POINT('',(-3.444881889764E-3,-2.5E-1,-2.5E-1));
#3354=DIRECTION('',(1.E0,0.E0,0.E0));
#3355=DIRECTION('',(0.E0,0.E0,-1.E0));
#3356=AXIS2_PLACEMENT_3D('',#3353,#3354,#3355);
#3357=CONICAL_SURFACE('',#3356,3.395669291339E-2,4.5E1);
#3359=ORIENTED_EDGE('',*,*,#3358,.F.);
#3361=ORIENTED_EDGE('',*,*,#3360,.F.);
#3363=ORIENTED_EDGE('',*,*,#3362,.F.);
#3364=ORIENTED_EDGE('',*,*,#2906,.T.);
#3366=ORIENTED_EDGE('',*,*,#3365,.T.);
#3367=EDGE_LOOP('',(#3359,#3361,#3363,#3364,#3366));
#3368=FACE_OUTER_BOUND('',#3367,.F.);
#3369=ADVANCED_FACE('',(#3368),#3357,.F.);
#3370=CARTESIAN_POINT('',(2.666338582677E-1,-2.5E-1,-2.5E-1));
#3371=DIRECTION('',(-1.E0,0.E0,0.E0));
#3372=DIRECTION('',(0.E0,0.E0,-1.E0));
#3373=AXIS2_PLACEMENT_3D('',#3370,#3371,#3372);
#3374=CYLINDRICAL_SURFACE('',#3373,3.051181102362E-2);
#3376=ORIENTED_EDGE('',*,*,#3375,.T.);
#3378=ORIENTED_EDGE('',*,*,#3377,.F.);
#3380=ORIENTED_EDGE('',*,*,#3379,.F.);
#3382=ORIENTED_EDGE('',*,*,#3381,.T.);
#3383=ORIENTED_EDGE('',*,*,#3358,.T.);
#3384=EDGE_LOOP('',(#3376,#3378,#3380,#3382,#3383));
#3385=FACE_OUTER_BOUND('',#3384,.F.);
#3386=ADVANCED_FACE('',(#3385),#3374,.T.);
#3387=CARTESIAN_POINT('',(-3.444881889764E-3,-2.5E-1,-2.5E-1));
#3388=DIRECTION('',(1.E0,0.E0,0.E0));
#3389=DIRECTION('',(0.E0,0.E0,-1.E0));
#3390=AXIS2_PLACEMENT_3D('',#3387,#3388,#3389);
#3391=CONICAL_SURFACE('',#3390,3.395669291339E-2,4.5E1);
#3392=ORIENTED_EDGE('',*,*,#3375,.F.);
#3393=ORIENTED_EDGE('',*,*,#3365,.F.);
#3394=ORIENTED_EDGE('',*,*,#2908,.T.);
#3395=ORIENTED_EDGE('',*,*,#3362,.T.);
#3397=ORIENTED_EDGE('',*,*,#3396,.F.);
#3398=EDGE_LOOP('',(#3392,#3393,#3394,#3395,#3397));
#3399=FACE_OUTER_BOUND('',#3398,.F.);
#3400=ADVANCED_FACE('',(#3399),#3391,.F.);
#3401=CARTESIAN_POINT('',(2.666338582677E-1,-2.5E-1,-2.5E-1));
#3402=DIRECTION('',(-1.E0,0.E0,0.E0));
#3403=DIRECTION('',(0.E0,0.E0,-1.E0));
#3404=AXIS2_PLACEMENT_3D('',#3401,#3402,#3403);
#3405=CYLINDRICAL_SURFACE('',#3404,3.051181102362E-2);
#3406=ORIENTED_EDGE('',*,*,#3396,.T.);
#3407=ORIENTED_EDGE('',*,*,#3360,.T.);
#3408=ORIENTED_EDGE('',*,*,#3381,.F.);
#3410=ORIENTED_EDGE('',*,*,#3409,.F.);
#3411=ORIENTED_EDGE('',*,*,#3377,.T.);
#3412=EDGE_LOOP('',(#3406,#3407,#3408,#3410,#3411));
#3413=FACE_OUTER_BOUND('',#3412,.F.);
#3414=ADVANCED_FACE('',(#3413),#3405,.T.);
#3415=CARTESIAN_POINT('',(-1.968609008482E-3,-2.5E-1,-2.5E-1));
#3416=DIRECTION('',(-1.E0,0.E0,0.E0));
#3417=DIRECTION('',(0.E0,-1.E0,0.E0));
#3418=AXIS2_PLACEMENT_3D('',#3415,#3416,#3417);
#3419=CONICAL_SURFACE('',#3418,2.854321678830E-2,4.499980391442E1);
#3420=ORIENTED_EDGE('',*,*,#3409,.T.);
#3422=ORIENTED_EDGE('',*,*,#3421,.T.);
#3424=ORIENTED_EDGE('',*,*,#3423,.F.);
#3426=ORIENTED_EDGE('',*,*,#3425,.F.);
#3427=EDGE_LOOP('',(#3420,#3422,#3424,#3426));
#3428=FACE_OUTER_BOUND('',#3427,.F.);
#3429=ADVANCED_FACE('',(#3428),#3419,.T.);
#3430=CARTESIAN_POINT('',(-1.968609008482E-3,-2.5E-1,-2.5E-1));
#3431=DIRECTION('',(-1.E0,0.E0,0.E0));
#3432=DIRECTION('',(0.E0,-1.E0,0.E0));
#3433=AXIS2_PLACEMENT_3D('',#3430,#3431,#3432);
#3434=CONICAL_SURFACE('',#3433,2.854321678830E-2,4.499980391442E1);
#3435=ORIENTED_EDGE('',*,*,#3379,.T.);
#3436=ORIENTED_EDGE('',*,*,#3425,.T.);
#3438=ORIENTED_EDGE('',*,*,#3437,.F.);
#3439=ORIENTED_EDGE('',*,*,#3421,.F.);
#3440=EDGE_LOOP('',(#3435,#3436,#3438,#3439));
#3441=FACE_OUTER_BOUND('',#3440,.F.);
#3442=ADVANCED_FACE('',(#3441),#3434,.T.);
#3443=CARTESIAN_POINT('',(0.E0,-2.5E-1,-2.5E-1));
#3444=DIRECTION('',(-1.E0,0.E0,0.E0));
#3445=DIRECTION('',(0.E0,0.E0,-1.E0));
#3446=AXIS2_PLACEMENT_3D('',#3443,#3444,#3445);
#3447=PLANE('',#3446);
#3448=ORIENTED_EDGE('',*,*,#3437,.T.);
#3449=ORIENTED_EDGE('',*,*,#3423,.T.);
#3450=EDGE_LOOP('',(#3448,#3449));
#3451=FACE_OUTER_BOUND('',#3450,.F.);
#3453=ORIENTED_EDGE('',*,*,#3452,.F.);
#3455=ORIENTED_EDGE('',*,*,#3454,.T.);
#3456=EDGE_LOOP('',(#3453,#3455));
#3457=FACE_BOUND('',#3456,.F.);
#3458=ADVANCED_FACE('',(#3451,#3457),#3447,.F.);
#3459=CARTESIAN_POINT('',(2.666338582677E-1,-2.5E-1,-2.5E-1));
#3460=DIRECTION('',(-1.E0,0.E0,0.E0));
#3461=DIRECTION('',(0.E0,0.E0,-1.E0));
#3462=AXIS2_PLACEMENT_3D('',#3459,#3460,#3461);
#3463=CYLINDRICAL_SURFACE('',#3462,1.850393700787E-2);
#3465=ORIENTED_EDGE('',*,*,#3464,.F.);
#3467=ORIENTED_EDGE('',*,*,#3466,.T.);
#3468=ORIENTED_EDGE('',*,*,#3452,.T.);
#3470=ORIENTED_EDGE('',*,*,#3469,.F.);
#3471=EDGE_LOOP('',(#3465,#3467,#3468,#3470));
#3472=FACE_OUTER_BOUND('',#3471,.F.);
#3473=ADVANCED_FACE('',(#3472),#3463,.T.);
#3474=CARTESIAN_POINT('',(2.460628443970E-1,-2.5E-1,-2.5E-1));
#3475=DIRECTION('',(-1.E0,0.E0,0.E0));
#3476=DIRECTION('',(0.E0,-1.E0,0.E0));
#3477=AXIS2_PLACEMENT_3D('',#3474,#3475,#3476);
#3478=CONICAL_SURFACE('',#3477,1.456684894067E-2,4.499955176048E1);
#3479=ORIENTED_EDGE('',*,*,#3464,.T.);
#3481=ORIENTED_EDGE('',*,*,#3480,.T.);
#3483=ORIENTED_EDGE('',*,*,#3482,.F.);
#3485=ORIENTED_EDGE('',*,*,#3484,.F.);
#3486=EDGE_LOOP('',(#3479,#3481,#3483,#3485));
#3487=FACE_OUTER_BOUND('',#3486,.F.);
#3488=ADVANCED_FACE('',(#3487),#3478,.T.);
#3489=CARTESIAN_POINT('',(2.460628443970E-1,-2.5E-1,-2.5E-1));
#3490=DIRECTION('',(-1.E0,0.E0,0.E0));
#3491=DIRECTION('',(0.E0,-1.E0,0.E0));
#3492=AXIS2_PLACEMENT_3D('',#3489,#3490,#3491);
#3493=CONICAL_SURFACE('',#3492,1.456684894067E-2,4.499955176048E1);
#3495=ORIENTED_EDGE('',*,*,#3494,.T.);
#3496=ORIENTED_EDGE('',*,*,#3484,.T.);
#3498=ORIENTED_EDGE('',*,*,#3497,.F.);
#3499=ORIENTED_EDGE('',*,*,#3480,.F.);
#3500=EDGE_LOOP('',(#3495,#3496,#3498,#3499));
#3501=FACE_OUTER_BOUND('',#3500,.F.);
#3502=ADVANCED_FACE('',(#3501),#3493,.T.);
#3503=CARTESIAN_POINT('',(2.666338582677E-1,-2.5E-1,-2.5E-1));
#3504=DIRECTION('',(-1.E0,0.E0,0.E0));
#3505=DIRECTION('',(0.E0,0.E0,-1.E0));
#3506=AXIS2_PLACEMENT_3D('',#3503,#3504,#3505);
#3507=CYLINDRICAL_SURFACE('',#3506,1.850393700787E-2);
#3508=ORIENTED_EDGE('',*,*,#3494,.F.);
#3509=ORIENTED_EDGE('',*,*,#3469,.T.);
#3510=ORIENTED_EDGE('',*,*,#3454,.F.);
#3511=ORIENTED_EDGE('',*,*,#3466,.F.);
#3512=EDGE_LOOP('',(#3508,#3509,#3510,#3511));
#3513=FACE_OUTER_BOUND('',#3512,.F.);
#3514=ADVANCED_FACE('',(#3513),#3507,.T.);
#3515=CARTESIAN_POINT('',(2.5E-1,-2.5E-1,-2.5E-1));
#3516=DIRECTION('',(-1.E0,0.E0,0.E0));
#3517=DIRECTION('',(0.E0,0.E0,-1.E0));
#3518=AXIS2_PLACEMENT_3D('',#3515,#3516,#3517);
#3519=PLANE('',#3518);
#3520=ORIENTED_EDGE('',*,*,#3497,.T.);
#3521=ORIENTED_EDGE('',*,*,#3482,.T.);
#3522=EDGE_LOOP('',(#3520,#3521));
#3523=FACE_OUTER_BOUND('',#3522,.F.);
#3524=ADVANCED_FACE('',(#3523),#3519,.F.);
#3525=CARTESIAN_POINT('',(-3.444881889764E-3,-2.5E-1,2.5E-1));
#3526=DIRECTION('',(1.E0,0.E0,0.E0));
#3527=DIRECTION('',(0.E0,0.E0,-1.E0));
#3528=AXIS2_PLACEMENT_3D('',#3525,#3526,#3527);
#3529=CONICAL_SURFACE('',#3528,3.395669291339E-2,4.5E1);
#3531=ORIENTED_EDGE('',*,*,#3530,.F.);
#3533=ORIENTED_EDGE('',*,*,#3532,.F.);
#3534=ORIENTED_EDGE('',*,*,#2912,.T.);
#3536=ORIENTED_EDGE('',*,*,#3535,.T.);
#3537=EDGE_LOOP('',(#3531,#3533,#3534,#3536));
#3538=FACE_OUTER_BOUND('',#3537,.F.);
#3539=ADVANCED_FACE('',(#3538),#3529,.F.);
#3540=CARTESIAN_POINT('',(2.666338582677E-1,-2.5E-1,2.5E-1));
#3541=DIRECTION('',(-1.E0,0.E0,0.E0));
#3542=DIRECTION('',(0.E0,-1.E0,0.E0));
#3543=AXIS2_PLACEMENT_3D('',#3540,#3541,#3542);
#3544=CYLINDRICAL_SURFACE('',#3543,3.051181102362E-2);
#3545=ORIENTED_EDGE('',*,*,#3530,.T.);
#3547=ORIENTED_EDGE('',*,*,#3546,.F.);
#3549=ORIENTED_EDGE('',*,*,#3548,.F.);
#3551=ORIENTED_EDGE('',*,*,#3550,.T.);
#3552=EDGE_LOOP('',(#3545,#3547,#3549,#3551));
#3553=FACE_OUTER_BOUND('',#3552,.F.);
#3554=ADVANCED_FACE('',(#3553),#3544,.T.);
#3555=CARTESIAN_POINT('',(2.666338582677E-1,-2.5E-1,2.5E-1));
#3556=DIRECTION('',(-1.E0,0.E0,0.E0));
#3557=DIRECTION('',(0.E0,-1.E0,0.E0));
#3558=AXIS2_PLACEMENT_3D('',#3555,#3556,#3557);
#3559=CYLINDRICAL_SURFACE('',#3558,3.051181102362E-2);
#3561=ORIENTED_EDGE('',*,*,#3560,.T.);
#3562=ORIENTED_EDGE('',*,*,#3550,.F.);
#3564=ORIENTED_EDGE('',*,*,#3563,.F.);
#3565=ORIENTED_EDGE('',*,*,#3546,.T.);
#3566=EDGE_LOOP('',(#3561,#3562,#3564,#3565));
#3567=FACE_OUTER_BOUND('',#3566,.F.);
#3568=ADVANCED_FACE('',(#3567),#3559,.T.);
#3569=CARTESIAN_POINT('',(-3.444881889764E-3,-2.5E-1,2.5E-1));
#3570=DIRECTION('',(1.E0,0.E0,0.E0));
#3571=DIRECTION('',(0.E0,0.E0,-1.E0));
#3572=AXIS2_PLACEMENT_3D('',#3569,#3570,#3571);
#3573=CONICAL_SURFACE('',#3572,3.395669291339E-2,4.5E1);
#3574=ORIENTED_EDGE('',*,*,#3560,.F.);
#3575=ORIENTED_EDGE('',*,*,#3535,.F.);
#3576=ORIENTED_EDGE('',*,*,#2914,.T.);
#3577=ORIENTED_EDGE('',*,*,#3532,.T.);
#3578=EDGE_LOOP('',(#3574,#3575,#3576,#3577));
#3579=FACE_OUTER_BOUND('',#3578,.F.);
#3580=ADVANCED_FACE('',(#3579),#3573,.F.);
#3581=CARTESIAN_POINT('',(-1.968609008482E-3,-2.5E-1,2.5E-1));
#3582=DIRECTION('',(-1.E0,0.E0,0.E0));
#3583=DIRECTION('',(0.E0,0.E0,1.E0));
#3584=AXIS2_PLACEMENT_3D('',#3581,#3582,#3583);
#3585=CONICAL_SURFACE('',#3584,2.854321678830E-2,4.499980391442E1);
#3586=ORIENTED_EDGE('',*,*,#3563,.T.);
#3588=ORIENTED_EDGE('',*,*,#3587,.T.);
#3590=ORIENTED_EDGE('',*,*,#3589,.F.);
#3592=ORIENTED_EDGE('',*,*,#3591,.F.);
#3593=EDGE_LOOP('',(#3586,#3588,#3590,#3592));
#3594=FACE_OUTER_BOUND('',#3593,.F.);
#3595=ADVANCED_FACE('',(#3594),#3585,.T.);
#3596=CARTESIAN_POINT('',(-1.968609008482E-3,-2.5E-1,2.5E-1));
#3597=DIRECTION('',(-1.E0,0.E0,0.E0));
#3598=DIRECTION('',(0.E0,0.E0,1.E0));
#3599=AXIS2_PLACEMENT_3D('',#3596,#3597,#3598);
#3600=CONICAL_SURFACE('',#3599,2.854321678830E-2,4.499980391442E1);
#3601=ORIENTED_EDGE('',*,*,#3548,.T.);
#3602=ORIENTED_EDGE('',*,*,#3591,.T.);
#3604=ORIENTED_EDGE('',*,*,#3603,.F.);
#3605=ORIENTED_EDGE('',*,*,#3587,.F.);
#3606=EDGE_LOOP('',(#3601,#3602,#3604,#3605));
#3607=FACE_OUTER_BOUND('',#3606,.F.);
#3608=ADVANCED_FACE('',(#3607),#3600,.T.);
#3609=CARTESIAN_POINT('',(0.E0,-2.5E-1,2.5E-1));
#3610=DIRECTION('',(-1.E0,0.E0,0.E0));
#3611=DIRECTION('',(0.E0,-1.E0,0.E0));
#3612=AXIS2_PLACEMENT_3D('',#3609,#3610,#3611);
#3613=PLANE('',#3612);
#3614=ORIENTED_EDGE('',*,*,#3589,.T.);
#3615=ORIENTED_EDGE('',*,*,#3603,.T.);
#3616=EDGE_LOOP('',(#3614,#3615));
#3617=FACE_OUTER_BOUND('',#3616,.F.);
#3619=ORIENTED_EDGE('',*,*,#3618,.F.);
#3621=ORIENTED_EDGE('',*,*,#3620,.T.);
#3622=EDGE_LOOP('',(#3619,#3621));
#3623=FACE_BOUND('',#3622,.F.);
#3624=ADVANCED_FACE('',(#3617,#3623),#3613,.F.);
#3625=CARTESIAN_POINT('',(2.666338582677E-1,-2.5E-1,2.5E-1));
#3626=DIRECTION('',(-1.E0,0.E0,0.E0));
#3627=DIRECTION('',(0.E0,-1.E0,0.E0));
#3628=AXIS2_PLACEMENT_3D('',#3625,#3626,#3627);
#3629=CYLINDRICAL_SURFACE('',#3628,1.850393700787E-2);
#3631=ORIENTED_EDGE('',*,*,#3630,.F.);
#3633=ORIENTED_EDGE('',*,*,#3632,.T.);
#3634=ORIENTED_EDGE('',*,*,#3618,.T.);
#3636=ORIENTED_EDGE('',*,*,#3635,.F.);
#3637=EDGE_LOOP('',(#3631,#3633,#3634,#3636));
#3638=FACE_OUTER_BOUND('',#3637,.F.);
#3639=ADVANCED_FACE('',(#3638),#3629,.T.);
#3640=CARTESIAN_POINT('',(2.460628443970E-1,-2.5E-1,2.5E-1));
#3641=DIRECTION('',(-1.E0,0.E0,0.E0));
#3642=DIRECTION('',(0.E0,0.E0,1.E0));
#3643=AXIS2_PLACEMENT_3D('',#3640,#3641,#3642);
#3644=CONICAL_SURFACE('',#3643,1.456684894067E-2,4.499955176048E1);
#3645=ORIENTED_EDGE('',*,*,#3630,.T.);
#3647=ORIENTED_EDGE('',*,*,#3646,.T.);
#3649=ORIENTED_EDGE('',*,*,#3648,.F.);
#3651=ORIENTED_EDGE('',*,*,#3650,.F.);
#3652=EDGE_LOOP('',(#3645,#3647,#3649,#3651));
#3653=FACE_OUTER_BOUND('',#3652,.F.);
#3654=ADVANCED_FACE('',(#3653),#3644,.T.);
#3655=CARTESIAN_POINT('',(2.460628443970E-1,-2.5E-1,2.5E-1));
#3656=DIRECTION('',(-1.E0,0.E0,0.E0));
#3657=DIRECTION('',(0.E0,0.E0,1.E0));
#3658=AXIS2_PLACEMENT_3D('',#3655,#3656,#3657);
#3659=CONICAL_SURFACE('',#3658,1.456684894067E-2,4.499955176048E1);
#3661=ORIENTED_EDGE('',*,*,#3660,.T.);
#3662=ORIENTED_EDGE('',*,*,#3650,.T.);
#3664=ORIENTED_EDGE('',*,*,#3663,.F.);
#3665=ORIENTED_EDGE('',*,*,#3646,.F.);
#3666=EDGE_LOOP('',(#3661,#3662,#3664,#3665));
#3667=FACE_OUTER_BOUND('',#3666,.F.);
#3668=ADVANCED_FACE('',(#3667),#3659,.T.);
#3669=CARTESIAN_POINT('',(2.666338582677E-1,-2.5E-1,2.5E-1));
#3670=DIRECTION('',(-1.E0,0.E0,0.E0));
#3671=DIRECTION('',(0.E0,-1.E0,0.E0));
#3672=AXIS2_PLACEMENT_3D('',#3669,#3670,#3671);
#3673=CYLINDRICAL_SURFACE('',#3672,1.850393700787E-2);
#3674=ORIENTED_EDGE('',*,*,#3660,.F.);
#3675=ORIENTED_EDGE('',*,*,#3635,.T.);
#3676=ORIENTED_EDGE('',*,*,#3620,.F.);
#3677=ORIENTED_EDGE('',*,*,#3632,.F.);
#3678=EDGE_LOOP('',(#3674,#3675,#3676,#3677));
#3679=FACE_OUTER_BOUND('',#3678,.F.);
#3680=ADVANCED_FACE('',(#3679),#3673,.T.);
#3681=CARTESIAN_POINT('',(2.5E-1,-2.5E-1,2.5E-1));
#3682=DIRECTION('',(-1.E0,0.E0,0.E0));
#3683=DIRECTION('',(0.E0,-1.E0,0.E0));
#3684=AXIS2_PLACEMENT_3D('',#3681,#3682,#3683);
#3685=PLANE('',#3684);
#3686=ORIENTED_EDGE('',*,*,#3663,.T.);
#3687=ORIENTED_EDGE('',*,*,#3648,.T.);
#3688=EDGE_LOOP('',(#3686,#3687));
#3689=FACE_OUTER_BOUND('',#3688,.F.);
#3690=ADVANCED_FACE('',(#3689),#3685,.F.);
#3691=CARTESIAN_POINT('',(-3.937007903673E-3,0.E0,0.E0));
#3692=DIRECTION('',(1.E0,0.E0,0.E0));
#3693=DIRECTION('',(0.E0,0.E0,-1.E0));
#3694=AXIS2_PLACEMENT_3D('',#3691,#3692,#3693);
#3695=CONICAL_SURFACE('',#3694,1.240157480018E-1,4.5E1);
#3696=ORIENTED_EDGE('',*,*,#2918,.T.);
#3698=ORIENTED_EDGE('',*,*,#3697,.T.);
#3700=ORIENTED_EDGE('',*,*,#3699,.F.);
#3702=ORIENTED_EDGE('',*,*,#3701,.F.);
#3703=EDGE_LOOP('',(#3696,#3698,#3700,#3702));
#3704=FACE_OUTER_BOUND('',#3703,.F.);
#3705=ADVANCED_FACE('',(#3704),#3695,.F.);
#3706=CARTESIAN_POINT('',(-3.937007903673E-3,0.E0,0.E0));
#3707=DIRECTION('',(1.E0,0.E0,0.E0));
#3708=DIRECTION('',(0.E0,0.E0,-1.E0));
#3709=AXIS2_PLACEMENT_3D('',#3706,#3707,#3708);
#3710=CONICAL_SURFACE('',#3709,1.240157480018E-1,4.5E1);
#3711=ORIENTED_EDGE('',*,*,#2920,.T.);
#3712=ORIENTED_EDGE('',*,*,#3701,.T.);
#3714=ORIENTED_EDGE('',*,*,#3713,.F.);
#3715=ORIENTED_EDGE('',*,*,#3697,.F.);
#3716=EDGE_LOOP('',(#3711,#3712,#3714,#3715));
#3717=FACE_OUTER_BOUND('',#3716,.F.);
#3718=ADVANCED_FACE('',(#3717),#3710,.F.);
#3719=CARTESIAN_POINT('',(3.125984251969E-2,0.E0,0.E0));
#3720=DIRECTION('',(-1.E0,0.E0,0.E0));
#3721=DIRECTION('',(0.E0,1.E0,0.E0));
#3722=AXIS2_PLACEMENT_3D('',#3719,#3720,#3721);
#3723=CYLINDRICAL_SURFACE('',#3722,1.200787401575E-1);
#3725=ORIENTED_EDGE('',*,*,#3724,.F.);
#3727=ORIENTED_EDGE('',*,*,#3726,.T.);
#3728=ORIENTED_EDGE('',*,*,#3713,.T.);
#3730=ORIENTED_EDGE('',*,*,#3729,.F.);
#3731=EDGE_LOOP('',(#3725,#3727,#3728,#3730));
#3732=FACE_OUTER_BOUND('',#3731,.F.);
#3733=ADVANCED_FACE('',(#3732),#3723,.F.);
#3734=CARTESIAN_POINT('',(-1.102362204724E-2,0.E0,0.E0));
#3735=DIRECTION('',(1.E0,0.E0,0.E0));
#3736=DIRECTION('',(0.E0,0.E0,1.E0));
#3737=AXIS2_PLACEMENT_3D('',#3734,#3735,#3736);
#3738=PLANE('',#3737);
#3739=ORIENTED_EDGE('',*,*,#3724,.T.);
#3741=ORIENTED_EDGE('',*,*,#3740,.T.);
#3742=EDGE_LOOP('',(#3739,#3741));
#3743=FACE_OUTER_BOUND('',#3742,.F.);
#3745=ORIENTED_EDGE('',*,*,#3744,.F.);
#3747=ORIENTED_EDGE('',*,*,#3746,.F.);
#3748=EDGE_LOOP('',(#3745,#3747));
#3749=FACE_BOUND('',#3748,.F.);
#3750=ADVANCED_FACE('',(#3743,#3749),#3738,.T.);
#3751=CARTESIAN_POINT('',(3.125984251969E-2,0.E0,0.E0));
#3752=DIRECTION('',(-1.E0,0.E0,0.E0));
#3753=DIRECTION('',(0.E0,1.E0,0.E0));
#3754=AXIS2_PLACEMENT_3D('',#3751,#3752,#3753);
#3755=CYLINDRICAL_SURFACE('',#3754,1.200787401575E-1);
#3756=ORIENTED_EDGE('',*,*,#3740,.F.);
#3757=ORIENTED_EDGE('',*,*,#3729,.T.);
#3758=ORIENTED_EDGE('',*,*,#3699,.T.);
#3759=ORIENTED_EDGE('',*,*,#3726,.F.);
#3760=EDGE_LOOP('',(#3756,#3757,#3758,#3759));
#3761=FACE_OUTER_BOUND('',#3760,.F.);
#3762=ADVANCED_FACE('',(#3761),#3755,.F.);
#3763=CARTESIAN_POINT('',(2.870078740157E-1,0.E0,0.E0));
#3764=DIRECTION('',(-1.E0,0.E0,0.E0));
#3765=DIRECTION('',(0.E0,1.E0,0.E0));
#3766=AXIS2_PLACEMENT_3D('',#3763,#3764,#3765);
#3767=CYLINDRICAL_SURFACE('',#3766,1.850393700787E-2);
#3768=ORIENTED_EDGE('',*,*,#3744,.T.);
#3770=ORIENTED_EDGE('',*,*,#3769,.F.);
#3772=ORIENTED_EDGE('',*,*,#3771,.F.);
#3774=ORIENTED_EDGE('',*,*,#3773,.T.);
#3775=EDGE_LOOP('',(#3768,#3770,#3772,#3774));
#3776=FACE_OUTER_BOUND('',#3775,.F.);
#3777=ADVANCED_FACE('',(#3776),#3767,.T.);
#3778=CARTESIAN_POINT('',(2.870078740157E-1,0.E0,0.E0));
#3779=DIRECTION('',(-1.E0,0.E0,0.E0));
#3780=DIRECTION('',(0.E0,1.E0,0.E0));
#3781=AXIS2_PLACEMENT_3D('',#3778,#3779,#3780);
#3782=CYLINDRICAL_SURFACE('',#3781,1.850393700787E-2);
#3783=ORIENTED_EDGE('',*,*,#3746,.T.);
#3784=ORIENTED_EDGE('',*,*,#3773,.F.);
#3786=ORIENTED_EDGE('',*,*,#3785,.T.);
#3787=ORIENTED_EDGE('',*,*,#3769,.T.);
#3788=EDGE_LOOP('',(#3783,#3784,#3786,#3787));
#3789=FACE_OUTER_BOUND('',#3788,.F.);
#3790=ADVANCED_FACE('',(#3789),#3782,.T.);
#3791=CARTESIAN_POINT('',(2.460629921260E-1,0.E0,0.E0));
#3792=DIRECTION('',(-1.E0,0.E0,0.E0));
#3793=DIRECTION('',(0.E0,1.E0,0.E0));
#3794=AXIS2_PLACEMENT_3D('',#3791,#3792,#3793);
#3795=CONICAL_SURFACE('',#3794,1.456692913386E-2,4.5E1);
#3797=ORIENTED_EDGE('',*,*,#3796,.F.);
#3799=ORIENTED_EDGE('',*,*,#3798,.T.);
#3801=ORIENTED_EDGE('',*,*,#3800,.T.);
#3802=ORIENTED_EDGE('',*,*,#3785,.F.);
#3803=EDGE_LOOP('',(#3797,#3799,#3801,#3802));
#3804=FACE_OUTER_BOUND('',#3803,.F.);
#3805=ADVANCED_FACE('',(#3804),#3795,.T.);
#3806=CARTESIAN_POINT('',(2.460629921260E-1,0.E0,0.E0));
#3807=DIRECTION('',(-1.E0,0.E0,0.E0));
#3808=DIRECTION('',(0.E0,1.E0,0.E0));
#3809=AXIS2_PLACEMENT_3D('',#3806,#3807,#3808);
#3810=CONICAL_SURFACE('',#3809,1.456692913386E-2,4.5E1);
#3811=ORIENTED_EDGE('',*,*,#3796,.T.);
#3812=ORIENTED_EDGE('',*,*,#3771,.T.);
#3813=ORIENTED_EDGE('',*,*,#3800,.F.);
#3815=ORIENTED_EDGE('',*,*,#3814,.F.);
#3816=EDGE_LOOP('',(#3811,#3812,#3813,#3815));
#3817=FACE_OUTER_BOUND('',#3816,.F.);
#3818=ADVANCED_FACE('',(#3817),#3810,.T.);
#3819=CARTESIAN_POINT('',(2.5E-1,0.E0,0.E0));
#3820=DIRECTION('',(-1.E0,0.E0,0.E0));
#3821=DIRECTION('',(0.E0,1.E0,0.E0));
#3822=AXIS2_PLACEMENT_3D('',#3819,#3820,#3821);
#3823=PLANE('',#3822);
#3824=ORIENTED_EDGE('',*,*,#3798,.F.);
#3825=ORIENTED_EDGE('',*,*,#3814,.T.);
#3826=EDGE_LOOP('',(#3824,#3825));
#3827=FACE_OUTER_BOUND('',#3826,.F.);
#3828=ADVANCED_FACE('',(#3827),#3823,.F.);
#3829=CARTESIAN_POINT('',(-8.897637784443E-2,-2.5E-1,2.5E-1));
#3830=DIRECTION('',(-1.E0,0.E0,0.E0));
#3831=DIRECTION('',(0.E0,0.E0,-1.E0));
#3832=AXIS2_PLACEMENT_3D('',#3829,#3830,#3831);
#3833=CONICAL_SURFACE('',#3832,3.346456682081E-2,4.5E1);
#3834=ORIENTED_EDGE('',*,*,#2832,.T.);
#3836=ORIENTED_EDGE('',*,*,#3835,.T.);
#3838=ORIENTED_EDGE('',*,*,#3837,.F.);
#3840=ORIENTED_EDGE('',*,*,#3839,.F.);
#3841=EDGE_LOOP('',(#3834,#3836,#3838,#3840));
#3842=FACE_OUTER_BOUND('',#3841,.F.);
#3843=ADVANCED_FACE('',(#3842),#3833,.F.);
#3844=CARTESIAN_POINT('',(-8.897637784443E-2,-2.5E-1,2.5E-1));
#3845=DIRECTION('',(-1.E0,0.E0,0.E0));
#3846=DIRECTION('',(0.E0,0.E0,-1.E0));
#3847=AXIS2_PLACEMENT_3D('',#3844,#3845,#3846);
#3848=CONICAL_SURFACE('',#3847,3.346456682081E-2,4.5E1);
#3849=ORIENTED_EDGE('',*,*,#2834,.T.);
#3850=ORIENTED_EDGE('',*,*,#3839,.T.);
#3852=ORIENTED_EDGE('',*,*,#3851,.F.);
#3853=ORIENTED_EDGE('',*,*,#3835,.F.);
#3854=EDGE_LOOP('',(#3849,#3850,#3852,#3853));
#3855=FACE_OUTER_BOUND('',#3854,.F.);
#3856=ADVANCED_FACE('',(#3855),#3848,.F.);
#3857=CARTESIAN_POINT('',(0.E0,-2.5E-1,2.5E-1));
#3858=DIRECTION('',(1.E0,0.E0,0.E0));
#3859=DIRECTION('',(0.E0,1.E0,0.E0));
#3860=AXIS2_PLACEMENT_3D('',#3857,#3858,#3859);
#3861=CYLINDRICAL_SURFACE('',#3860,2.952755905512E-2);
#3863=ORIENTED_EDGE('',*,*,#3862,.F.);
#3865=ORIENTED_EDGE('',*,*,#3864,.T.);
#3866=ORIENTED_EDGE('',*,*,#3851,.T.);
#3868=ORIENTED_EDGE('',*,*,#3867,.F.);
#3869=EDGE_LOOP('',(#3863,#3865,#3866,#3868));
#3870=FACE_OUTER_BOUND('',#3869,.F.);
#3871=ADVANCED_FACE('',(#3870),#3861,.F.);
#3872=CARTESIAN_POINT('',(-5.807071992938E-2,-2.5E-1,2.5E-1));
#3873=DIRECTION('',(1.E0,0.E0,0.E0));
#3874=DIRECTION('',(0.E0,0.E0,1.E0));
#3875=AXIS2_PLACEMENT_3D('',#3872,#3873,#3874);
#3876=CONICAL_SURFACE('',#3875,2.854326055748E-2,4.499980655265E1);
#3877=ORIENTED_EDGE('',*,*,#3862,.T.);
#3879=ORIENTED_EDGE('',*,*,#3878,.F.);
#3881=ORIENTED_EDGE('',*,*,#3880,.T.);
#3883=ORIENTED_EDGE('',*,*,#3882,.T.);
#3884=EDGE_LOOP('',(#3877,#3879,#3881,#3883));
#3885=FACE_OUTER_BOUND('',#3884,.F.);
#3886=ADVANCED_FACE('',(#3885),#3876,.T.);
#3887=CARTESIAN_POINT('',(-5.807071992938E-2,-2.5E-1,2.5E-1));
#3888=DIRECTION('',(1.E0,0.E0,0.E0));
#3889=DIRECTION('',(0.E0,0.E0,1.E0));
#3890=AXIS2_PLACEMENT_3D('',#3887,#3888,#3889);
#3891=CONICAL_SURFACE('',#3890,2.854326055748E-2,4.499980655264E1);
#3893=ORIENTED_EDGE('',*,*,#3892,.T.);
#3894=ORIENTED_EDGE('',*,*,#3882,.F.);
#3896=ORIENTED_EDGE('',*,*,#3895,.T.);
#3897=ORIENTED_EDGE('',*,*,#3878,.T.);
#3898=EDGE_LOOP('',(#3893,#3894,#3896,#3897));
#3899=FACE_OUTER_BOUND('',#3898,.F.);
#3900=ADVANCED_FACE('',(#3899),#3891,.T.);
#3901=CARTESIAN_POINT('',(0.E0,-2.5E-1,2.5E-1));
#3902=DIRECTION('',(1.E0,0.E0,0.E0));
#3903=DIRECTION('',(0.E0,1.E0,0.E0));
#3904=AXIS2_PLACEMENT_3D('',#3901,#3902,#3903);
#3905=CYLINDRICAL_SURFACE('',#3904,2.952755905512E-2);
#3906=ORIENTED_EDGE('',*,*,#3892,.F.);
#3907=ORIENTED_EDGE('',*,*,#3867,.T.);
#3908=ORIENTED_EDGE('',*,*,#3837,.T.);
#3909=ORIENTED_EDGE('',*,*,#3864,.F.);
#3910=EDGE_LOOP('',(#3906,#3907,#3908,#3909));
#3911=FACE_OUTER_BOUND('',#3910,.F.);
#3912=ADVANCED_FACE('',(#3911),#3905,.F.);
#3913=CARTESIAN_POINT('',(2.666338582677E-1,-2.5E-1,2.5E-1));
#3914=DIRECTION('',(-1.E0,0.E0,0.E0));
#3915=DIRECTION('',(0.E0,-1.E0,0.E0));
#3916=AXIS2_PLACEMENT_3D('',#3913,#3914,#3915);
#3917=CYLINDRICAL_SURFACE('',#3916,2.755905511811E-2);
#3919=ORIENTED_EDGE('',*,*,#3918,.T.);
#3921=ORIENTED_EDGE('',*,*,#3920,.F.);
#3922=ORIENTED_EDGE('',*,*,#3895,.F.);
#3924=ORIENTED_EDGE('',*,*,#3923,.T.);
#3925=EDGE_LOOP('',(#3919,#3921,#3922,#3924));
#3926=FACE_OUTER_BOUND('',#3925,.F.);
#3927=ADVANCED_FACE('',(#3926),#3917,.T.);
#3928=CARTESIAN_POINT('',(-7.874003942434E-2,-2.5E-1,2.5E-1));
#3929=DIRECTION('',(1.E0,0.E0,0.E0));
#3930=DIRECTION('',(0.E0,0.E0,1.E0));
#3931=AXIS2_PLACEMENT_3D('',#3928,#3929,#3930);
#3932=CONICAL_SURFACE('',#3931,2.362196566626E-2,4.499975789215E1);
#3934=ORIENTED_EDGE('',*,*,#3933,.T.);
#3936=ORIENTED_EDGE('',*,*,#3935,.T.);
#3937=ORIENTED_EDGE('',*,*,#3918,.F.);
#3939=ORIENTED_EDGE('',*,*,#3938,.F.);
#3940=EDGE_LOOP('',(#3934,#3936,#3937,#3939));
#3941=FACE_OUTER_BOUND('',#3940,.F.);
#3942=ADVANCED_FACE('',(#3941),#3932,.T.);
#3943=CARTESIAN_POINT('',(-8.267716535433E-2,-2.5E-1,2.5E-1));
#3944=DIRECTION('',(-1.E0,0.E0,0.E0));
#3945=DIRECTION('',(0.E0,-1.E0,0.E0));
#3946=AXIS2_PLACEMENT_3D('',#3943,#3944,#3945);
#3947=PLANE('',#3946);
#3949=ORIENTED_EDGE('',*,*,#3948,.F.);
#3950=ORIENTED_EDGE('',*,*,#3933,.F.);
#3951=EDGE_LOOP('',(#3949,#3950));
#3952=FACE_OUTER_BOUND('',#3951,.F.);
#3953=ADVANCED_FACE('',(#3952),#3947,.T.);
#3954=CARTESIAN_POINT('',(-7.874003942434E-2,-2.5E-1,2.5E-1));
#3955=DIRECTION('',(1.E0,0.E0,0.E0));
#3956=DIRECTION('',(0.E0,0.E0,1.E0));
#3957=AXIS2_PLACEMENT_3D('',#3954,#3955,#3956);
#3958=CONICAL_SURFACE('',#3957,2.362196566626E-2,4.499975789215E1);
#3959=ORIENTED_EDGE('',*,*,#3948,.T.);
#3960=ORIENTED_EDGE('',*,*,#3938,.T.);
#3962=ORIENTED_EDGE('',*,*,#3961,.F.);
#3963=ORIENTED_EDGE('',*,*,#3935,.F.);
#3964=EDGE_LOOP('',(#3959,#3960,#3962,#3963));
#3965=FACE_OUTER_BOUND('',#3964,.F.);
#3966=ADVANCED_FACE('',(#3965),#3958,.T.);
#3967=CARTESIAN_POINT('',(2.666338582677E-1,-2.5E-1,2.5E-1));
#3968=DIRECTION('',(-1.E0,0.E0,0.E0));
#3969=DIRECTION('',(0.E0,-1.E0,0.E0));
#3970=AXIS2_PLACEMENT_3D('',#3967,#3968,#3969);
#3971=CYLINDRICAL_SURFACE('',#3970,2.755905511811E-2);
#3972=ORIENTED_EDGE('',*,*,#3961,.T.);
#3973=ORIENTED_EDGE('',*,*,#3923,.F.);
#3974=ORIENTED_EDGE('',*,*,#3880,.F.);
#3975=ORIENTED_EDGE('',*,*,#3920,.T.);
#3976=EDGE_LOOP('',(#3972,#3973,#3974,#3975));
#3977=FACE_OUTER_BOUND('',#3976,.F.);
#3978=ADVANCED_FACE('',(#3977),#3971,.T.);
#3979=CARTESIAN_POINT('',(-8.897637784443E-2,2.5E-1,2.5E-1));
#3980=DIRECTION('',(-1.E0,0.E0,0.E0));
#3981=DIRECTION('',(0.E0,0.E0,-1.E0));
#3982=AXIS2_PLACEMENT_3D('',#3979,#3980,#3981);
#3983=CONICAL_SURFACE('',#3982,3.346456682081E-2,4.5E1);
#3984=ORIENTED_EDGE('',*,*,#2838,.T.);
#3986=ORIENTED_EDGE('',*,*,#3985,.T.);
#3988=ORIENTED_EDGE('',*,*,#3987,.F.);
#3990=ORIENTED_EDGE('',*,*,#3989,.F.);
#3991=EDGE_LOOP('',(#3984,#3986,#3988,#3990));
#3992=FACE_OUTER_BOUND('',#3991,.F.);
#3993=ADVANCED_FACE('',(#3992),#3983,.F.);
#3994=CARTESIAN_POINT('',(-8.897637784443E-2,2.5E-1,2.5E-1));
#3995=DIRECTION('',(-1.E0,0.E0,0.E0));
#3996=DIRECTION('',(0.E0,0.E0,-1.E0));
#3997=AXIS2_PLACEMENT_3D('',#3994,#3995,#3996);
#3998=CONICAL_SURFACE('',#3997,3.346456682081E-2,4.5E1);
#3999=ORIENTED_EDGE('',*,*,#2840,.T.);
#4000=ORIENTED_EDGE('',*,*,#3989,.T.);
#4002=ORIENTED_EDGE('',*,*,#4001,.F.);
#4003=ORIENTED_EDGE('',*,*,#3985,.F.);
#4004=EDGE_LOOP('',(#3999,#4000,#4002,#4003));
#4005=FACE_OUTER_BOUND('',#4004,.F.);
#4006=ADVANCED_FACE('',(#4005),#3998,.F.);
#4007=CARTESIAN_POINT('',(0.E0,2.5E-1,2.5E-1));
#4008=DIRECTION('',(1.E0,0.E0,0.E0));
#4009=DIRECTION('',(0.E0,1.E0,0.E0));
#4010=AXIS2_PLACEMENT_3D('',#4007,#4008,#4009);
#4011=CYLINDRICAL_SURFACE('',#4010,2.952755905512E-2);
#4013=ORIENTED_EDGE('',*,*,#4012,.F.);
#4015=ORIENTED_EDGE('',*,*,#4014,.F.);
#4017=ORIENTED_EDGE('',*,*,#4016,.T.);
#4018=ORIENTED_EDGE('',*,*,#4001,.T.);
#4020=ORIENTED_EDGE('',*,*,#4019,.F.);
#4021=EDGE_LOOP('',(#4013,#4015,#4017,#4018,#4020));
#4022=FACE_OUTER_BOUND('',#4021,.F.);
#4023=ADVANCED_FACE('',(#4022),#4011,.F.);
#4024=CARTESIAN_POINT('',(-5.807071992938E-2,2.5E-1,2.5E-1));
#4025=DIRECTION('',(1.E0,0.E0,0.E0));
#4026=DIRECTION('',(0.E0,1.E0,0.E0));
#4027=AXIS2_PLACEMENT_3D('',#4024,#4025,#4026);
#4028=CONICAL_SURFACE('',#4027,2.854326055748E-2,4.499980655264E1);
#4029=ORIENTED_EDGE('',*,*,#4012,.T.);
#4031=ORIENTED_EDGE('',*,*,#4030,.T.);
#4033=ORIENTED_EDGE('',*,*,#4032,.F.);
#4035=ORIENTED_EDGE('',*,*,#4034,.T.);
#4037=ORIENTED_EDGE('',*,*,#4036,.T.);
#4038=EDGE_LOOP('',(#4029,#4031,#4033,#4035,#4037));
#4039=FACE_OUTER_BOUND('',#4038,.F.);
#4040=ADVANCED_FACE('',(#4039),#4028,.T.);
#4041=CARTESIAN_POINT('',(0.E0,2.5E-1,2.5E-1));
#4042=DIRECTION('',(1.E0,0.E0,0.E0));
#4043=DIRECTION('',(0.E0,1.E0,0.E0));
#4044=AXIS2_PLACEMENT_3D('',#4041,#4042,#4043);
#4045=CYLINDRICAL_SURFACE('',#4044,2.952755905512E-2);
#4046=ORIENTED_EDGE('',*,*,#4030,.F.);
#4047=ORIENTED_EDGE('',*,*,#4019,.T.);
#4048=ORIENTED_EDGE('',*,*,#3987,.T.);
#4049=ORIENTED_EDGE('',*,*,#4016,.F.);
#4051=ORIENTED_EDGE('',*,*,#4050,.F.);
#4052=EDGE_LOOP('',(#4046,#4047,#4048,#4049,#4051));
#4053=FACE_OUTER_BOUND('',#4052,.F.);
#4054=ADVANCED_FACE('',(#4053),#4045,.F.);
#4055=CARTESIAN_POINT('',(-5.807071992938E-2,2.5E-1,2.5E-1));
#4056=DIRECTION('',(1.E0,0.E0,0.E0));
#4057=DIRECTION('',(0.E0,1.E0,0.E0));
#4058=AXIS2_PLACEMENT_3D('',#4055,#4056,#4057);
#4059=CONICAL_SURFACE('',#4058,2.854326055748E-2,4.499980655265E1);
#4060=ORIENTED_EDGE('',*,*,#4014,.T.);
#4061=ORIENTED_EDGE('',*,*,#4036,.F.);
#4063=ORIENTED_EDGE('',*,*,#4062,.T.);
#4064=ORIENTED_EDGE('',*,*,#4032,.T.);
#4065=ORIENTED_EDGE('',*,*,#4050,.T.);
#4066=EDGE_LOOP('',(#4060,#4061,#4063,#4064,#4065));
#4067=FACE_OUTER_BOUND('',#4066,.F.);
#4068=ADVANCED_FACE('',(#4067),#4059,.T.);
#4069=CARTESIAN_POINT('',(2.666338582677E-1,2.5E-1,2.5E-1));
#4070=DIRECTION('',(-1.E0,0.E0,0.E0));
#4071=DIRECTION('',(0.E0,0.E0,1.E0));
#4072=AXIS2_PLACEMENT_3D('',#4069,#4070,#4071);
#4073=CYLINDRICAL_SURFACE('',#4072,2.755905511811E-2);
#4075=ORIENTED_EDGE('',*,*,#4074,.T.);
#4077=ORIENTED_EDGE('',*,*,#4076,.F.);
#4078=ORIENTED_EDGE('',*,*,#4062,.F.);
#4080=ORIENTED_EDGE('',*,*,#4079,.T.);
#4081=EDGE_LOOP('',(#4075,#4077,#4078,#4080));
#4082=FACE_OUTER_BOUND('',#4081,.F.);
#4083=ADVANCED_FACE('',(#4082),#4073,.T.);
#4084=CARTESIAN_POINT('',(-7.874003942434E-2,2.5E-1,2.5E-1));
#4085=DIRECTION('',(1.E0,0.E0,0.E0));
#4086=DIRECTION('',(0.E0,1.E0,0.E0));
#4087=AXIS2_PLACEMENT_3D('',#4084,#4085,#4086);
#4088=CONICAL_SURFACE('',#4087,2.362196566626E-2,4.499975789215E1);
#4090=ORIENTED_EDGE('',*,*,#4089,.T.);
#4092=ORIENTED_EDGE('',*,*,#4091,.T.);
#4093=ORIENTED_EDGE('',*,*,#4074,.F.);
#4095=ORIENTED_EDGE('',*,*,#4094,.F.);
#4096=EDGE_LOOP('',(#4090,#4092,#4093,#4095));
#4097=FACE_OUTER_BOUND('',#4096,.F.);
#4098=ADVANCED_FACE('',(#4097),#4088,.T.);
#4099=CARTESIAN_POINT('',(-8.267716535433E-2,2.5E-1,2.5E-1));
#4100=DIRECTION('',(-1.E0,0.E0,0.E0));
#4101=DIRECTION('',(0.E0,0.E0,1.E0));
#4102=AXIS2_PLACEMENT_3D('',#4099,#4100,#4101);
#4103=PLANE('',#4102);
#4104=ORIENTED_EDGE('',*,*,#4089,.F.);
#4106=ORIENTED_EDGE('',*,*,#4105,.F.);
#4107=EDGE_LOOP('',(#4104,#4106));
#4108=FACE_OUTER_BOUND('',#4107,.F.);
#4109=ADVANCED_FACE('',(#4108),#4103,.T.);
#4110=CARTESIAN_POINT('',(-7.874003942434E-2,2.5E-1,2.5E-1));
#4111=DIRECTION('',(1.E0,0.E0,0.E0));
#4112=DIRECTION('',(0.E0,1.E0,0.E0));
#4113=AXIS2_PLACEMENT_3D('',#4110,#4111,#4112);
#4114=CONICAL_SURFACE('',#4113,2.362196566626E-2,4.499975789215E1);
#4115=ORIENTED_EDGE('',*,*,#4105,.T.);
#4116=ORIENTED_EDGE('',*,*,#4094,.T.);
#4118=ORIENTED_EDGE('',*,*,#4117,.F.);
#4119=ORIENTED_EDGE('',*,*,#4091,.F.);
#4120=EDGE_LOOP('',(#4115,#4116,#4118,#4119));
#4121=FACE_OUTER_BOUND('',#4120,.F.);
#4122=ADVANCED_FACE('',(#4121),#4114,.T.);
#4123=CARTESIAN_POINT('',(2.666338582677E-1,2.5E-1,2.5E-1));
#4124=DIRECTION('',(-1.E0,0.E0,0.E0));
#4125=DIRECTION('',(0.E0,0.E0,1.E0));
#4126=AXIS2_PLACEMENT_3D('',#4123,#4124,#4125);
#4127=CYLINDRICAL_SURFACE('',#4126,2.755905511811E-2);
#4128=ORIENTED_EDGE('',*,*,#4117,.T.);
#4129=ORIENTED_EDGE('',*,*,#4079,.F.);
#4130=ORIENTED_EDGE('',*,*,#4034,.F.);
#4131=ORIENTED_EDGE('',*,*,#4076,.T.);
#4132=EDGE_LOOP('',(#4128,#4129,#4130,#4131));
#4133=FACE_OUTER_BOUND('',#4132,.F.);
#4134=ADVANCED_FACE('',(#4133),#4127,.T.);
#4135=CARTESIAN_POINT('',(-8.897637784443E-2,2.5E-1,-2.5E-1));
#4136=DIRECTION('',(-1.E0,0.E0,0.E0));
#4137=DIRECTION('',(0.E0,0.E0,-1.E0));
#4138=AXIS2_PLACEMENT_3D('',#4135,#4136,#4137);
#4139=CONICAL_SURFACE('',#4138,3.346456682081E-2,4.5E1);
#4140=ORIENTED_EDGE('',*,*,#2844,.T.);
#4142=ORIENTED_EDGE('',*,*,#4141,.T.);
#4144=ORIENTED_EDGE('',*,*,#4143,.F.);
#4146=ORIENTED_EDGE('',*,*,#4145,.F.);
#4147=EDGE_LOOP('',(#4140,#4142,#4144,#4146));
#4148=FACE_OUTER_BOUND('',#4147,.F.);
#4149=ADVANCED_FACE('',(#4148),#4139,.F.);
#4150=CARTESIAN_POINT('',(-8.897637784443E-2,2.5E-1,-2.5E-1));
#4151=DIRECTION('',(-1.E0,0.E0,0.E0));
#4152=DIRECTION('',(0.E0,0.E0,-1.E0));
#4153=AXIS2_PLACEMENT_3D('',#4150,#4151,#4152);
#4154=CONICAL_SURFACE('',#4153,3.346456682081E-2,4.5E1);
#4155=ORIENTED_EDGE('',*,*,#2846,.T.);
#4156=ORIENTED_EDGE('',*,*,#4145,.T.);
#4158=ORIENTED_EDGE('',*,*,#4157,.F.);
#4159=ORIENTED_EDGE('',*,*,#4141,.F.);
#4160=EDGE_LOOP('',(#4155,#4156,#4158,#4159));
#4161=FACE_OUTER_BOUND('',#4160,.F.);
#4162=ADVANCED_FACE('',(#4161),#4154,.F.);
#4163=CARTESIAN_POINT('',(0.E0,2.5E-1,-2.5E-1));
#4164=DIRECTION('',(1.E0,0.E0,0.E0));
#4165=DIRECTION('',(0.E0,1.E0,0.E0));
#4166=AXIS2_PLACEMENT_3D('',#4163,#4164,#4165);
#4167=CYLINDRICAL_SURFACE('',#4166,2.952755905512E-2);
#4169=ORIENTED_EDGE('',*,*,#4168,.F.);
#4171=ORIENTED_EDGE('',*,*,#4170,.T.);
#4172=ORIENTED_EDGE('',*,*,#4157,.T.);
#4174=ORIENTED_EDGE('',*,*,#4173,.F.);
#4175=EDGE_LOOP('',(#4169,#4171,#4172,#4174));
#4176=FACE_OUTER_BOUND('',#4175,.F.);
#4177=ADVANCED_FACE('',(#4176),#4167,.F.);
#4178=CARTESIAN_POINT('',(-5.807071992938E-2,2.5E-1,-2.5E-1));
#4179=DIRECTION('',(1.E0,0.E0,0.E0));
#4180=DIRECTION('',(0.E0,0.E0,-1.E0));
#4181=AXIS2_PLACEMENT_3D('',#4178,#4179,#4180);
#4182=CONICAL_SURFACE('',#4181,2.854326055748E-2,4.499980655264E1);
#4183=ORIENTED_EDGE('',*,*,#4168,.T.);
#4185=ORIENTED_EDGE('',*,*,#4184,.F.);
#4187=ORIENTED_EDGE('',*,*,#4186,.T.);
#4189=ORIENTED_EDGE('',*,*,#4188,.T.);
#4190=EDGE_LOOP('',(#4183,#4185,#4187,#4189));
#4191=FACE_OUTER_BOUND('',#4190,.F.);
#4192=ADVANCED_FACE('',(#4191),#4182,.T.);
#4193=CARTESIAN_POINT('',(-5.807071992938E-2,2.5E-1,-2.5E-1));
#4194=DIRECTION('',(1.E0,0.E0,0.E0));
#4195=DIRECTION('',(0.E0,0.E0,-1.E0));
#4196=AXIS2_PLACEMENT_3D('',#4193,#4194,#4195);
#4197=CONICAL_SURFACE('',#4196,2.854326055748E-2,4.499980655265E1);
#4199=ORIENTED_EDGE('',*,*,#4198,.T.);
#4200=ORIENTED_EDGE('',*,*,#4188,.F.);
#4202=ORIENTED_EDGE('',*,*,#4201,.T.);
#4203=ORIENTED_EDGE('',*,*,#4184,.T.);
#4204=EDGE_LOOP('',(#4199,#4200,#4202,#4203));
#4205=FACE_OUTER_BOUND('',#4204,.F.);
#4206=ADVANCED_FACE('',(#4205),#4197,.T.);
#4207=CARTESIAN_POINT('',(0.E0,2.5E-1,-2.5E-1));
#4208=DIRECTION('',(1.E0,0.E0,0.E0));
#4209=DIRECTION('',(0.E0,1.E0,0.E0));
#4210=AXIS2_PLACEMENT_3D('',#4207,#4208,#4209);
#4211=CYLINDRICAL_SURFACE('',#4210,2.952755905512E-2);
#4212=ORIENTED_EDGE('',*,*,#4198,.F.);
#4213=ORIENTED_EDGE('',*,*,#4173,.T.);
#4214=ORIENTED_EDGE('',*,*,#4143,.T.);
#4215=ORIENTED_EDGE('',*,*,#4170,.F.);
#4216=EDGE_LOOP('',(#4212,#4213,#4214,#4215));
#4217=FACE_OUTER_BOUND('',#4216,.F.);
#4218=ADVANCED_FACE('',(#4217),#4211,.F.);
#4219=CARTESIAN_POINT('',(2.666338582677E-1,2.5E-1,-2.5E-1));
#4220=DIRECTION('',(-1.E0,0.E0,0.E0));
#4221=DIRECTION('',(0.E0,1.E0,0.E0));
#4222=AXIS2_PLACEMENT_3D('',#4219,#4220,#4221);
#4223=CYLINDRICAL_SURFACE('',#4222,2.755905511811E-2);
#4225=ORIENTED_EDGE('',*,*,#4224,.T.);
#4227=ORIENTED_EDGE('',*,*,#4226,.F.);
#4228=ORIENTED_EDGE('',*,*,#4201,.F.);
#4230=ORIENTED_EDGE('',*,*,#4229,.T.);
#4231=EDGE_LOOP('',(#4225,#4227,#4228,#4230));
#4232=FACE_OUTER_BOUND('',#4231,.F.);
#4233=ADVANCED_FACE('',(#4232),#4223,.T.);
#4234=CARTESIAN_POINT('',(-7.874003942434E-2,2.5E-1,-2.5E-1));
#4235=DIRECTION('',(1.E0,0.E0,0.E0));
#4236=DIRECTION('',(0.E0,0.E0,-1.E0));
#4237=AXIS2_PLACEMENT_3D('',#4234,#4235,#4236);
#4238=CONICAL_SURFACE('',#4237,2.362196566626E-2,4.499975789215E1);
#4240=ORIENTED_EDGE('',*,*,#4239,.T.);
#4242=ORIENTED_EDGE('',*,*,#4241,.T.);
#4243=ORIENTED_EDGE('',*,*,#4224,.F.);
#4245=ORIENTED_EDGE('',*,*,#4244,.F.);
#4246=EDGE_LOOP('',(#4240,#4242,#4243,#4245));
#4247=FACE_OUTER_BOUND('',#4246,.F.);
#4248=ADVANCED_FACE('',(#4247),#4238,.T.);
#4249=CARTESIAN_POINT('',(-8.267716535433E-2,2.5E-1,-2.5E-1));
#4250=DIRECTION('',(-1.E0,0.E0,0.E0));
#4251=DIRECTION('',(0.E0,1.E0,0.E0));
#4252=AXIS2_PLACEMENT_3D('',#4249,#4250,#4251);
#4253=PLANE('',#4252);
#4254=ORIENTED_EDGE('',*,*,#4239,.F.);
#4256=ORIENTED_EDGE('',*,*,#4255,.F.);
#4257=EDGE_LOOP('',(#4254,#4256));
#4258=FACE_OUTER_BOUND('',#4257,.F.);
#4259=ADVANCED_FACE('',(#4258),#4253,.T.);
#4260=CARTESIAN_POINT('',(-7.874003942434E-2,2.5E-1,-2.5E-1));
#4261=DIRECTION('',(1.E0,0.E0,0.E0));
#4262=DIRECTION('',(0.E0,0.E0,-1.E0));
#4263=AXIS2_PLACEMENT_3D('',#4260,#4261,#4262);
#4264=CONICAL_SURFACE('',#4263,2.362196566626E-2,4.499975789215E1);
#4265=ORIENTED_EDGE('',*,*,#4255,.T.);
#4266=ORIENTED_EDGE('',*,*,#4244,.T.);
#4268=ORIENTED_EDGE('',*,*,#4267,.F.);
#4269=ORIENTED_EDGE('',*,*,#4241,.F.);
#4270=EDGE_LOOP('',(#4265,#4266,#4268,#4269));
#4271=FACE_OUTER_BOUND('',#4270,.F.);
#4272=ADVANCED_FACE('',(#4271),#4264,.T.);
#4273=CARTESIAN_POINT('',(2.666338582677E-1,2.5E-1,-2.5E-1));
#4274=DIRECTION('',(-1.E0,0.E0,0.E0));
#4275=DIRECTION('',(0.E0,1.E0,0.E0));
#4276=AXIS2_PLACEMENT_3D('',#4273,#4274,#4275);
#4277=CYLINDRICAL_SURFACE('',#4276,2.755905511811E-2);
#4278=ORIENTED_EDGE('',*,*,#4267,.T.);
#4279=ORIENTED_EDGE('',*,*,#4229,.F.);
#4280=ORIENTED_EDGE('',*,*,#4186,.F.);
#4281=ORIENTED_EDGE('',*,*,#4226,.T.);
#4282=EDGE_LOOP('',(#4278,#4279,#4280,#4281));
#4283=FACE_OUTER_BOUND('',#4282,.F.);
#4284=ADVANCED_FACE('',(#4283),#4277,.T.);
#4285=CARTESIAN_POINT('',(-8.897637784443E-2,-2.5E-1,-2.5E-1));
#4286=DIRECTION('',(-1.E0,0.E0,0.E0));
#4287=DIRECTION('',(0.E0,0.E0,-1.E0));
#4288=AXIS2_PLACEMENT_3D('',#4285,#4286,#4287);
#4289=CONICAL_SURFACE('',#4288,3.346456682081E-2,4.5E1);
#4290=ORIENTED_EDGE('',*,*,#2850,.T.);
#4292=ORIENTED_EDGE('',*,*,#4291,.T.);
#4294=ORIENTED_EDGE('',*,*,#4293,.F.);
#4296=ORIENTED_EDGE('',*,*,#4295,.F.);
#4297=EDGE_LOOP('',(#4290,#4292,#4294,#4296));
#4298=FACE_OUTER_BOUND('',#4297,.F.);
#4299=ADVANCED_FACE('',(#4298),#4289,.F.);
#4300=CARTESIAN_POINT('',(-8.897637784443E-2,-2.5E-1,-2.5E-1));
#4301=DIRECTION('',(-1.E0,0.E0,0.E0));
#4302=DIRECTION('',(0.E0,0.E0,-1.E0));
#4303=AXIS2_PLACEMENT_3D('',#4300,#4301,#4302);
#4304=CONICAL_SURFACE('',#4303,3.346456682081E-2,4.5E1);
#4305=ORIENTED_EDGE('',*,*,#2852,.T.);
#4306=ORIENTED_EDGE('',*,*,#4295,.T.);
#4308=ORIENTED_EDGE('',*,*,#4307,.F.);
#4309=ORIENTED_EDGE('',*,*,#4291,.F.);
#4310=EDGE_LOOP('',(#4305,#4306,#4308,#4309));
#4311=FACE_OUTER_BOUND('',#4310,.F.);
#4312=ADVANCED_FACE('',(#4311),#4304,.F.);
#4313=CARTESIAN_POINT('',(0.E0,-2.5E-1,-2.5E-1));
#4314=DIRECTION('',(1.E0,0.E0,0.E0));
#4315=DIRECTION('',(0.E0,1.E0,0.E0));
#4316=AXIS2_PLACEMENT_3D('',#4313,#4314,#4315);
#4317=CYLINDRICAL_SURFACE('',#4316,2.952755905512E-2);
#4319=ORIENTED_EDGE('',*,*,#4318,.F.);
#4321=ORIENTED_EDGE('',*,*,#4320,.T.);
#4322=ORIENTED_EDGE('',*,*,#4307,.T.);
#4324=ORIENTED_EDGE('',*,*,#4323,.F.);
#4326=ORIENTED_EDGE('',*,*,#4325,.F.);
#4327=EDGE_LOOP('',(#4319,#4321,#4322,#4324,#4326));
#4328=FACE_OUTER_BOUND('',#4327,.F.);
#4329=ADVANCED_FACE('',(#4328),#4317,.F.);
#4330=CARTESIAN_POINT('',(-5.807071992938E-2,-2.5E-1,-2.5E-1));
#4331=DIRECTION('',(1.E0,0.E0,0.E0));
#4332=DIRECTION('',(0.E0,-1.E0,0.E0));
#4333=AXIS2_PLACEMENT_3D('',#4330,#4331,#4332);
#4334=CONICAL_SURFACE('',#4333,2.854326055748E-2,4.499980655264E1);
#4335=ORIENTED_EDGE('',*,*,#4318,.T.);
#4337=ORIENTED_EDGE('',*,*,#4336,.F.);
#4339=ORIENTED_EDGE('',*,*,#4338,.T.);
#4341=ORIENTED_EDGE('',*,*,#4340,.T.);
#4343=ORIENTED_EDGE('',*,*,#4342,.T.);
#4344=EDGE_LOOP('',(#4335,#4337,#4339,#4341,#4343));
#4345=FACE_OUTER_BOUND('',#4344,.F.);
#4346=ADVANCED_FACE('',(#4345),#4334,.T.);
#4347=CARTESIAN_POINT('',(-5.807071992938E-2,-2.5E-1,-2.5E-1));
#4348=DIRECTION('',(1.E0,0.E0,0.E0));
#4349=DIRECTION('',(0.E0,-1.E0,0.E0));
#4350=AXIS2_PLACEMENT_3D('',#4347,#4348,#4349);
#4351=CONICAL_SURFACE('',#4350,2.854326055748E-2,4.499980655265E1);
#4352=ORIENTED_EDGE('',*,*,#4325,.T.);
#4354=ORIENTED_EDGE('',*,*,#4353,.T.);
#4355=ORIENTED_EDGE('',*,*,#4340,.F.);
#4357=ORIENTED_EDGE('',*,*,#4356,.T.);
#4358=ORIENTED_EDGE('',*,*,#4336,.T.);
#4359=EDGE_LOOP('',(#4352,#4354,#4355,#4357,#4358));
#4360=FACE_OUTER_BOUND('',#4359,.F.);
#4361=ADVANCED_FACE('',(#4360),#4351,.T.);
#4362=CARTESIAN_POINT('',(0.E0,-2.5E-1,-2.5E-1));
#4363=DIRECTION('',(1.E0,0.E0,0.E0));
#4364=DIRECTION('',(0.E0,1.E0,0.E0));
#4365=AXIS2_PLACEMENT_3D('',#4362,#4363,#4364);
#4366=CYLINDRICAL_SURFACE('',#4365,2.952755905512E-2);
#4367=ORIENTED_EDGE('',*,*,#4342,.F.);
#4368=ORIENTED_EDGE('',*,*,#4353,.F.);
#4369=ORIENTED_EDGE('',*,*,#4323,.T.);
#4370=ORIENTED_EDGE('',*,*,#4293,.T.);
#4371=ORIENTED_EDGE('',*,*,#4320,.F.);
#4372=EDGE_LOOP('',(#4367,#4368,#4369,#4370,#4371));
#4373=FACE_OUTER_BOUND('',#4372,.F.);
#4374=ADVANCED_FACE('',(#4373),#4366,.F.);
#4375=CARTESIAN_POINT('',(2.666338582677E-1,-2.5E-1,-2.5E-1));
#4376=DIRECTION('',(-1.E0,0.E0,0.E0));
#4377=DIRECTION('',(0.E0,0.E0,-1.E0));
#4378=AXIS2_PLACEMENT_3D('',#4375,#4376,#4377);
#4379=CYLINDRICAL_SURFACE('',#4378,2.755905511811E-2);
#4381=ORIENTED_EDGE('',*,*,#4380,.T.);
#4383=ORIENTED_EDGE('',*,*,#4382,.F.);
#4384=ORIENTED_EDGE('',*,*,#4356,.F.);
#4386=ORIENTED_EDGE('',*,*,#4385,.T.);
#4387=EDGE_LOOP('',(#4381,#4383,#4384,#4386));
#4388=FACE_OUTER_BOUND('',#4387,.F.);
#4389=ADVANCED_FACE('',(#4388),#4379,.T.);
#4390=CARTESIAN_POINT('',(-7.874003942434E-2,-2.5E-1,-2.5E-1));
#4391=DIRECTION('',(1.E0,0.E0,0.E0));
#4392=DIRECTION('',(0.E0,-1.E0,0.E0));
#4393=AXIS2_PLACEMENT_3D('',#4390,#4391,#4392);
#4394=CONICAL_SURFACE('',#4393,2.362196566626E-2,4.499975789215E1);
#4396=ORIENTED_EDGE('',*,*,#4395,.T.);
#4398=ORIENTED_EDGE('',*,*,#4397,.T.);
#4399=ORIENTED_EDGE('',*,*,#4380,.F.);
#4401=ORIENTED_EDGE('',*,*,#4400,.F.);
#4402=EDGE_LOOP('',(#4396,#4398,#4399,#4401));
#4403=FACE_OUTER_BOUND('',#4402,.F.);
#4404=ADVANCED_FACE('',(#4403),#4394,.T.);
#4405=CARTESIAN_POINT('',(-8.267716535433E-2,-2.5E-1,-2.5E-1));
#4406=DIRECTION('',(-1.E0,0.E0,0.E0));
#4407=DIRECTION('',(0.E0,0.E0,-1.E0));
#4408=AXIS2_PLACEMENT_3D('',#4405,#4406,#4407);
#4409=PLANE('',#4408);
#4410=ORIENTED_EDGE('',*,*,#4395,.F.);
#4412=ORIENTED_EDGE('',*,*,#4411,.F.);
#4413=EDGE_LOOP('',(#4410,#4412));
#4414=FACE_OUTER_BOUND('',#4413,.F.);
#4415=ADVANCED_FACE('',(#4414),#4409,.T.);
#4416=CARTESIAN_POINT('',(-7.874003942434E-2,-2.5E-1,-2.5E-1));
#4417=DIRECTION('',(1.E0,0.E0,0.E0));
#4418=DIRECTION('',(0.E0,-1.E0,0.E0));
#4419=AXIS2_PLACEMENT_3D('',#4416,#4417,#4418);
#4420=CONICAL_SURFACE('',#4419,2.362196566626E-2,4.499975789215E1);
#4421=ORIENTED_EDGE('',*,*,#4411,.T.);
#4422=ORIENTED_EDGE('',*,*,#4400,.T.);
#4424=ORIENTED_EDGE('',*,*,#4423,.F.);
#4425=ORIENTED_EDGE('',*,*,#4397,.F.);
#4426=EDGE_LOOP('',(#4421,#4422,#4424,#4425));
#4427=FACE_OUTER_BOUND('',#4426,.F.);
#4428=ADVANCED_FACE('',(#4427),#4420,.T.);
#4429=CARTESIAN_POINT('',(2.666338582677E-1,-2.5E-1,-2.5E-1));
#4430=DIRECTION('',(-1.E0,0.E0,0.E0));
#4431=DIRECTION('',(0.E0,0.E0,-1.E0));
#4432=AXIS2_PLACEMENT_3D('',#4429,#4430,#4431);
#4433=CYLINDRICAL_SURFACE('',#4432,2.755905511811E-2);
#4434=ORIENTED_EDGE('',*,*,#4423,.T.);
#4435=ORIENTED_EDGE('',*,*,#4385,.F.);
#4436=ORIENTED_EDGE('',*,*,#4338,.F.);
#4437=ORIENTED_EDGE('',*,*,#4382,.T.);
#4438=EDGE_LOOP('',(#4434,#4435,#4436,#4437));
#4439=FACE_OUTER_BOUND('',#4438,.F.);
#4440=ADVANCED_FACE('',(#4439),#4433,.T.);
#4441=CARTESIAN_POINT('',(0.E0,1.791338582677E-1,0.E0));
#4442=DIRECTION('',(0.E0,1.E0,0.E0));
#4443=DIRECTION('',(1.E0,0.E0,0.E0));
#4444=AXIS2_PLACEMENT_3D('',#4441,#4442,#4443);
#4445=PLANE('',#4444);
#4446=ORIENTED_EDGE('',*,*,#2707,.F.);
#4447=ORIENTED_EDGE('',*,*,#2640,.T.);
#4448=EDGE_LOOP('',(#4446,#4447));
#4449=FACE_OUTER_BOUND('',#4448,.F.);
#4450=ADVANCED_FACE('',(#4449),#4445,.F.);
#4451=CARTESIAN_POINT('',(0.E0,1.791338582677E-1,0.E0));
#4452=DIRECTION('',(0.E0,1.E0,0.E0));
#4453=DIRECTION('',(1.E0,0.E0,0.E0));
#4454=AXIS2_PLACEMENT_3D('',#4451,#4452,#4453);
#4455=PLANE('',#4454);
#4456=ORIENTED_EDGE('',*,*,#2559,.F.);
#4457=ORIENTED_EDGE('',*,*,#2669,.T.);
#4458=EDGE_LOOP('',(#4456,#4457));
#4459=FACE_OUTER_BOUND('',#4458,.F.);
#4460=ADVANCED_FACE('',(#4459),#4455,.F.);
#4461=CARTESIAN_POINT('',(-6.153543307087E-1,0.E0,0.E0));
#4462=DIRECTION('',(-1.E0,0.E0,0.E0));
#4463=DIRECTION('',(0.E0,1.E0,0.E0));
#4464=AXIS2_PLACEMENT_3D('',#4461,#4462,#4463);
#4465=CONICAL_SURFACE('',#4464,1.710369120983E-1,3.E1);
#4467=ORIENTED_EDGE('',*,*,#4466,.F.);
#4468=ORIENTED_EDGE('',*,*,#2440,.T.);
#4470=ORIENTED_EDGE('',*,*,#4469,.T.);
#4472=ORIENTED_EDGE('',*,*,#4471,.F.);
#4473=EDGE_LOOP('',(#4467,#4468,#4470,#4472));
#4474=FACE_OUTER_BOUND('',#4473,.F.);
#4475=ADVANCED_FACE('',(#4474),#4465,.F.);
#4476=CARTESIAN_POINT('',(-6.153543307087E-1,0.E0,0.E0));
#4477=DIRECTION('',(-1.E0,0.E0,0.E0));
#4478=DIRECTION('',(0.E0,1.E0,0.E0));
#4479=AXIS2_PLACEMENT_3D('',#4476,#4477,#4478);
#4480=CONICAL_SURFACE('',#4479,1.710369120983E-1,3.E1);
#4481=ORIENTED_EDGE('',*,*,#4466,.T.);
#4483=ORIENTED_EDGE('',*,*,#4482,.T.);
#4484=ORIENTED_EDGE('',*,*,#4469,.F.);
#4485=ORIENTED_EDGE('',*,*,#2442,.F.);
#4486=EDGE_LOOP('',(#4481,#4483,#4484,#4485));
#4487=FACE_OUTER_BOUND('',#4486,.F.);
#4488=ADVANCED_FACE('',(#4487),#4480,.F.);
#4489=CARTESIAN_POINT('',(-4.498031496063E-1,0.E0,0.E0));
#4490=DIRECTION('',(-1.E0,0.E0,0.E0));
#4491=DIRECTION('',(0.E0,1.E0,0.E0));
#4492=AXIS2_PLACEMENT_3D('',#4489,#4490,#4491);
#4493=CONICAL_SURFACE('',#4492,1.628937007874E-1,9.053573131493E-1);
#4495=ORIENTED_EDGE('',*,*,#4494,.T.);
#4497=ORIENTED_EDGE('',*,*,#4496,.T.);
#4499=ORIENTED_EDGE('',*,*,#4498,.F.);
#4500=ORIENTED_EDGE('',*,*,#4482,.F.);
#4501=EDGE_LOOP('',(#4495,#4497,#4499,#4500));
#4502=FACE_OUTER_BOUND('',#4501,.F.);
#4503=ADVANCED_FACE('',(#4502),#4493,.F.);
#4504=CARTESIAN_POINT('',(-4.498031496063E-1,0.E0,0.E0));
#4505=DIRECTION('',(-1.E0,0.E0,0.E0));
#4506=DIRECTION('',(0.E0,1.E0,0.E0));
#4507=AXIS2_PLACEMENT_3D('',#4504,#4505,#4506);
#4508=CONICAL_SURFACE('',#4507,1.628937007874E-1,9.053573131493E-1);
#4509=ORIENTED_EDGE('',*,*,#4494,.F.);
#4510=ORIENTED_EDGE('',*,*,#4471,.T.);
#4511=ORIENTED_EDGE('',*,*,#4498,.T.);
#4513=ORIENTED_EDGE('',*,*,#4512,.F.);
#4514=EDGE_LOOP('',(#4509,#4510,#4511,#4513));
#4515=FACE_OUTER_BOUND('',#4514,.F.);
#4516=ADVANCED_FACE('',(#4515),#4508,.F.);
#4517=CARTESIAN_POINT('',(-2.940944881890E-1,0.E0,0.E0));
#4518=DIRECTION('',(-1.E0,0.E0,0.E0));
#4519=DIRECTION('',(0.E0,1.E0,0.E0));
#4520=AXIS2_PLACEMENT_3D('',#4517,#4518,#4519);
#4521=PLANE('',#4520);
#4522=ORIENTED_EDGE('',*,*,#4496,.F.);
#4523=ORIENTED_EDGE('',*,*,#4512,.T.);
#4524=EDGE_LOOP('',(#4522,#4523));
#4525=FACE_OUTER_BOUND('',#4524,.F.);
#4527=ORIENTED_EDGE('',*,*,#4526,.T.);
#4529=ORIENTED_EDGE('',*,*,#4528,.T.);
#4530=EDGE_LOOP('',(#4527,#4529));
#4531=FACE_BOUND('',#4530,.F.);
#4532=ADVANCED_FACE('',(#4525,#4531),#4521,.T.);
#4533=CARTESIAN_POINT('',(1.318897637795E-2,0.E0,0.E0));
#4534=DIRECTION('',(-1.E0,0.E0,0.E0));
#4535=DIRECTION('',(0.E0,1.E0,0.E0));
#4536=AXIS2_PLACEMENT_3D('',#4533,#4534,#4535);
#4537=CYLINDRICAL_SURFACE('',#4536,9.251968503937E-2);
#4538=ORIENTED_EDGE('',*,*,#4526,.F.);
#4540=ORIENTED_EDGE('',*,*,#4539,.T.);
#4542=ORIENTED_EDGE('',*,*,#4541,.T.);
#4544=ORIENTED_EDGE('',*,*,#4543,.F.);
#4545=EDGE_LOOP('',(#4538,#4540,#4542,#4544));
#4546=FACE_OUTER_BOUND('',#4545,.F.);
#4547=ADVANCED_FACE('',(#4546),#4537,.T.);
#4548=CARTESIAN_POINT('',(1.318897637795E-2,0.E0,0.E0));
#4549=DIRECTION('',(-1.E0,0.E0,0.E0));
#4550=DIRECTION('',(0.E0,1.E0,0.E0));
#4551=AXIS2_PLACEMENT_3D('',#4548,#4549,#4550);
#4552=CYLINDRICAL_SURFACE('',#4551,9.251968503937E-2);
#4553=ORIENTED_EDGE('',*,*,#4528,.F.);
#4554=ORIENTED_EDGE('',*,*,#4543,.T.);
#4556=ORIENTED_EDGE('',*,*,#4555,.F.);
#4557=ORIENTED_EDGE('',*,*,#4539,.F.);
#4558=EDGE_LOOP('',(#4553,#4554,#4556,#4557));
#4559=FACE_OUTER_BOUND('',#4558,.F.);
#4560=ADVANCED_FACE('',(#4559),#4552,.T.);
#4561=CARTESIAN_POINT('',(-4.952755905512E-1,0.E0,0.E0));
#4562=DIRECTION('',(-1.E0,0.E0,0.E0));
#4563=DIRECTION('',(0.E0,1.E0,0.E0));
#4564=AXIS2_PLACEMENT_3D('',#4561,#4562,#4563);
#4565=PLANE('',#4564);
#4566=ORIENTED_EDGE('',*,*,#4541,.F.);
#4567=ORIENTED_EDGE('',*,*,#4555,.T.);
#4568=EDGE_LOOP('',(#4566,#4567));
#4569=FACE_OUTER_BOUND('',#4568,.F.);
#4571=ORIENTED_EDGE('',*,*,#4570,.F.);
#4573=ORIENTED_EDGE('',*,*,#4572,.T.);
#4574=EDGE_LOOP('',(#4571,#4573));
#4575=FACE_BOUND('',#4574,.F.);
#4576=ADVANCED_FACE('',(#4569,#4575),#4565,.T.);
#4577=CARTESIAN_POINT('',(-3.068700787402E-1,0.E0,0.E0));
#4578=DIRECTION('',(1.E0,0.E0,0.E0));
#4579=DIRECTION('',(0.E0,0.E0,1.E0));
#4580=AXIS2_PLACEMENT_3D('',#4577,#4578,#4579);
#4581=CYLINDRICAL_SURFACE('',#4580,4.133858267717E-2);
#4583=ORIENTED_EDGE('',*,*,#4582,.F.);
#4585=ORIENTED_EDGE('',*,*,#4584,.T.);
#4587=ORIENTED_EDGE('',*,*,#4586,.F.);
#4589=ORIENTED_EDGE('',*,*,#4588,.F.);
#4590=ORIENTED_EDGE('',*,*,#4570,.T.);
#4592=ORIENTED_EDGE('',*,*,#4591,.T.);
#4594=ORIENTED_EDGE('',*,*,#4593,.F.);
#4596=ORIENTED_EDGE('',*,*,#4595,.F.);
#4598=ORIENTED_EDGE('',*,*,#4597,.F.);
#4600=ORIENTED_EDGE('',*,*,#4599,.T.);
#4602=ORIENTED_EDGE('',*,*,#4601,.F.);
#4604=ORIENTED_EDGE('',*,*,#4603,.F.);
#4605=EDGE_LOOP('',(#4583,#4585,#4587,#4589,#4590,#4592,#4594,#4596,#4598,#4600,
#4602,#4604));
#4606=FACE_OUTER_BOUND('',#4605,.F.);
#4607=ADVANCED_FACE('',(#4606),#4581,.F.);
#4608=CARTESIAN_POINT('',(-4.901574803150E-1,0.E0,0.E0));
#4609=DIRECTION('',(-1.E0,0.E0,0.E0));
#4610=DIRECTION('',(0.E0,1.E0,0.E0));
#4611=AXIS2_PLACEMENT_3D('',#4608,#4609,#4610);
#4612=PLANE('',#4611);
#4613=ORIENTED_EDGE('',*,*,#4582,.T.);
#4615=ORIENTED_EDGE('',*,*,#4614,.T.);
#4617=ORIENTED_EDGE('',*,*,#4616,.F.);
#4619=ORIENTED_EDGE('',*,*,#4618,.F.);
#4620=EDGE_LOOP('',(#4613,#4615,#4617,#4619));
#4621=FACE_OUTER_BOUND('',#4620,.F.);
#4622=ADVANCED_FACE('',(#4621),#4612,.T.);
#4623=CARTESIAN_POINT('',(-4.901574803150E-1,5.905511811024E-3,
4.462233333808E-2));
#4624=DIRECTION('',(0.E0,1.E0,0.E0));
#4625=DIRECTION('',(0.E0,0.E0,-1.E0));
#4626=AXIS2_PLACEMENT_3D('',#4623,#4624,#4625);
#4627=PLANE('',#4626);
#4628=ORIENTED_EDGE('',*,*,#4603,.T.);
#4630=ORIENTED_EDGE('',*,*,#4629,.T.);
#4632=ORIENTED_EDGE('',*,*,#4631,.T.);
#4634=ORIENTED_EDGE('',*,*,#4633,.F.);
#4635=ORIENTED_EDGE('',*,*,#4614,.F.);
#4636=EDGE_LOOP('',(#4628,#4630,#4632,#4634,#4635));
#4637=FACE_OUTER_BOUND('',#4636,.F.);
#4638=ADVANCED_FACE('',(#4637),#4627,.F.);
#4639=CARTESIAN_POINT('',(-3.208661417323E-1,0.E0,0.E0));
#4640=DIRECTION('',(-1.E0,0.E0,0.E0));
#4641=DIRECTION('',(0.E0,-1.E0,0.E0));
#4642=AXIS2_PLACEMENT_3D('',#4639,#4640,#4641);
#4643=PLANE('',#4642);
#4644=ORIENTED_EDGE('',*,*,#4601,.T.);
#4646=ORIENTED_EDGE('',*,*,#4645,.F.);
#4648=ORIENTED_EDGE('',*,*,#4647,.T.);
#4649=ORIENTED_EDGE('',*,*,#4629,.F.);
#4650=EDGE_LOOP('',(#4644,#4646,#4648,#4649));
#4651=FACE_OUTER_BOUND('',#4650,.F.);
#4652=ADVANCED_FACE('',(#4651),#4643,.T.);
#4653=CARTESIAN_POINT('',(-4.901574803150E-1,-5.905511811024E-3,
2.194502258924E-2));
#4654=DIRECTION('',(0.E0,-1.E0,0.E0));
#4655=DIRECTION('',(0.E0,0.E0,1.E0));
#4656=AXIS2_PLACEMENT_3D('',#4653,#4654,#4655);
#4657=PLANE('',#4656);
#4658=ORIENTED_EDGE('',*,*,#4599,.F.);
#4660=ORIENTED_EDGE('',*,*,#4659,.T.);
#4662=ORIENTED_EDGE('',*,*,#4661,.F.);
#4664=ORIENTED_EDGE('',*,*,#4663,.F.);
#4665=ORIENTED_EDGE('',*,*,#4645,.T.);
#4666=EDGE_LOOP('',(#4658,#4660,#4662,#4664,#4665));
#4667=FACE_OUTER_BOUND('',#4666,.F.);
#4668=ADVANCED_FACE('',(#4667),#4657,.F.);
#4669=CARTESIAN_POINT('',(-4.901574803150E-1,0.E0,0.E0));
#4670=DIRECTION('',(-1.E0,0.E0,0.E0));
#4671=DIRECTION('',(0.E0,1.E0,0.E0));
#4672=AXIS2_PLACEMENT_3D('',#4669,#4670,#4671);
#4673=PLANE('',#4672);
#4674=ORIENTED_EDGE('',*,*,#4597,.T.);
#4676=ORIENTED_EDGE('',*,*,#4675,.T.);
#4678=ORIENTED_EDGE('',*,*,#4677,.F.);
#4679=ORIENTED_EDGE('',*,*,#4659,.F.);
#4680=EDGE_LOOP('',(#4674,#4676,#4678,#4679));
#4681=FACE_OUTER_BOUND('',#4680,.F.);
#4682=ADVANCED_FACE('',(#4681),#4673,.T.);
#4683=CARTESIAN_POINT('',(-4.901574803150E-1,-4.462233333808E-2,
5.905511811024E-3));
#4684=DIRECTION('',(0.E0,0.E0,1.E0));
#4685=DIRECTION('',(0.E0,1.E0,0.E0));
#4686=AXIS2_PLACEMENT_3D('',#4683,#4684,#4685);
#4687=PLANE('',#4686);
#4688=ORIENTED_EDGE('',*,*,#4595,.T.);
#4690=ORIENTED_EDGE('',*,*,#4689,.T.);
#4692=ORIENTED_EDGE('',*,*,#4691,.T.);
#4694=ORIENTED_EDGE('',*,*,#4693,.F.);
#4695=ORIENTED_EDGE('',*,*,#4675,.F.);
#4696=EDGE_LOOP('',(#4688,#4690,#4692,#4694,#4695));
#4697=FACE_OUTER_BOUND('',#4696,.F.);
#4698=ADVANCED_FACE('',(#4697),#4687,.F.);
#4699=CARTESIAN_POINT('',(-3.208661417323E-1,0.E0,0.E0));
#4700=DIRECTION('',(-1.E0,0.E0,0.E0));
#4701=DIRECTION('',(0.E0,0.E0,-1.E0));
#4702=AXIS2_PLACEMENT_3D('',#4699,#4700,#4701);
#4703=PLANE('',#4702);
#4704=ORIENTED_EDGE('',*,*,#4593,.T.);
#4706=ORIENTED_EDGE('',*,*,#4705,.T.);
#4708=ORIENTED_EDGE('',*,*,#4707,.F.);
#4710=ORIENTED_EDGE('',*,*,#4709,.T.);
#4712=ORIENTED_EDGE('',*,*,#4711,.T.);
#4713=ORIENTED_EDGE('',*,*,#4689,.F.);
#4714=EDGE_LOOP('',(#4704,#4706,#4708,#4710,#4712,#4713));
#4715=FACE_OUTER_BOUND('',#4714,.F.);
#4716=ADVANCED_FACE('',(#4715),#4703,.T.);
#4717=CARTESIAN_POINT('',(-3.068700787402E-1,0.E0,0.E0));
#4718=DIRECTION('',(1.E0,0.E0,0.E0));
#4719=DIRECTION('',(0.E0,0.E0,1.E0));
#4720=AXIS2_PLACEMENT_3D('',#4717,#4718,#4719);
#4721=CYLINDRICAL_SURFACE('',#4720,4.133858267717E-2);
#4723=ORIENTED_EDGE('',*,*,#4722,.F.);
#4725=ORIENTED_EDGE('',*,*,#4724,.T.);
#4726=ORIENTED_EDGE('',*,*,#4705,.F.);
#4727=ORIENTED_EDGE('',*,*,#4591,.F.);
#4728=ORIENTED_EDGE('',*,*,#4572,.F.);
#4729=ORIENTED_EDGE('',*,*,#4588,.T.);
#4731=ORIENTED_EDGE('',*,*,#4730,.F.);
#4733=ORIENTED_EDGE('',*,*,#4732,.F.);
#4735=ORIENTED_EDGE('',*,*,#4734,.F.);
#4737=ORIENTED_EDGE('',*,*,#4736,.T.);
#4739=ORIENTED_EDGE('',*,*,#4738,.F.);
#4741=ORIENTED_EDGE('',*,*,#4740,.F.);
#4742=EDGE_LOOP('',(#4723,#4725,#4726,#4727,#4728,#4729,#4731,#4733,#4735,#4737,
#4739,#4741));
#4743=FACE_OUTER_BOUND('',#4742,.F.);
#4744=ADVANCED_FACE('',(#4743),#4721,.F.);
#4745=CARTESIAN_POINT('',(-4.901574803150E-1,0.E0,0.E0));
#4746=DIRECTION('',(-1.E0,0.E0,0.E0));
#4747=DIRECTION('',(0.E0,1.E0,0.E0));
#4748=AXIS2_PLACEMENT_3D('',#4745,#4746,#4747);
#4749=PLANE('',#4748);
#4750=ORIENTED_EDGE('',*,*,#4722,.T.);
#4752=ORIENTED_EDGE('',*,*,#4751,.T.);
#4754=ORIENTED_EDGE('',*,*,#4753,.F.);
#4756=ORIENTED_EDGE('',*,*,#4755,.F.);
#4757=EDGE_LOOP('',(#4750,#4752,#4754,#4756));
#4758=FACE_OUTER_BOUND('',#4757,.F.);
#4759=ADVANCED_FACE('',(#4758),#4749,.T.);
#4760=CARTESIAN_POINT('',(-4.901574803150E-1,-5.905511811024E-3,
-4.462233333808E-2));
#4761=DIRECTION('',(0.E0,-1.E0,0.E0));
#4762=DIRECTION('',(0.E0,0.E0,1.E0));
#4763=AXIS2_PLACEMENT_3D('',#4760,#4761,#4762);
#4764=PLANE('',#4763);
#4765=ORIENTED_EDGE('',*,*,#4740,.T.);
#4767=ORIENTED_EDGE('',*,*,#4766,.T.);
#4769=ORIENTED_EDGE('',*,*,#4768,.T.);
#4771=ORIENTED_EDGE('',*,*,#4770,.F.);
#4772=ORIENTED_EDGE('',*,*,#4751,.F.);
#4773=EDGE_LOOP('',(#4765,#4767,#4769,#4771,#4772));
#4774=FACE_OUTER_BOUND('',#4773,.F.);
#4775=ADVANCED_FACE('',(#4774),#4764,.F.);
#4776=CARTESIAN_POINT('',(-3.208661417323E-1,0.E0,0.E0));
#4777=DIRECTION('',(-1.E0,0.E0,0.E0));
#4778=DIRECTION('',(0.E0,1.E0,0.E0));
#4779=AXIS2_PLACEMENT_3D('',#4776,#4777,#4778);
#4780=PLANE('',#4779);
#4781=ORIENTED_EDGE('',*,*,#4738,.T.);
#4783=ORIENTED_EDGE('',*,*,#4782,.F.);
#4785=ORIENTED_EDGE('',*,*,#4784,.T.);
#4786=ORIENTED_EDGE('',*,*,#4766,.F.);
#4787=EDGE_LOOP('',(#4781,#4783,#4785,#4786));
#4788=FACE_OUTER_BOUND('',#4787,.F.);
#4789=ADVANCED_FACE('',(#4788),#4780,.T.);
#4790=CARTESIAN_POINT('',(-4.901574803150E-1,5.905511811024E-3,
-2.194502258924E-2));
#4791=DIRECTION('',(0.E0,1.E0,0.E0));
#4792=DIRECTION('',(0.E0,0.E0,-1.E0));
#4793=AXIS2_PLACEMENT_3D('',#4790,#4791,#4792);
#4794=PLANE('',#4793);
#4795=ORIENTED_EDGE('',*,*,#4736,.F.);
#4797=ORIENTED_EDGE('',*,*,#4796,.T.);
#4799=ORIENTED_EDGE('',*,*,#4798,.F.);
#4801=ORIENTED_EDGE('',*,*,#4800,.F.);
#4802=ORIENTED_EDGE('',*,*,#4782,.T.);
#4803=EDGE_LOOP('',(#4795,#4797,#4799,#4801,#4802));
#4804=FACE_OUTER_BOUND('',#4803,.F.);
#4805=ADVANCED_FACE('',(#4804),#4794,.F.);
#4806=CARTESIAN_POINT('',(-4.901574803150E-1,0.E0,0.E0));
#4807=DIRECTION('',(-1.E0,0.E0,0.E0));
#4808=DIRECTION('',(0.E0,1.E0,0.E0));
#4809=AXIS2_PLACEMENT_3D('',#4806,#4807,#4808);
#4810=PLANE('',#4809);
#4811=ORIENTED_EDGE('',*,*,#4734,.T.);
#4813=ORIENTED_EDGE('',*,*,#4812,.T.);
#4815=ORIENTED_EDGE('',*,*,#4814,.F.);
#4816=ORIENTED_EDGE('',*,*,#4796,.F.);
#4817=EDGE_LOOP('',(#4811,#4813,#4815,#4816));
#4818=FACE_OUTER_BOUND('',#4817,.F.);
#4819=ADVANCED_FACE('',(#4818),#4810,.T.);
#4820=CARTESIAN_POINT('',(-4.901574803150E-1,4.462233333808E-2,
-5.905511811024E-3));
#4821=DIRECTION('',(0.E0,0.E0,-1.E0));
#4822=DIRECTION('',(0.E0,-1.E0,0.E0));
#4823=AXIS2_PLACEMENT_3D('',#4820,#4821,#4822);
#4824=PLANE('',#4823);
#4825=ORIENTED_EDGE('',*,*,#4732,.T.);
#4827=ORIENTED_EDGE('',*,*,#4826,.T.);
#4829=ORIENTED_EDGE('',*,*,#4828,.T.);
#4831=ORIENTED_EDGE('',*,*,#4830,.F.);
#4832=ORIENTED_EDGE('',*,*,#4812,.F.);
#4833=EDGE_LOOP('',(#4825,#4827,#4829,#4831,#4832));
#4834=FACE_OUTER_BOUND('',#4833,.F.);
#4835=ADVANCED_FACE('',(#4834),#4824,.F.);
#4836=CARTESIAN_POINT('',(-3.208661417323E-1,0.E0,0.E0));
#4837=DIRECTION('',(-1.E0,0.E0,0.E0));
#4838=DIRECTION('',(0.E0,0.E0,1.E0));
#4839=AXIS2_PLACEMENT_3D('',#4836,#4837,#4838);
#4840=PLANE('',#4839);
#4841=ORIENTED_EDGE('',*,*,#4586,.T.);
#4843=ORIENTED_EDGE('',*,*,#4842,.F.);
#4845=ORIENTED_EDGE('',*,*,#4844,.T.);
#4847=ORIENTED_EDGE('',*,*,#4846,.T.);
#4848=ORIENTED_EDGE('',*,*,#4826,.F.);
#4849=ORIENTED_EDGE('',*,*,#4730,.T.);
#4850=EDGE_LOOP('',(#4841,#4843,#4845,#4847,#4848,#4849));
#4851=FACE_OUTER_BOUND('',#4850,.F.);
#4852=ADVANCED_FACE('',(#4851),#4840,.T.);
#4853=CARTESIAN_POINT('',(-4.901574803150E-1,2.194502258924E-2,
5.905511811024E-3));
#4854=DIRECTION('',(0.E0,0.E0,1.E0));
#4855=DIRECTION('',(0.E0,1.E0,0.E0));
#4856=AXIS2_PLACEMENT_3D('',#4853,#4854,#4855);
#4857=PLANE('',#4856);
#4858=ORIENTED_EDGE('',*,*,#4584,.F.);
#4859=ORIENTED_EDGE('',*,*,#4618,.T.);
#4861=ORIENTED_EDGE('',*,*,#4860,.F.);
#4863=ORIENTED_EDGE('',*,*,#4862,.F.);
#4864=ORIENTED_EDGE('',*,*,#4842,.T.);
#4865=EDGE_LOOP('',(#4858,#4859,#4861,#4863,#4864));
#4866=FACE_OUTER_BOUND('',#4865,.F.);
#4867=ADVANCED_FACE('',(#4866),#4857,.F.);
#4868=CARTESIAN_POINT('',(-4.842519685039E-1,0.E0,0.E0));
#4869=DIRECTION('',(-1.E0,0.E0,0.E0));
#4870=DIRECTION('',(0.E0,1.E0,0.E0));
#4871=AXIS2_PLACEMENT_3D('',#4868,#4869,#4870);
#4872=CONICAL_SURFACE('',#4871,3.136230473931E-2,3.E1);
#4873=ORIENTED_EDGE('',*,*,#4860,.T.);
#4874=ORIENTED_EDGE('',*,*,#4616,.T.);
#4875=ORIENTED_EDGE('',*,*,#4633,.T.);
#4877=ORIENTED_EDGE('',*,*,#4876,.F.);
#4878=EDGE_LOOP('',(#4873,#4874,#4875,#4877));
#4879=FACE_OUTER_BOUND('',#4878,.F.);
#4880=ADVANCED_FACE('',(#4879),#4872,.F.);
#4881=CARTESIAN_POINT('',(2.870078740157E-1,0.E0,0.E0));
#4882=DIRECTION('',(-1.E0,0.E0,0.E0));
#4883=DIRECTION('',(0.E0,1.E0,0.E0));
#4884=AXIS2_PLACEMENT_3D('',#4881,#4882,#4883);
#4885=CYLINDRICAL_SURFACE('',#4884,2.795275590551E-2);
#4886=ORIENTED_EDGE('',*,*,#4711,.F.);
#4888=ORIENTED_EDGE('',*,*,#4887,.T.);
#4890=ORIENTED_EDGE('',*,*,#4889,.F.);
#4892=ORIENTED_EDGE('',*,*,#4891,.F.);
#4893=ORIENTED_EDGE('',*,*,#4844,.F.);
#4894=ORIENTED_EDGE('',*,*,#4862,.T.);
#4895=ORIENTED_EDGE('',*,*,#4876,.T.);
#4896=ORIENTED_EDGE('',*,*,#4631,.F.);
#4897=ORIENTED_EDGE('',*,*,#4647,.F.);
#4898=ORIENTED_EDGE('',*,*,#4663,.T.);
#4900=ORIENTED_EDGE('',*,*,#4899,.T.);
#4901=ORIENTED_EDGE('',*,*,#4691,.F.);
#4902=EDGE_LOOP('',(#4886,#4888,#4890,#4892,#4893,#4894,#4895,#4896,#4897,#4898,
#4900,#4901));
#4903=FACE_OUTER_BOUND('',#4902,.F.);
#4904=ADVANCED_FACE('',(#4903),#4885,.F.);
#4905=CARTESIAN_POINT('',(2.870078740157E-1,0.E0,0.E0));
#4906=DIRECTION('',(-1.E0,0.E0,0.E0));
#4907=DIRECTION('',(0.E0,1.E0,0.E0));
#4908=AXIS2_PLACEMENT_3D('',#4905,#4906,#4907);
#4909=CYLINDRICAL_SURFACE('',#4908,2.795275590551E-2);
#4910=ORIENTED_EDGE('',*,*,#4709,.F.);
#4912=ORIENTED_EDGE('',*,*,#4911,.T.);
#4914=ORIENTED_EDGE('',*,*,#4913,.F.);
#4915=ORIENTED_EDGE('',*,*,#4768,.F.);
#4916=ORIENTED_EDGE('',*,*,#4784,.F.);
#4917=ORIENTED_EDGE('',*,*,#4800,.T.);
#4919=ORIENTED_EDGE('',*,*,#4918,.F.);
#4920=ORIENTED_EDGE('',*,*,#4828,.F.);
#4921=ORIENTED_EDGE('',*,*,#4846,.F.);
#4922=ORIENTED_EDGE('',*,*,#4891,.T.);
#4924=ORIENTED_EDGE('',*,*,#4923,.T.);
#4925=ORIENTED_EDGE('',*,*,#4887,.F.);
#4926=EDGE_LOOP('',(#4910,#4912,#4914,#4915,#4916,#4917,#4919,#4920,#4921,#4922,
#4924,#4925));
#4927=FACE_OUTER_BOUND('',#4926,.F.);
#4928=ADVANCED_FACE('',(#4927),#4909,.F.);
#4929=CARTESIAN_POINT('',(-4.901574803150E-1,-2.194502258924E-2,
-5.905511811024E-3));
#4930=DIRECTION('',(0.E0,0.E0,-1.E0));
#4931=DIRECTION('',(0.E0,-1.E0,0.E0));
#4932=AXIS2_PLACEMENT_3D('',#4929,#4930,#4931);
#4933=PLANE('',#4932);
#4934=ORIENTED_EDGE('',*,*,#4724,.F.);
#4935=ORIENTED_EDGE('',*,*,#4755,.T.);
#4937=ORIENTED_EDGE('',*,*,#4936,.F.);
#4938=ORIENTED_EDGE('',*,*,#4911,.F.);
#4939=ORIENTED_EDGE('',*,*,#4707,.T.);
#4940=EDGE_LOOP('',(#4934,#4935,#4937,#4938,#4939));
#4941=FACE_OUTER_BOUND('',#4940,.F.);
#4942=ADVANCED_FACE('',(#4941),#4933,.F.);
#4943=CARTESIAN_POINT('',(-4.842519685039E-1,0.E0,0.E0));
#4944=DIRECTION('',(-1.E0,0.E0,0.E0));
#4945=DIRECTION('',(0.E0,1.E0,0.E0));
#4946=AXIS2_PLACEMENT_3D('',#4943,#4944,#4945);
#4947=CONICAL_SURFACE('',#4946,3.136230473931E-2,3.E1);
#4948=ORIENTED_EDGE('',*,*,#4936,.T.);
#4949=ORIENTED_EDGE('',*,*,#4753,.T.);
#4950=ORIENTED_EDGE('',*,*,#4770,.T.);
#4951=ORIENTED_EDGE('',*,*,#4913,.T.);
#4952=EDGE_LOOP('',(#4948,#4949,#4950,#4951));
#4953=FACE_OUTER_BOUND('',#4952,.F.);
#4954=ADVANCED_FACE('',(#4953),#4947,.F.);
#4955=CARTESIAN_POINT('',(-4.842519685039E-1,0.E0,0.E0));
#4956=DIRECTION('',(-1.E0,0.E0,0.E0));
#4957=DIRECTION('',(0.E0,1.E0,0.E0));
#4958=AXIS2_PLACEMENT_3D('',#4955,#4956,#4957);
#4959=CONICAL_SURFACE('',#4958,3.136230473931E-2,3.E1);
#4960=ORIENTED_EDGE('',*,*,#4798,.T.);
#4961=ORIENTED_EDGE('',*,*,#4814,.T.);
#4962=ORIENTED_EDGE('',*,*,#4830,.T.);
#4963=ORIENTED_EDGE('',*,*,#4918,.T.);
#4964=EDGE_LOOP('',(#4960,#4961,#4962,#4963));
#4965=FACE_OUTER_BOUND('',#4964,.F.);
#4966=ADVANCED_FACE('',(#4965),#4959,.F.);
#4967=CARTESIAN_POINT('',(-2.775251906043E-1,0.E0,0.E0));
#4968=DIRECTION('',(-1.E0,0.E0,0.E0));
#4969=DIRECTION('',(0.E0,1.E0,0.E0));
#4970=AXIS2_PLACEMENT_3D('',#4967,#4968,#4969);
#4971=CONICAL_SURFACE('',#4970,1.425590551181E-2,6.E1);
#4973=ORIENTED_EDGE('',*,*,#4972,.T.);
#4975=ORIENTED_EDGE('',*,*,#4974,.F.);
#4976=ORIENTED_EDGE('',*,*,#4923,.F.);
#4977=EDGE_LOOP('',(#4973,#4975,#4976));
#4978=FACE_OUTER_BOUND('',#4977,.F.);
#4979=ADVANCED_FACE('',(#4978),#4971,.F.);
#4980=CARTESIAN_POINT('',(-2.775251906043E-1,0.E0,0.E0));
#4981=DIRECTION('',(-1.E0,0.E0,0.E0));
#4982=DIRECTION('',(0.E0,1.E0,0.E0));
#4983=AXIS2_PLACEMENT_3D('',#4980,#4981,#4982);
#4984=CONICAL_SURFACE('',#4983,1.425590551181E-2,6.E1);
#4985=ORIENTED_EDGE('',*,*,#4972,.F.);
#4986=ORIENTED_EDGE('',*,*,#4889,.T.);
#4987=ORIENTED_EDGE('',*,*,#4974,.T.);
#4988=EDGE_LOOP('',(#4985,#4986,#4987));
#4989=FACE_OUTER_BOUND('',#4988,.F.);
#4990=ADVANCED_FACE('',(#4989),#4984,.F.);
#4991=CARTESIAN_POINT('',(-4.842519685039E-1,0.E0,0.E0));
#4992=DIRECTION('',(-1.E0,0.E0,0.E0));
#4993=DIRECTION('',(0.E0,1.E0,0.E0));
#4994=AXIS2_PLACEMENT_3D('',#4991,#4992,#4993);
#4995=CONICAL_SURFACE('',#4994,3.136230473931E-2,3.E1);
#4996=ORIENTED_EDGE('',*,*,#4693,.T.);
#4997=ORIENTED_EDGE('',*,*,#4899,.F.);
#4998=ORIENTED_EDGE('',*,*,#4661,.T.);
#4999=ORIENTED_EDGE('',*,*,#4677,.T.);
#5000=EDGE_LOOP('',(#4996,#4997,#4998,#4999));
#5001=FACE_OUTER_BOUND('',#5000,.F.);
#5002=ADVANCED_FACE('',(#5001),#4995,.F.);
#5003=CLOSED_SHELL('',(#2446,#2469,#2490,#2509,#2520,#2536,#2547,#2569,#2588,
#2599,#2611,#2629,#2648,#2659,#2675,#2694,#2714,#2724,#2742,#2763,#2775,#2793,
#2804,#2856,#2871,#2924,#2937,#2950,#2963,#2976,#2989,#3002,#3014,#3031,#3048,
#3062,#3076,#3091,#3104,#3120,#3135,#3150,#3164,#3176,#3186,#3201,#3216,#3230,
#3242,#3257,#3270,#3286,#3301,#3316,#3330,#3342,#3352,#3369,#3386,#3400,#3414,
#3429,#3442,#3458,#3473,#3488,#3502,#3514,#3524,#3539,#3554,#3568,#3580,#3595,
#3608,#3624,#3639,#3654,#3668,#3680,#3690,#3705,#3718,#3733,#3750,#3762,#3777,
#3790,#3805,#3818,#3828,#3843,#3856,#3871,#3886,#3900,#3912,#3927,#3942,#3953,
#3966,#3978,#3993,#4006,#4023,#4040,#4054,#4068,#4083,#4098,#4109,#4122,#4134,
#4149,#4162,#4177,#4192,#4206,#4218,#4233,#4248,#4259,#4272,#4284,#4299,#4312,
#4329,#4346,#4361,#4374,#4389,#4404,#4415,#4428,#4440,#4450,#4460,#4475,#4488,
#4503,#4516,#4532,#4547,#4560,#4576,#4607,#4622,#4638,#4652,#4668,#4682,#4698,
#4716,#4744,#4759,#4775,#4789,#4805,#4819,#4835,#4852,#4867,#4880,#4904,#4928,
#4942,#4954,#4966,#4979,#4990,#5002));
#5004=MANIFOLD_SOLID_BREP('',#5003);
#5005=DIMENSIONAL_EXPONENTS(1.E0,0.E0,0.E0,0.E0,0.E0,0.E0,0.E0);
#5007=LENGTH_MEASURE_WITH_UNIT(LENGTH_MEASURE(2.54E1),#5006);
#5008=(CONVERSION_BASED_UNIT('INCH',#5007)LENGTH_UNIT()NAMED_UNIT(#5005));
#5009=DIMENSIONAL_EXPONENTS(0.E0,0.E0,0.E0,0.E0,0.E0,0.E0,0.E0);
#5011=PLANE_ANGLE_MEASURE_WITH_UNIT(PLANE_ANGLE_MEASURE(1.745329251994E-2),
#5010);
#5012=(CONVERSION_BASED_UNIT('DEGREE',#5011)NAMED_UNIT(*)PLANE_ANGLE_UNIT());
#5014=UNCERTAINTY_MEASURE_WITH_UNIT(LENGTH_MEASURE(3.671999995627E-5),#5008,
'closure',
'Maximum model space distance between geometric entities at asserted connectivities');
#5015=(GEOMETRIC_REPRESENTATION_CONTEXT(3)GLOBAL_UNCERTAINTY_ASSIGNED_CONTEXT((
#5014))GLOBAL_UNIT_ASSIGNED_CONTEXT((#5008,#5012,#5013))REPRESENTATION_CONTEXT(
'ID1','3'));
#5017=APPLICATION_CONTEXT(
'CONFIGURATION CONTROLLED 3D DESIGNS OF MECHANICAL PARTS AND ASSEMBLIES');
#5018=APPLICATION_PROTOCOL_DEFINITION('international standard',
'config_control_design',1994,#5017);
#5019=DESIGN_CONTEXT('',#5017,'design');
#5020=MECHANICAL_CONTEXT('',#5017,'mechanical');
#5021=PRODUCT('112536_SW0001','112536_SW0001','NOT SPECIFIED',(#5020));
#5022=PRODUCT_DEFINITION_FORMATION_WITH_SPECIFIED_SOURCE('1','LAST_VERSION',
#5021,.MADE.);
#5026=PRODUCT_CATEGORY('part','');
#5027=PRODUCT_RELATED_PRODUCT_CATEGORY('detail','',(#5021));
#5028=PRODUCT_CATEGORY_RELATIONSHIP('','',#5026,#5027);
#5029=SECURITY_CLASSIFICATION_LEVEL('unclassified');
#5030=SECURITY_CLASSIFICATION('','',#5029);
#5031=CC_DESIGN_SECURITY_CLASSIFICATION(#5030,(#5022));
#5032=APPROVAL_STATUS('approved');
#5033=APPROVAL(#5032,'');
#5034=CC_DESIGN_APPROVAL(#5033,(#5030,#5022,#5023));
#5035=CALENDAR_DATE(120,13,2);
#5036=COORDINATED_UNIVERSAL_TIME_OFFSET(5,30,.AHEAD.);
#5037=LOCAL_TIME(15,41,5.6E1,#5036);
#5038=DATE_AND_TIME(#5035,#5037);
#5039=APPROVAL_DATE_TIME(#5038,#5033);
#5040=DATE_TIME_ROLE('creation_date');
#5041=CC_DESIGN_DATE_AND_TIME_ASSIGNMENT(#5038,#5040,(#5023));
#5042=DATE_TIME_ROLE('classification_date');
#5043=CC_DESIGN_DATE_AND_TIME_ASSIGNMENT(#5038,#5042,(#5030));
#5044=PERSON('UNSPECIFIED','UNSPECIFIED',$,$,$,$);
#5045=ORGANIZATION('UNSPECIFIED','UNSPECIFIED','UNSPECIFIED');
#5046=PERSON_AND_ORGANIZATION(#5044,#5045);
#5047=APPROVAL_ROLE('approver');
#5048=APPROVAL_PERSON_ORGANIZATION(#5046,#5033,#5047);
#5049=PERSON_AND_ORGANIZATION_ROLE('creator');
#5050=CC_DESIGN_PERSON_AND_ORGANIZATION_ASSIGNMENT(#5046,#5049,(#5022,#5023));
#5051=PERSON_AND_ORGANIZATION_ROLE('design_supplier');
#5052=CC_DESIGN_PERSON_AND_ORGANIZATION_ASSIGNMENT(#5046,#5051,(#5022));
#5053=PERSON_AND_ORGANIZATION_ROLE('classification_officer');
#5054=CC_DESIGN_PERSON_AND_ORGANIZATION_ASSIGNMENT(#5046,#5053,(#5030));
#5055=PERSON_AND_ORGANIZATION_ROLE('design_owner');
#5056=CC_DESIGN_PERSON_AND_ORGANIZATION_ASSIGNMENT(#5046,#5055,(#5021));
#5=CIRCLE('',#4,1.889763779528E-1);
#10=CIRCLE('',#9,1.889763779528E-1);
#19=CIRCLE('',#18,1.889763779528E-1);
#34=B_SPLINE_CURVE_WITH_KNOTS('',3,(#24,#25,#26,#27,#28,#29,#30,#31,#32,#33),
.UNSPECIFIED.,.F.,.F.,(4,1,1,1,1,1,1,4),(0.E0,1.428571428571E-1,
2.857142857143E-1,4.285714285714E-1,5.714285714286E-1,7.142857142857E-1,
8.571428571429E-1,1.E0),.UNSPECIFIED.);
#45=B_SPLINE_CURVE_WITH_KNOTS('',3,(#35,#36,#37,#38,#39,#40,#41,#42,#43,#44),
.UNSPECIFIED.,.F.,.F.,(4,1,1,1,1,1,1,4),(0.E0,1.428571428571E-1,
2.857142857143E-1,4.285714285714E-1,5.714285714286E-1,7.142857142857E-1,
8.571428571429E-1,1.E0),.UNSPECIFIED.);
#50=CIRCLE('',#49,3.897637795276E-2);
#55=CIRCLE('',#54,3.897637795276E-2);
#82=B_SPLINE_CURVE_WITH_KNOTS('',3,(#56,#57,#58,#59,#60,#61,#62,#63,#64,#65,#66,
#67,#68,#69,#70,#71,#72,#73,#74,#75,#76,#77,#78,#79,#80,#81),.UNSPECIFIED.,.F.,
.F.,(4,1,1,1,1,1,1,1,1,1,1,1,1,1,1,1,1,1,1,1,1,1,1,4),(0.E0,4.347826086957E-2,
8.695652173913E-2,1.304347826087E-1,1.739130434783E-1,2.173913043478E-1,
2.608695652174E-1,3.043478260870E-1,3.478260869565E-1,3.913043478261E-1,
4.347826086957E-1,4.782608695652E-1,5.217391304348E-1,5.652173913043E-1,
6.086956521739E-1,6.521739130435E-1,6.956521739130E-1,7.391304347826E-1,
7.826086956522E-1,8.260869565217E-1,8.695652173913E-1,9.130434782609E-1,
9.565217391304E-1,1.E0),.UNSPECIFIED.);
#113=B_SPLINE_CURVE_WITH_KNOTS('',3,(#87,#88,#89,#90,#91,#92,#93,#94,#95,#96,
#97,#98,#99,#100,#101,#102,#103,#104,#105,#106,#107,#108,#109,#110,#111,#112),
.UNSPECIFIED.,.F.,.F.,(4,1,1,1,1,1,1,1,1,1,1,1,1,1,1,1,1,1,1,1,1,1,1,4),(0.E0,
4.347826086957E-2,8.695652173913E-2,1.304347826087E-1,1.739130434783E-1,
2.173913043478E-1,2.608695652174E-1,3.043478260870E-1,3.478260869565E-1,
3.913043478261E-1,4.347826086957E-1,4.782608695652E-1,5.217391304348E-1,
5.652173913043E-1,6.086956521739E-1,6.521739130435E-1,6.956521739130E-1,
7.391304347826E-1,7.826086956522E-1,8.260869565217E-1,8.695652173913E-1,
9.130434782609E-1,9.565217391304E-1,1.E0),.UNSPECIFIED.);
#122=CIRCLE('',#121,3.897637795276E-2);
#129=B_SPLINE_CURVE_WITH_KNOTS('',3,(#123,#124,#125,#126,#127,#128),
.UNSPECIFIED.,.F.,.F.,(4,1,1,4),(0.E0,3.333333333333E-1,6.666666666667E-1,1.E0),
.UNSPECIFIED.);
#138=B_SPLINE_CURVE_WITH_KNOTS('',3,(#130,#131,#132,#133,#134,#135,#136,#137),
.UNSPECIFIED.,.F.,.F.,(4,1,1,1,1,4),(0.E0,2.E-1,4.E-1,6.E-1,8.E-1,1.E0),
.UNSPECIFIED.);
#147=B_SPLINE_CURVE_WITH_KNOTS('',3,(#139,#140,#141,#142,#143,#144,#145,#146),
.UNSPECIFIED.,.F.,.F.,(4,1,1,1,1,4),(0.E0,2.E-1,4.E-1,6.E-1,8.E-1,1.E0),
.UNSPECIFIED.);
#154=B_SPLINE_CURVE_WITH_KNOTS('',3,(#148,#149,#150,#151,#152,#153),
.UNSPECIFIED.,.F.,.F.,(4,1,1,4),(0.E0,3.333333333333E-1,6.666666666667E-1,1.E0),
.UNSPECIFIED.);
#163=B_SPLINE_CURVE_WITH_KNOTS('',3,(#155,#156,#157,#158,#159,#160,#161,#162),
.UNSPECIFIED.,.F.,.F.,(4,1,1,1,1,4),(0.E0,2.E-1,4.E-1,6.E-1,8.E-1,1.E0),
.UNSPECIFIED.);
#172=B_SPLINE_CURVE_WITH_KNOTS('',3,(#164,#165,#166,#167,#168,#169,#170,#171),
.UNSPECIFIED.,.F.,.F.,(4,1,1,1,1,4),(0.E0,2.E-1,4.E-1,6.E-1,8.E-1,1.E0),
.UNSPECIFIED.);
#187=B_SPLINE_CURVE_WITH_KNOTS('',3,(#177,#178,#179,#180,#181,#182,#183,#184,
#185,#186),.UNSPECIFIED.,.F.,.F.,(4,1,1,1,1,1,1,4),(0.E0,1.428571428571E-1,
2.857142857143E-1,4.285714285714E-1,5.714285714286E-1,7.142857142857E-1,
8.571428571429E-1,1.E0),.UNSPECIFIED.);
#206=B_SPLINE_CURVE_WITH_KNOTS('',3,(#196,#197,#198,#199,#200,#201,#202,#203,
#204,#205),.UNSPECIFIED.,.F.,.F.,(4,1,1,1,1,1,1,4),(0.E0,1.428571428571E-1,
2.857142857143E-1,4.285714285714E-1,5.714285714286E-1,7.142857142857E-1,
8.571428571429E-1,1.E0),.UNSPECIFIED.);
#215=CIRCLE('',#214,1.889763779528E-1);
#220=CIRCLE('',#219,9.842519685039E-2);
#225=CIRCLE('',#224,9.842519685039E-2);
#230=CIRCLE('',#229,3.897637795276E-2);
#235=CIRCLE('',#234,3.897637795276E-2);
#262=B_SPLINE_CURVE_WITH_KNOTS('',3,(#236,#237,#238,#239,#240,#241,#242,#243,
#244,#245,#246,#247,#248,#249,#250,#251,#252,#253,#254,#255,#256,#257,#258,#259,
#260,#261),.UNSPECIFIED.,.F.,.F.,(4,1,1,1,1,1,1,1,1,1,1,1,1,1,1,1,1,1,1,1,1,1,1,
4),(0.E0,4.347826086957E-2,8.695652173913E-2,1.304347826087E-1,
1.739130434783E-1,2.173913043478E-1,2.608695652174E-1,3.043478260870E-1,
3.478260869565E-1,3.913043478261E-1,4.347826086957E-1,4.782608695652E-1,
5.217391304348E-1,5.652173913043E-1,6.086956521739E-1,6.521739130435E-1,
6.956521739130E-1,7.391304347826E-1,7.826086956522E-1,8.260869565217E-1,
8.695652173913E-1,9.130434782609E-1,9.565217391304E-1,1.E0),.UNSPECIFIED.);
#293=B_SPLINE_CURVE_WITH_KNOTS('',3,(#267,#268,#269,#270,#271,#272,#273,#274,
#275,#276,#277,#278,#279,#280,#281,#282,#283,#284,#285,#286,#287,#288,#289,#290,
#291,#292),.UNSPECIFIED.,.F.,.F.,(4,1,1,1,1,1,1,1,1,1,1,1,1,1,1,1,1,1,1,1,1,1,1,
4),(0.E0,4.347826086957E-2,8.695652173913E-2,1.304347826087E-1,
1.739130434783E-1,2.173913043478E-1,2.608695652174E-1,3.043478260870E-1,
3.478260869565E-1,3.913043478261E-1,4.347826086957E-1,4.782608695652E-1,
5.217391304348E-1,5.652173913043E-1,6.086956521739E-1,6.521739130435E-1,
6.956521739130E-1,7.391304347826E-1,7.826086956522E-1,8.260869565217E-1,
8.695652173913E-1,9.130434782609E-1,9.565217391304E-1,1.E0),.UNSPECIFIED.);
#302=CIRCLE('',#301,3.897637795276E-2);
#307=CIRCLE('',#306,3.897637795276E-2);
#314=B_SPLINE_CURVE_WITH_KNOTS('',3,(#308,#309,#310,#311,#312,#313),
.UNSPECIFIED.,.F.,.F.,(4,1,1,4),(0.E0,3.333333333333E-1,6.666666666667E-1,1.E0),
.UNSPECIFIED.);
#323=B_SPLINE_CURVE_WITH_KNOTS('',3,(#315,#316,#317,#318,#319,#320,#321,#322),
.UNSPECIFIED.,.F.,.F.,(4,1,1,1,1,4),(0.E0,2.E-1,4.E-1,6.E-1,8.E-1,1.E0),
.UNSPECIFIED.);
#332=B_SPLINE_CURVE_WITH_KNOTS('',3,(#324,#325,#326,#327,#328,#329,#330,#331),
.UNSPECIFIED.,.F.,.F.,(4,1,1,1,1,4),(0.E0,2.E-1,4.E-1,6.E-1,8.E-1,1.E0),
.UNSPECIFIED.);
#339=B_SPLINE_CURVE_WITH_KNOTS('',3,(#333,#334,#335,#336,#337,#338),
.UNSPECIFIED.,.F.,.F.,(4,1,1,4),(0.E0,3.333333333333E-1,6.666666666667E-1,1.E0),
.UNSPECIFIED.);
#348=B_SPLINE_CURVE_WITH_KNOTS('',3,(#340,#341,#342,#343,#344,#345,#346,#347),
.UNSPECIFIED.,.F.,.F.,(4,1,1,1,1,4),(0.E0,2.E-1,4.E-1,6.E-1,8.E-1,1.E0),
.UNSPECIFIED.);
#357=B_SPLINE_CURVE_WITH_KNOTS('',3,(#349,#350,#351,#352,#353,#354,#355,#356),
.UNSPECIFIED.,.F.,.F.,(4,1,1,1,1,4),(0.E0,2.E-1,4.E-1,6.E-1,8.E-1,1.E0),
.UNSPECIFIED.);
#362=CIRCLE('',#361,3.897637795276E-2);
#367=CIRCLE('',#366,3.897637795276E-2);
#372=CIRCLE('',#371,3.897637795276E-2);
#381=CIRCLE('',#380,1.889763779528E-1);
#396=B_SPLINE_CURVE_WITH_KNOTS('',3,(#386,#387,#388,#389,#390,#391,#392,#393,
#394,#395),.UNSPECIFIED.,.F.,.F.,(4,1,1,1,1,1,1,4),(0.E0,1.428571428571E-1,
2.857142857143E-1,4.285714285714E-1,5.714285714286E-1,7.142857142857E-1,
8.571428571429E-1,1.E0),.UNSPECIFIED.);
#405=CIRCLE('',#404,1.889763779528E-1);
#420=B_SPLINE_CURVE_WITH_KNOTS('',3,(#410,#411,#412,#413,#414,#415,#416,#417,
#418,#419),.UNSPECIFIED.,.F.,.F.,(4,1,1,1,1,1,1,4),(0.E0,1.428571428571E-1,
2.857142857143E-1,4.285714285714E-1,5.714285714286E-1,7.142857142857E-1,
8.571428571429E-1,1.E0),.UNSPECIFIED.);
#425=CIRCLE('',#424,9.842519685039E-2);
#440=B_SPLINE_CURVE_WITH_KNOTS('',3,(#430,#431,#432,#433,#434,#435,#436,#437,
#438,#439),.UNSPECIFIED.,.F.,.F.,(4,1,1,1,1,1,1,4),(0.E0,1.428571428571E-1,
2.857142857143E-1,4.285714285714E-1,5.714285714286E-1,7.142857142857E-1,
8.571428571429E-1,1.E0),.UNSPECIFIED.);
#445=CIRCLE('',#444,1.889763779528E-1);
#456=B_SPLINE_CURVE_WITH_KNOTS('',3,(#446,#447,#448,#449,#450,#451,#452,#453,
#454,#455),.UNSPECIFIED.,.F.,.F.,(4,1,1,1,1,1,1,4),(0.E0,1.428571428571E-1,
2.857142857143E-1,4.285714285714E-1,5.714285714286E-1,7.142857142857E-1,
8.571428571429E-1,1.E0),.UNSPECIFIED.);
#465=CIRCLE('',#464,1.889763779528E-1);
#470=CIRCLE('',#469,9.842519685039E-2);
#475=CIRCLE('',#474,5.E-2);
#484=CIRCLE('',#483,5.E-2);
#493=CIRCLE('',#492,5.E-2);
#502=CIRCLE('',#501,5.E-2);
#511=CIRCLE('',#510,3.740157480315E-2);
#516=CIRCLE('',#515,3.740157480315E-2);
#521=CIRCLE('',#520,3.740157480315E-2);
#526=CIRCLE('',#525,3.740157480315E-2);
#531=CIRCLE('',#530,3.740157480315E-2);
#536=CIRCLE('',#535,3.740157480315E-2);
#541=CIRCLE('',#540,3.740157480315E-2);
#546=CIRCLE('',#545,3.740157480315E-2);
#551=CIRCLE('',#550,5.E-2);
#560=CIRCLE('',#559,5.E-2);
#569=CIRCLE('',#568,5.E-2);
#578=CIRCLE('',#577,5.E-2);
#587=CIRCLE('',#586,3.740157480315E-2);
#592=CIRCLE('',#591,3.740157480315E-2);
#597=CIRCLE('',#596,3.740157480315E-2);
#602=CIRCLE('',#601,3.740157480315E-2);
#607=CIRCLE('',#606,3.740157480315E-2);
#612=CIRCLE('',#611,3.740157480315E-2);
#617=CIRCLE('',#616,3.740157480315E-2);
#622=CIRCLE('',#621,3.740157480315E-2);
#627=CIRCLE('',#626,1.279527559055E-1);
#632=CIRCLE('',#631,1.279527559055E-1);
#669=CIRCLE('',#668,3.051181102362E-2);
#674=CIRCLE('',#673,3.051181102362E-2);
#683=CIRCLE('',#682,3.051181102362E-2);
#688=CIRCLE('',#687,3.051181102362E-2);
#697=CIRCLE('',#696,3.051181102362E-2);
#706=CIRCLE('',#705,3.051181102362E-2);
#723=CIRCLE('',#722,2.657462125426E-2);
#728=CIRCLE('',#727,2.657462125426E-2);
#733=CIRCLE('',#732,1.850393700787E-2);
#738=CIRCLE('',#737,1.850393700787E-2);
#743=CIRCLE('',#742,1.850393700787E-2);
#756=CIRCLE('',#755,1.850393700787E-2);
#769=CIRCLE('',#768,1.062975493996E-2);
#774=CIRCLE('',#773,1.062975493996E-2);
#779=CIRCLE('',#778,3.051181102362E-2);
#788=CIRCLE('',#787,3.051181102362E-2);
#797=CIRCLE('',#796,3.051181102362E-2);
#806=CIRCLE('',#805,3.051181102362E-2);
#823=CIRCLE('',#822,2.657462125426E-2);
#828=CIRCLE('',#827,2.657462125426E-2);
#833=CIRCLE('',#832,1.850393700787E-2);
#838=CIRCLE('',#837,1.850393700787E-2);
#843=CIRCLE('',#842,1.850393700787E-2);
#856=CIRCLE('',#855,1.850393700787E-2);
#869=CIRCLE('',#868,1.062975493996E-2);
#874=CIRCLE('',#873,1.062975493996E-2);
#879=CIRCLE('',#878,3.051181102362E-2);
#884=CIRCLE('',#883,3.051181102362E-2);
#893=CIRCLE('',#892,3.051181102362E-2);
#898=CIRCLE('',#897,3.051181102362E-2);
#907=CIRCLE('',#906,3.051181102362E-2);
#916=CIRCLE('',#915,3.051181102362E-2);
#933=CIRCLE('',#932,2.657462125426E-2);
#938=CIRCLE('',#937,2.657462125426E-2);
#943=CIRCLE('',#942,1.850393700787E-2);
#948=CIRCLE('',#947,1.850393700787E-2);
#953=CIRCLE('',#952,1.850393700787E-2);
#966=CIRCLE('',#965,1.850393700787E-2);
#979=CIRCLE('',#978,1.062975493996E-2);
#984=CIRCLE('',#983,1.062975493996E-2);
#989=CIRCLE('',#988,3.051181102362E-2);
#1002=CIRCLE('',#1001,3.051181102362E-2);
#1011=CIRCLE('',#1010,3.051181102362E-2);
#1016=CIRCLE('',#1015,3.051181102362E-2);
#1033=CIRCLE('',#1032,2.657462125426E-2);
#1038=CIRCLE('',#1037,2.657462125426E-2);
#1043=CIRCLE('',#1042,1.850393700787E-2);
#1048=CIRCLE('',#1047,1.850393700787E-2);
#1053=CIRCLE('',#1052,1.850393700787E-2);
#1066=CIRCLE('',#1065,1.850393700787E-2);
#1079=CIRCLE('',#1078,1.062975493996E-2);
#1084=CIRCLE('',#1083,1.062975493996E-2);
#1097=CIRCLE('',#1096,1.200787401575E-1);
#1102=CIRCLE('',#1101,1.200787401575E-1);
#1107=CIRCLE('',#1106,1.850393700787E-2);
#1112=CIRCLE('',#1111,1.850393700787E-2);
#1117=CIRCLE('',#1116,1.200787401575E-1);
#1126=CIRCLE('',#1125,1.200787401575E-1);
#1135=CIRCLE('',#1134,1.850393700787E-2);
#1144=CIRCLE('',#1143,1.850393700787E-2);
#1157=CIRCLE('',#1156,1.062992125984E-2);
#1166=CIRCLE('',#1165,1.062992125984E-2);
#1179=CIRCLE('',#1178,2.952755905512E-2);
#1188=CIRCLE('',#1187,2.952755905512E-2);
#1201=CIRCLE('',#1200,2.952755905512E-2);
#1210=CIRCLE('',#1209,2.952755905512E-2);
#1215=CIRCLE('',#1214,2.755905511811E-2);
#1224=CIRCLE('',#1223,2.755905511811E-2);
#1237=CIRCLE('',#1236,1.968487300940E-2);
#1242=CIRCLE('',#1241,1.968487300940E-2);
#1251=CIRCLE('',#1250,2.755905511811E-2);
#1256=CIRCLE('',#1255,2.755905511811E-2);
#1269=CIRCLE('',#1268,2.952755905512E-2);
#1274=CIRCLE('',#1273,2.952755905512E-2);
#1283=CIRCLE('',#1282,2.952755905512E-2);
#1292=CIRCLE('',#1291,2.952755905512E-2);
#1301=CIRCLE('',#1300,2.952755905512E-2);
#1306=CIRCLE('',#1305,2.952755905512E-2);
#1315=CIRCLE('',#1314,2.755905511811E-2);
#1320=CIRCLE('',#1319,2.755905511811E-2);
#1329=CIRCLE('',#1328,1.968487300940E-2);
#1334=CIRCLE('',#1333,1.968487300940E-2);
#1343=CIRCLE('',#1342,2.755905511811E-2);
#1352=CIRCLE('',#1351,2.755905511811E-2);
#1369=CIRCLE('',#1368,2.952755905512E-2);
#1378=CIRCLE('',#1377,2.952755905512E-2);
#1391=CIRCLE('',#1390,2.952755905512E-2);
#1400=CIRCLE('',#1399,2.952755905512E-2);
#1405=CIRCLE('',#1404,2.755905511811E-2);
#1410=CIRCLE('',#1409,2.755905511811E-2);
#1419=CIRCLE('',#1418,1.968487300940E-2);
#1424=CIRCLE('',#1423,1.968487300940E-2);
#1433=CIRCLE('',#1432,2.755905511811E-2);
#1442=CIRCLE('',#1441,2.755905511811E-2);
#1459=CIRCLE('',#1458,2.952755905512E-2);
#1468=CIRCLE('',#1467,2.952755905512E-2);
#1473=CIRCLE('',#1472,2.952755905512E-2);
#1486=CIRCLE('',#1485,2.952755905512E-2);
#1491=CIRCLE('',#1490,2.952755905512E-2);
#1500=CIRCLE('',#1499,2.952755905512E-2);
#1505=CIRCLE('',#1504,2.755905511811E-2);
#1510=CIRCLE('',#1509,2.755905511811E-2);
#1519=CIRCLE('',#1518,1.968487300940E-2);
#1524=CIRCLE('',#1523,1.968487300940E-2);
#1533=CIRCLE('',#1532,2.755905511811E-2);
#1542=CIRCLE('',#1541,2.755905511811E-2);
#1551=CIRCLE('',#1550,3.897637795276E-2);
#1556=CIRCLE('',#1555,3.897637795276E-2);
#1565=CIRCLE('',#1564,1.767194934880E-1);
#1574=CIRCLE('',#1573,1.767194934880E-1);
#1579=CIRCLE('',#1578,1.653543307087E-1);
#1588=CIRCLE('',#1587,1.653543307087E-1);
#1597=CIRCLE('',#1596,1.604330708661E-1);
#1602=CIRCLE('',#1601,1.604330708661E-1);
#1607=CIRCLE('',#1606,9.251968503937E-2);
#1612=CIRCLE('',#1611,9.251968503937E-2);
#1625=CIRCLE('',#1624,9.251968503937E-2);
#1630=CIRCLE('',#1629,9.251968503937E-2);
#1635=CIRCLE('',#1634,4.133858267717E-2);
#1644=CIRCLE('',#1643,4.133858267717E-2);
#1649=CIRCLE('',#1648,4.133858267717E-2);
#1654=CIRCLE('',#1653,4.133858267717E-2);
#1663=CIRCLE('',#1662,4.133858267717E-2);
#1672=CIRCLE('',#1671,4.133858267717E-2);
#1713=CIRCLE('',#1712,4.133858267717E-2);
#1722=CIRCLE('',#1721,4.133858267717E-2);
#1731=CIRCLE('',#1730,4.133858267717E-2);
#1740=CIRCLE('',#1739,4.133858267717E-2);
#1749=CIRCLE('',#1748,4.133858267717E-2);
#1758=CIRCLE('',#1757,4.133858267717E-2);
#1801=B_SPLINE_CURVE_WITH_KNOTS('',3,(#1795,#1796,#1797,#1798,#1799,#1800),
.UNSPECIFIED.,.F.,.F.,(4,1,1,4),(0.E0,3.333333333333E-1,6.666666666667E-1,1.E0),
.UNSPECIFIED.);
#1806=CIRCLE('',#1805,3.477185357311E-2);
#1813=B_SPLINE_CURVE_WITH_KNOTS('',3,(#1807,#1808,#1809,#1810,#1811,#1812),
.UNSPECIFIED.,.F.,.F.,(4,1,1,4),(0.E0,3.333333333333E-1,6.666666666667E-1,1.E0),
.UNSPECIFIED.);
#1818=CIRCLE('',#1817,2.795275590551E-2);
#1831=CIRCLE('',#1830,2.795275590551E-2);
#1840=CIRCLE('',#1839,2.795275590551E-2);
#1849=CIRCLE('',#1848,2.795275590551E-2);
#1858=CIRCLE('',#1857,2.795275590551E-2);
#1867=CIRCLE('',#1866,2.795275590551E-2);
#1876=CIRCLE('',#1875,2.795275590551E-2);
#1885=CIRCLE('',#1884,2.795275590551E-2);
#1894=CIRCLE('',#1893,2.795275590551E-2);
#1903=CIRCLE('',#1902,2.795275590551E-2);
#1910=B_SPLINE_CURVE_WITH_KNOTS('',3,(#1904,#1905,#1906,#1907,#1908,#1909),
.UNSPECIFIED.,.F.,.F.,(4,1,1,4),(0.E0,3.333333333333E-1,6.666666666667E-1,1.E0),
.UNSPECIFIED.);
#1915=CIRCLE('',#1914,3.477185357311E-2);
#1922=B_SPLINE_CURVE_WITH_KNOTS('',3,(#1916,#1917,#1918,#1919,#1920,#1921),
.UNSPECIFIED.,.F.,.F.,(4,1,1,4),(0.E0,3.333333333333E-1,6.666666666667E-1,1.E0),
.UNSPECIFIED.);
#1929=B_SPLINE_CURVE_WITH_KNOTS('',3,(#1923,#1924,#1925,#1926,#1927,#1928),
.UNSPECIFIED.,.F.,.F.,(4,1,1,4),(0.E0,3.333333333333E-1,6.666666666667E-1,1.E0),
.UNSPECIFIED.);
#1934=CIRCLE('',#1933,3.477185357311E-2);
#1941=B_SPLINE_CURVE_WITH_KNOTS('',3,(#1935,#1936,#1937,#1938,#1939,#1940),
.UNSPECIFIED.,.F.,.F.,(4,1,1,4),(0.E0,3.333333333333E-1,6.666666666667E-1,1.E0),
.UNSPECIFIED.);
#1946=CIRCLE('',#1945,2.795275590551E-2);
#1955=CIRCLE('',#1954,2.795275590551E-2);
#1966=B_SPLINE_CURVE_WITH_KNOTS('',3,(#1960,#1961,#1962,#1963,#1964,#1965),
.UNSPECIFIED.,.F.,.F.,(4,1,1,4),(0.E0,3.333333333333E-1,6.666666666667E-1,1.E0),
.UNSPECIFIED.);
#1973=B_SPLINE_CURVE_WITH_KNOTS('',3,(#1967,#1968,#1969,#1970,#1971,#1972),
.UNSPECIFIED.,.F.,.F.,(4,1,1,4),(0.E0,3.333333333333E-1,6.666666666667E-1,1.E0),
.UNSPECIFIED.);
#1978=CIRCLE('',#1977,3.477185357311E-2);
#2434=EDGE_CURVE('',#1993,#1994,#5,.T.);
#2436=EDGE_CURVE('',#1993,#1994,#10,.T.);
#2440=EDGE_CURVE('',#1981,#1987,#1565,.T.);
#2442=EDGE_CURVE('',#1981,#1987,#1574,.T.);
#2452=EDGE_CURVE('',#2040,#2028,#14,.T.);
#2454=EDGE_CURVE('',#2001,#2040,#19,.T.);
#2456=EDGE_CURVE('',#2001,#2002,#23,.T.);
#2458=EDGE_CURVE('',#2004,#2002,#34,.T.);
#2460=EDGE_CURVE('',#2004,#1993,#195,.T.);
#2463=EDGE_CURVE('',#2042,#1994,#191,.T.);
#2465=EDGE_CURVE('',#2028,#2042,#45,.T.);
#2475=EDGE_CURVE('',#2032,#2050,#50,.T.);
#2477=EDGE_CURVE('',#2032,#2040,#357,.T.);
#2480=EDGE_CURVE('',#2027,#2028,#220,.T.);
#2482=EDGE_CURVE('',#2046,#2027,#176,.T.);
#2484=EDGE_CURVE('',#2046,#2035,#138,.T.);
#2486=EDGE_CURVE('',#2050,#2035,#55,.T.);
#2496=EDGE_CURVE('',#2053,#2054,#82,.T.);
#2498=EDGE_CURVE('',#2048,#2053,#86,.T.);
#2500=EDGE_CURVE('',#2048,#2031,#367,.T.);
#2502=EDGE_CURVE('',#2031,#2032,#362,.T.);
#2505=EDGE_CURVE('',#2050,#2054,#117,.T.);
#2515=EDGE_CURVE('',#2054,#2053,#113,.T.);
#2529=EDGE_CURVE('',#2035,#2036,#122,.T.);
#2531=EDGE_CURVE('',#2036,#2048,#372,.T.);
#2543=EDGE_CURVE('',#2036,#2035,#129,.T.);
#2555=EDGE_CURVE('',#2046,#2011,#215,.T.);
#2557=EDGE_CURVE('',#2013,#2011,#147,.T.);
#2559=EDGE_CURVE('',#2013,#2014,#154,.T.);
#2561=EDGE_CURVE('',#2008,#2014,#163,.T.);
#2563=EDGE_CURVE('',#2044,#2008,#381,.T.);
#2565=EDGE_CURVE('',#2036,#2044,#172,.T.);
#2576=EDGE_CURVE('',#2042,#2027,#187,.T.);
#2581=EDGE_CURVE('',#2012,#2004,#206,.T.);
#2583=EDGE_CURVE('',#2011,#2012,#210,.T.);
#2605=EDGE_CURVE('',#2002,#2012,#225,.T.);
#2617=EDGE_CURVE('',#2016,#2020,#230,.T.);
#2619=EDGE_CURVE('',#2020,#2013,#235,.T.);
#2625=EDGE_CURVE('',#2001,#2016,#348,.T.);
#2635=EDGE_CURVE('',#2051,#2052,#262,.T.);
#2637=EDGE_CURVE('',#2020,#2051,#297,.T.);
#2640=EDGE_CURVE('',#2015,#2016,#1551,.T.);
#2642=EDGE_CURVE('',#2018,#2015,#302,.T.);
#2644=EDGE_CURVE('',#2018,#2052,#266,.T.);
#2654=EDGE_CURVE('',#2052,#2051,#293,.T.);
#2667=EDGE_CURVE('',#2014,#2018,#307,.T.);
#2669=EDGE_CURVE('',#2013,#2014,#1556,.T.);
#2682=EDGE_CURVE('',#2015,#1998,#332,.T.);
#2684=EDGE_CURVE('',#1997,#1998,#460,.T.);
#2686=EDGE_CURVE('',#2007,#1997,#425,.T.);
#2688=EDGE_CURVE('',#2007,#2008,#385,.T.);
#2700=EDGE_CURVE('',#2032,#2031,#314,.T.);
#2702=EDGE_CURVE('',#2038,#2031,#323,.T.);
#2704=EDGE_CURVE('',#1998,#2038,#465,.T.);
#2707=EDGE_CURVE('',#2015,#2016,#339,.T.);
#2733=EDGE_CURVE('',#2024,#2044,#376,.T.);
#2735=EDGE_CURVE('',#2023,#2024,#470,.T.);
#2737=EDGE_CURVE('',#2023,#2038,#429,.T.);
#2751=EDGE_CURVE('',#2003,#2007,#396,.T.);
#2753=EDGE_CURVE('',#2057,#2003,#400,.T.);
#2755=EDGE_CURVE('',#2057,#2058,#405,.T.);
#2757=EDGE_CURVE('',#2058,#2041,#409,.T.);
#2759=EDGE_CURVE('',#2024,#2041,#420,.T.);
#2769=EDGE_CURVE('',#1997,#2003,#456,.T.);
#2782=EDGE_CURVE('',#2041,#2023,#440,.T.);
#2785=EDGE_CURVE('',#2057,#2058,#445,.T.);
#2810=EDGE_CURVE('',#2064,#2066,#475,.T.);
#2812=EDGE_CURVE('',#2074,#2064,#479,.T.);
#2814=EDGE_CURVE('',#2072,#2074,#484,.T.);
#2816=EDGE_CURVE('',#2082,#2072,#488,.T.);
#2818=EDGE_CURVE('',#2080,#2082,#493,.T.);
#2820=EDGE_CURVE('',#2090,#2080,#497,.T.);
#2822=EDGE_CURVE('',#2088,#2090,#502,.T.);
#2824=EDGE_CURVE('',#2066,#2088,#506,.T.);
#2832=EDGE_CURVE('',#2109,#2110,#511,.T.);
#2834=EDGE_CURVE('',#2110,#2109,#516,.T.);
#2838=EDGE_CURVE('',#2117,#2118,#521,.T.);
#2840=EDGE_CURVE('',#2118,#2117,#526,.T.);
#2844=EDGE_CURVE('',#2125,#2126,#531,.T.);
#2846=EDGE_CURVE('',#2126,#2125,#536,.T.);
#2850=EDGE_CURVE('',#2133,#2134,#541,.T.);
#2852=EDGE_CURVE('',#2134,#2133,#546,.T.);
#2862=EDGE_CURVE('',#2061,#2062,#551,.T.);
#2864=EDGE_CURVE('',#2064,#2062,#660,.T.);
#2867=EDGE_CURVE('',#2066,#2061,#636,.T.);
#2878=EDGE_CURVE('',#2061,#2086,#555,.T.);
#2880=EDGE_CURVE('',#2085,#2086,#560,.T.);
#2882=EDGE_CURVE('',#2085,#2078,#564,.T.);
#2884=EDGE_CURVE('',#2077,#2078,#569,.T.);
#2886=EDGE_CURVE('',#2077,#2070,#573,.T.);
#2888=EDGE_CURVE('',#2069,#2070,#578,.T.);
#2890=EDGE_CURVE('',#2069,#2062,#582,.T.);
#2894=EDGE_CURVE('',#2093,#2094,#587,.T.);
#2896=EDGE_CURVE('',#2094,#2093,#592,.T.);
#2900=EDGE_CURVE('',#2097,#2098,#597,.T.);
#2902=EDGE_CURVE('',#2098,#2097,#602,.T.);
#2906=EDGE_CURVE('',#2101,#2102,#607,.T.);
#2908=EDGE_CURVE('',#2102,#2101,#612,.T.);
#2912=EDGE_CURVE('',#2105,#2106,#617,.T.);
#2914=EDGE_CURVE('',#2106,#2105,#622,.T.);
#2918=EDGE_CURVE('',#2141,#2142,#627,.T.);
#2920=EDGE_CURVE('',#2142,#2141,#632,.T.);
#2932=EDGE_CURVE('',#2088,#2086,#640,.T.);
#2946=EDGE_CURVE('',#2090,#2085,#648,.T.);
#2956=EDGE_CURVE('',#2080,#2078,#644,.T.);
#2972=EDGE_CURVE('',#2082,#2077,#656,.T.);
#2982=EDGE_CURVE('',#2072,#2070,#652,.T.);
#2998=EDGE_CURVE('',#2074,#2069,#664,.T.);
#3020=EDGE_CURVE('',#2428,#2423,#669,.T.);
#3022=EDGE_CURVE('',#2426,#2428,#674,.T.);
#3024=EDGE_CURVE('',#2093,#2426,#678,.T.);
#3027=EDGE_CURVE('',#2094,#2423,#692,.T.);
#3037=EDGE_CURVE('',#2423,#2424,#688,.T.);
#3039=EDGE_CURVE('',#2408,#2424,#710,.T.);
#3041=EDGE_CURVE('',#2407,#2408,#683,.T.);
#3043=EDGE_CURVE('',#2407,#2428,#701,.T.);
#3058=EDGE_CURVE('',#2424,#2426,#697,.T.);
#3071=EDGE_CURVE('',#2408,#2407,#706,.T.);
#3083=EDGE_CURVE('',#2407,#2411,#718,.T.);
#3085=EDGE_CURVE('',#2412,#2411,#728,.T.);
#3087=EDGE_CURVE('',#2408,#2412,#714,.T.);
#3099=EDGE_CURVE('',#2411,#2412,#723,.T.);
#3114=EDGE_CURVE('',#2383,#2384,#733,.T.);
#3116=EDGE_CURVE('',#2383,#2384,#738,.T.);
#3126=EDGE_CURVE('',#2388,#2387,#743,.T.);
#3128=EDGE_CURVE('',#2388,#2383,#764,.T.);
#3131=EDGE_CURVE('',#2387,#2384,#760,.T.);
#3142=EDGE_CURVE('',#2387,#2391,#751,.T.);
#3144=EDGE_CURVE('',#2392,#2391,#774,.T.);
#3146=EDGE_CURVE('',#2388,#2392,#747,.T.);
#3156=EDGE_CURVE('',#2387,#2388,#756,.T.);
#3159=EDGE_CURVE('',#2391,#2392,#769,.T.);
#3192=EDGE_CURVE('',#2292,#2291,#779,.T.);
#3194=EDGE_CURVE('',#2097,#2292,#783,.T.);
#3197=EDGE_CURVE('',#2098,#2291,#810,.T.);
#3208=EDGE_CURVE('',#2280,#2291,#801,.T.);
#3210=EDGE_CURVE('',#2279,#2280,#788,.T.);
#3212=EDGE_CURVE('',#2279,#2292,#792,.T.);
#3222=EDGE_CURVE('',#2291,#2292,#806,.T.);
#3225=EDGE_CURVE('',#2280,#2279,#797,.T.);
#3249=EDGE_CURVE('',#2279,#2283,#818,.T.);
#3251=EDGE_CURVE('',#2284,#2283,#828,.T.);
#3253=EDGE_CURVE('',#2280,#2284,#814,.T.);
#3265=EDGE_CURVE('',#2283,#2284,#823,.T.);
#3280=EDGE_CURVE('',#2255,#2256,#833,.T.);
#3282=EDGE_CURVE('',#2255,#2256,#838,.T.);
#3292=EDGE_CURVE('',#2260,#2259,#843,.T.);
#3294=EDGE_CURVE('',#2260,#2255,#864,.T.);
#3297=EDGE_CURVE('',#2259,#2256,#860,.T.);
#3308=EDGE_CURVE('',#2259,#2263,#851,.T.);
#3310=EDGE_CURVE('',#2264,#2263,#874,.T.);
#3312=EDGE_CURVE('',#2260,#2264,#847,.T.);
#3322=EDGE_CURVE('',#2259,#2260,#856,.T.);
#3325=EDGE_CURVE('',#2263,#2264,#869,.T.);
#3358=EDGE_CURVE('',#2340,#2335,#879,.T.);
#3360=EDGE_CURVE('',#2338,#2340,#884,.T.);
#3362=EDGE_CURVE('',#2101,#2338,#888,.T.);
#3365=EDGE_CURVE('',#2102,#2335,#902,.T.);
#3375=EDGE_CURVE('',#2335,#2336,#898,.T.);
#3377=EDGE_CURVE('',#2320,#2336,#920,.T.);
#3379=EDGE_CURVE('',#2319,#2320,#893,.T.);
#3381=EDGE_CURVE('',#2319,#2340,#911,.T.);
#3396=EDGE_CURVE('',#2336,#2338,#907,.T.);
#3409=EDGE_CURVE('',#2320,#2319,#916,.T.);
#3421=EDGE_CURVE('',#2319,#2323,#928,.T.);
#3423=EDGE_CURVE('',#2324,#2323,#938,.T.);
#3425=EDGE_CURVE('',#2320,#2324,#924,.T.);
#3437=EDGE_CURVE('',#2323,#2324,#933,.T.);
#3452=EDGE_CURVE('',#2295,#2296,#943,.T.);
#3454=EDGE_CURVE('',#2295,#2296,#948,.T.);
#3464=EDGE_CURVE('',#2300,#2299,#953,.T.);
#3466=EDGE_CURVE('',#2300,#2295,#974,.T.);
#3469=EDGE_CURVE('',#2299,#2296,#970,.T.);
#3480=EDGE_CURVE('',#2299,#2303,#961,.T.);
#3482=EDGE_CURVE('',#2304,#2303,#984,.T.);
#3484=EDGE_CURVE('',#2300,#2304,#957,.T.);
#3494=EDGE_CURVE('',#2299,#2300,#966,.T.);
#3497=EDGE_CURVE('',#2303,#2304,#979,.T.);
#3530=EDGE_CURVE('',#2380,#2379,#989,.T.);
#3532=EDGE_CURVE('',#2105,#2380,#993,.T.);
#3535=EDGE_CURVE('',#2106,#2379,#1020,.T.);
#3546=EDGE_CURVE('',#2367,#2379,#997,.T.);
#3548=EDGE_CURVE('',#2368,#2367,#1002,.T.);
#3550=EDGE_CURVE('',#2368,#2380,#1006,.T.);
#3560=EDGE_CURVE('',#2379,#2380,#1016,.T.);
#3563=EDGE_CURVE('',#2367,#2368,#1011,.T.);
#3587=EDGE_CURVE('',#2368,#2372,#1028,.T.);
#3589=EDGE_CURVE('',#2371,#2372,#1033,.T.);
#3591=EDGE_CURVE('',#2367,#2371,#1024,.T.);
#3603=EDGE_CURVE('',#2372,#2371,#1038,.T.);
#3618=EDGE_CURVE('',#2343,#2344,#1043,.T.);
#3620=EDGE_CURVE('',#2343,#2344,#1048,.T.);
#3630=EDGE_CURVE('',#2348,#2347,#1053,.T.);
#3632=EDGE_CURVE('',#2348,#2343,#1074,.T.);
#3635=EDGE_CURVE('',#2347,#2344,#1070,.T.);
#3646=EDGE_CURVE('',#2347,#2351,#1061,.T.);
#3648=EDGE_CURVE('',#2352,#2351,#1084,.T.);
#3650=EDGE_CURVE('',#2348,#2352,#1057,.T.);
#3660=EDGE_CURVE('',#2347,#2348,#1066,.T.);
#3663=EDGE_CURVE('',#2351,#2352,#1079,.T.);
#3697=EDGE_CURVE('',#2142,#2146,#1092,.T.);
#3699=EDGE_CURVE('',#2145,#2146,#1126,.T.);
#3701=EDGE_CURVE('',#2141,#2145,#1088,.T.);
#3713=EDGE_CURVE('',#2146,#2145,#1102,.T.);
#3724=EDGE_CURVE('',#2149,#2150,#1097,.T.);
#3726=EDGE_CURVE('',#2149,#2146,#1130,.T.);
#3729=EDGE_CURVE('',#2150,#2145,#1121,.T.);
#3740=EDGE_CURVE('',#2150,#2149,#1117,.T.);
#3744=EDGE_CURVE('',#2251,#2252,#1107,.T.);
#3746=EDGE_CURVE('',#2252,#2251,#1112,.T.);
#3769=EDGE_CURVE('',#2212,#2252,#1148,.T.);
#3771=EDGE_CURVE('',#2208,#2212,#1135,.T.);
#3773=EDGE_CURVE('',#2208,#2251,#1139,.T.);
#3785=EDGE_CURVE('',#2208,#2212,#1144,.T.);
#3796=EDGE_CURVE('',#2207,#2208,#1152,.T.);
#3798=EDGE_CURVE('',#2207,#2211,#1157,.T.);
#3800=EDGE_CURVE('',#2211,#2212,#1161,.T.);
#3814=EDGE_CURVE('',#2207,#2211,#1166,.T.);
#3835=EDGE_CURVE('',#2110,#2114,#1174,.T.);
#3837=EDGE_CURVE('',#2113,#2114,#1210,.T.);
#3839=EDGE_CURVE('',#2109,#2113,#1170,.T.);
#3851=EDGE_CURVE('',#2114,#2113,#1188,.T.);
#3862=EDGE_CURVE('',#2375,#2376,#1179,.T.);
#3864=EDGE_CURVE('',#2375,#2114,#1183,.T.);
#3867=EDGE_CURVE('',#2376,#2113,#1205,.T.);
#3878=EDGE_CURVE('',#2363,#2376,#1192,.T.);
#3880=EDGE_CURVE('',#2363,#2364,#1256,.T.);
#3882=EDGE_CURVE('',#2364,#2375,#1196,.T.);
#3892=EDGE_CURVE('',#2376,#2375,#1201,.T.);
#3895=EDGE_CURVE('',#2364,#2363,#1224,.T.);
#3918=EDGE_CURVE('',#2360,#2359,#1215,.T.);
#3920=EDGE_CURVE('',#2363,#2359,#1219,.T.);
#3923=EDGE_CURVE('',#2364,#2360,#1228,.T.);
#3933=EDGE_CURVE('',#2356,#2355,#1242,.T.);
#3935=EDGE_CURVE('',#2355,#2359,#1246,.T.);
#3938=EDGE_CURVE('',#2356,#2360,#1232,.T.);
#3948=EDGE_CURVE('',#2355,#2356,#1237,.T.);
#3961=EDGE_CURVE('',#2359,#2360,#1251,.T.);
#3985=EDGE_CURVE('',#2118,#2122,#1264,.T.);
#3987=EDGE_CURVE('',#2121,#2122,#1301,.T.);
#3989=EDGE_CURVE('',#2117,#2121,#1260,.T.);
#4001=EDGE_CURVE('',#2122,#2121,#1283,.T.);
#4012=EDGE_CURVE('',#2415,#2416,#1269,.T.);
#4014=EDGE_CURVE('',#2418,#2415,#1274,.T.);
#4016=EDGE_CURVE('',#2418,#2122,#1278,.T.);
#4019=EDGE_CURVE('',#2416,#2121,#1296,.T.);
#4030=EDGE_CURVE('',#2416,#2420,#1292,.T.);
#4032=EDGE_CURVE('',#2404,#2420,#1287,.T.);
#4034=EDGE_CURVE('',#2404,#2403,#1352,.T.);
#4036=EDGE_CURVE('',#2403,#2415,#1310,.T.);
#4050=EDGE_CURVE('',#2420,#2418,#1306,.T.);
#4062=EDGE_CURVE('',#2403,#2404,#1320,.T.);
#4074=EDGE_CURVE('',#2399,#2400,#1315,.T.);
#4076=EDGE_CURVE('',#2404,#2400,#1356,.T.);
#4079=EDGE_CURVE('',#2403,#2399,#1347,.T.);
#4089=EDGE_CURVE('',#2395,#2396,#1329,.T.);
#4091=EDGE_CURVE('',#2396,#2400,#1338,.T.);
#4094=EDGE_CURVE('',#2395,#2399,#1324,.T.);
#4105=EDGE_CURVE('',#2396,#2395,#1334,.T.);
#4117=EDGE_CURVE('',#2400,#2399,#1343,.T.);
#4141=EDGE_CURVE('',#2126,#2130,#1364,.T.);
#4143=EDGE_CURVE('',#2129,#2130,#1400,.T.);
#4145=EDGE_CURVE('',#2125,#2129,#1360,.T.);
#4157=EDGE_CURVE('',#2130,#2129,#1378,.T.);
#4168=EDGE_CURVE('',#2287,#2288,#1369,.T.);
#4170=EDGE_CURVE('',#2287,#2130,#1373,.T.);
#4173=EDGE_CURVE('',#2288,#2129,#1395,.T.);
#4184=EDGE_CURVE('',#2276,#2288,#1382,.T.);
#4186=EDGE_CURVE('',#2276,#2275,#1442,.T.);
#4188=EDGE_CURVE('',#2275,#2287,#1386,.T.);
#4198=EDGE_CURVE('',#2288,#2287,#1391,.T.);
#4201=EDGE_CURVE('',#2275,#2276,#1410,.T.);
#4224=EDGE_CURVE('',#2271,#2272,#1405,.T.);
#4226=EDGE_CURVE('',#2276,#2272,#1446,.T.);
#4229=EDGE_CURVE('',#2275,#2271,#1437,.T.);
#4239=EDGE_CURVE('',#2267,#2268,#1419,.T.);
#4241=EDGE_CURVE('',#2268,#2272,#1428,.T.);
#4244=EDGE_CURVE('',#2267,#2271,#1414,.T.);
#4255=EDGE_CURVE('',#2268,#2267,#1424,.T.);
#4267=EDGE_CURVE('',#2272,#2271,#1433,.T.);
#4291=EDGE_CURVE('',#2134,#2138,#1454,.T.);
#4293=EDGE_CURVE('',#2137,#2138,#1500,.T.);
#4295=EDGE_CURVE('',#2133,#2137,#1450,.T.);
#4307=EDGE_CURVE('',#2138,#2137,#1468,.T.);
#4318=EDGE_CURVE('',#2327,#2328,#1459,.T.);
#4320=EDGE_CURVE('',#2327,#2138,#1463,.T.);
#4323=EDGE_CURVE('',#2330,#2137,#1495,.T.);
#4325=EDGE_CURVE('',#2328,#2330,#1473,.T.);
#4336=EDGE_CURVE('',#2316,#2328,#1477,.T.);
#4338=EDGE_CURVE('',#2316,#2315,#1542,.T.);
#4340=EDGE_CURVE('',#2315,#2332,#1481,.T.);
#4342=EDGE_CURVE('',#2332,#2327,#1486,.T.);
#4353=EDGE_CURVE('',#2330,#2332,#1491,.T.);
#4356=EDGE_CURVE('',#2315,#2316,#1510,.T.);
#4380=EDGE_CURVE('',#2311,#2312,#1505,.T.);
#4382=EDGE_CURVE('',#2316,#2312,#1546,.T.);
#4385=EDGE_CURVE('',#2315,#2311,#1537,.T.);
#4395=EDGE_CURVE('',#2307,#2308,#1519,.T.);
#4397=EDGE_CURVE('',#2308,#2312,#1528,.T.);
#4400=EDGE_CURVE('',#2307,#2311,#1514,.T.);
#4411=EDGE_CURVE('',#2308,#2307,#1524,.T.);
#4423=EDGE_CURVE('',#2312,#2311,#1533,.T.);
#4466=EDGE_CURVE('',#1981,#1982,#1560,.T.);
#4469=EDGE_CURVE('',#1987,#1988,#1569,.T.);
#4471=EDGE_CURVE('',#1982,#1988,#1588,.T.);
#4482=EDGE_CURVE('',#1982,#1988,#1579,.T.);
#4494=EDGE_CURVE('',#1982,#1984,#1583,.T.);
#4496=EDGE_CURVE('',#1984,#1990,#1597,.T.);
#4498=EDGE_CURVE('',#1988,#1990,#1592,.T.);
#4512=EDGE_CURVE('',#1984,#1990,#1602,.T.);
#4526=EDGE_CURVE('',#2161,#2162,#1607,.T.);
#4528=EDGE_CURVE('',#2162,#2161,#1612,.T.);
#4539=EDGE_CURVE('',#2161,#2153,#1620,.T.);
#4541=EDGE_CURVE('',#2153,#2154,#1625,.T.);
#4543=EDGE_CURVE('',#2162,#2154,#1616,.T.);
#4555=EDGE_CURVE('',#2153,#2154,#1630,.T.);
#4570=EDGE_CURVE('',#2157,#2158,#1649,.T.);
#4572=EDGE_CURVE('',#2157,#2158,#1731,.T.);
#4582=EDGE_CURVE('',#2215,#2216,#1635,.T.);
#4584=EDGE_CURVE('',#2215,#2228,#1639,.T.);
#4586=EDGE_CURVE('',#2227,#2228,#1644,.T.);
#4588=EDGE_CURVE('',#2157,#2227,#1735,.T.);
#4591=EDGE_CURVE('',#2158,#2232,#1726,.T.);
#4593=EDGE_CURVE('',#2231,#2232,#1654,.T.);
#4595=EDGE_CURVE('',#2220,#2231,#1658,.T.);
#4597=EDGE_CURVE('',#2219,#2220,#1663,.T.);
#4599=EDGE_CURVE('',#2219,#2224,#1667,.T.);
#4601=EDGE_CURVE('',#2223,#2224,#1672,.T.);
#4603=EDGE_CURVE('',#2216,#2223,#1676,.T.);
#4614=EDGE_CURVE('',#2216,#2169,#1680,.T.);
#4616=EDGE_CURVE('',#2180,#2169,#1806,.T.);
#4618=EDGE_CURVE('',#2215,#2180,#1684,.T.);
#4629=EDGE_CURVE('',#2223,#2176,#1692,.T.);
#4631=EDGE_CURVE('',#2176,#2170,#1844,.T.);
#4633=EDGE_CURVE('',#2169,#2170,#1813,.T.);
#4645=EDGE_CURVE('',#2175,#2224,#1688,.T.);
#4647=EDGE_CURVE('',#2175,#2176,#1849,.T.);
#4659=EDGE_CURVE('',#2219,#2172,#1700,.T.);
#4661=EDGE_CURVE('',#2171,#2172,#1973,.T.);
#4663=EDGE_CURVE('',#2175,#2171,#1853,.T.);
#4675=EDGE_CURVE('',#2220,#2195,#1696,.T.);
#4677=EDGE_CURVE('',#2172,#2195,#1978,.T.);
#4689=EDGE_CURVE('',#2231,#2204,#1708,.T.);
#4691=EDGE_CURVE('',#2204,#2196,#1862,.T.);
#4693=EDGE_CURVE('',#2195,#2196,#1966,.T.);
#4705=EDGE_CURVE('',#2232,#2248,#1722,.T.);
#4707=EDGE_CURVE('',#2201,#2248,#1704,.T.);
#4709=EDGE_CURVE('',#2201,#2202,#1867,.T.);
#4711=EDGE_CURVE('',#2202,#2204,#1818,.T.);
#4722=EDGE_CURVE('',#2235,#2236,#1713,.T.);
#4724=EDGE_CURVE('',#2235,#2248,#1717,.T.);
#4730=EDGE_CURVE('',#2242,#2227,#1740,.T.);
#4732=EDGE_CURVE('',#2240,#2242,#1744,.T.);
#4734=EDGE_CURVE('',#2239,#2240,#1749,.T.);
#4736=EDGE_CURVE('',#2239,#2246,#1753,.T.);
#4738=EDGE_CURVE('',#2245,#2246,#1758,.T.);
#4740=EDGE_CURVE('',#2236,#2245,#1762,.T.);
#4751=EDGE_CURVE('',#2236,#2187,#1766,.T.);
#4753=EDGE_CURVE('',#2198,#2187,#1915,.T.);
#4755=EDGE_CURVE('',#2235,#2198,#1770,.T.);
#4766=EDGE_CURVE('',#2245,#2194,#1778,.T.);
#4768=EDGE_CURVE('',#2194,#2188,#1880,.T.);
#4770=EDGE_CURVE('',#2187,#2188,#1922,.T.);
#4782=EDGE_CURVE('',#2193,#2246,#1774,.T.);
#4784=EDGE_CURVE('',#2193,#2194,#1885,.T.);
#4796=EDGE_CURVE('',#2239,#2190,#1786,.T.);
#4798=EDGE_CURVE('',#2189,#2190,#1929,.T.);
#4800=EDGE_CURVE('',#2193,#2189,#1889,.T.);
#4812=EDGE_CURVE('',#2240,#2177,#1782,.T.);
#4814=EDGE_CURVE('',#2190,#2177,#1934,.T.);
#4826=EDGE_CURVE('',#2242,#2184,#1794,.T.);
#4828=EDGE_CURVE('',#2184,#2178,#1898,.T.);
#4830=EDGE_CURVE('',#2177,#2178,#1941,.T.);
#4842=EDGE_CURVE('',#2186,#2228,#1790,.T.);
#4844=EDGE_CURVE('',#2186,#2183,#1831,.T.);
#4846=EDGE_CURVE('',#2183,#2184,#1903,.T.);
#4860=EDGE_CURVE('',#2179,#2180,#1801,.T.);
#4862=EDGE_CURVE('',#2186,#2179,#1835,.T.);
#4876=EDGE_CURVE('',#2179,#2170,#1840,.T.);
#4887=EDGE_CURVE('',#2202,#2168,#1822,.T.);
#4889=EDGE_CURVE('',#2165,#2168,#1955,.T.);
#4891=EDGE_CURVE('',#2183,#2165,#1826,.T.);
#4899=EDGE_CURVE('',#2171,#2196,#1858,.T.);
#4911=EDGE_CURVE('',#2201,#2197,#1871,.T.);
#4913=EDGE_CURVE('',#2188,#2197,#1876,.T.);
#4918=EDGE_CURVE('',#2178,#2189,#1894,.T.);
#4923=EDGE_CURVE('',#2165,#2168,#1946,.T.);
#4936=EDGE_CURVE('',#2197,#2198,#1910,.T.);
#4972=EDGE_CURVE('',#2165,#2166,#1950,.T.);
#4974=EDGE_CURVE('',#2168,#2166,#1959,.T.);
#5006=(LENGTH_UNIT()NAMED_UNIT(*)SI_UNIT(.MILLI.,.METRE.));
#5010=(NAMED_UNIT(*)PLANE_ANGLE_UNIT()SI_UNIT($,.RADIAN.));
#5013=(NAMED_UNIT(*)SI_UNIT($,.STERADIAN.)SOLID_ANGLE_UNIT());
#5016=ADVANCED_BREP_SHAPE_REPRESENTATION('',(#5004),#5015);
#5023=PRODUCT_DEFINITION('design','',#5022,#5019);
#5024=PRODUCT_DEFINITION_SHAPE('','SHAPE FOR 112536_SW0001.',#5023);
#5025=SHAPE_DEFINITION_REPRESENTATION(#5024,#5016);
ENDSEC;
END-ISO-10303-21;
