ISO-10303-21;
HEADER;
FILE_DESCRIPTION((''),'2;1');
FILE_NAME('31-5329-51RFX','2014-04-17T',('Mohan'),(''),
'PRO/ENGINEER BY PARAMETRIC TECHNOLOGY CORPORATION, 2010100',
'PRO/ENGINEER BY PARAMETRIC TECHNOLOGY CORPORATION, 2010100','');
FILE_SCHEMA(('CONFIG_CONTROL_DESIGN'));
ENDSEC;
DATA;
#1=CARTESIAN_POINT('',(1.065814103640E-14,1.224606353822E-14,0.E0));
#2=DIRECTION('',(-1.E0,0.E0,0.E0));
#3=DIRECTION('',(0.E0,1.E0,0.E0));
#4=AXIS2_PLACEMENT_3D('',#1,#2,#3);
#6=CARTESIAN_POINT('',(1.065814103640E-14,1.224606353822E-14,0.E0));
#7=DIRECTION('',(1.E0,0.E0,0.E0));
#8=DIRECTION('',(0.E0,1.E0,0.E0));
#9=AXIS2_PLACEMENT_3D('',#6,#7,#8);
#11=CARTESIAN_POINT('',(0.E0,0.E0,0.E0));
#12=DIRECTION('',(1.E0,0.E0,0.E0));
#13=DIRECTION('',(0.E0,1.E0,0.E0));
#14=AXIS2_PLACEMENT_3D('',#11,#12,#13);
#16=CARTESIAN_POINT('',(0.E0,0.E0,0.E0));
#17=DIRECTION('',(1.E0,0.E0,0.E0));
#18=DIRECTION('',(0.E0,-1.E0,0.E0));
#19=AXIS2_PLACEMENT_3D('',#16,#17,#18);
#21=CARTESIAN_POINT('',(2.603693182805E0,1.192721361672E-14,0.E0));
#22=DIRECTION('',(-1.E0,0.E0,0.E0));
#23=DIRECTION('',(0.E0,9.479166666667E-1,-3.185184344046E-1));
#24=AXIS2_PLACEMENT_3D('',#21,#22,#23);
#26=DIRECTION('',(-1.E0,0.E0,0.E0));
#27=VECTOR('',#26,3.416972272898E-1);
#28=CARTESIAN_POINT('',(2.603693182805E0,4.55E0,-1.528888485142E0));
#29=LINE('',#28,#27);
#30=CARTESIAN_POINT('',(2.261995955515E0,4.55E0,-1.528888485142E0));
#31=CARTESIAN_POINT('',(2.214922265154E0,4.570464164818E0,-1.467986757628E0));
#32=CARTESIAN_POINT('',(2.126617197979E0,4.610028446641E0,-1.342167021011E0));
#33=CARTESIAN_POINT('',(2.011362859777E0,4.664112221289E0,-1.140712757557E0));
#34=CARTESIAN_POINT('',(1.914712286991E0,4.711164807770E0,-9.281027811774E-1));
#35=CARTESIAN_POINT('',(1.837666175455E0,4.749749710605E0,-7.052915107837E-1));
#36=CARTESIAN_POINT('',(1.781621714327E0,4.778403992489E0,-4.746527739823E-1));
#37=CARTESIAN_POINT('',(1.747579490376E0,4.796045738203E0,-2.383037774259E-1));
#38=CARTESIAN_POINT('',(1.74E0,4.8E0,-7.967893783907E-2));
#39=CARTESIAN_POINT('',(1.74E0,4.8E0,0.E0));
#41=CARTESIAN_POINT('',(1.74E0,-4.8E0,0.E0));
#42=CARTESIAN_POINT('',(1.74E0,-4.8E0,-6.964708325815E-2));
#43=CARTESIAN_POINT('',(1.745798180555E0,-4.796976259731E0,-2.084412278203E-1));
#44=CARTESIAN_POINT('',(1.771842724965E0,-4.783463160417E0,-4.155339993550E-1));
#45=CARTESIAN_POINT('',(1.814836908420E0,-4.761384098410E0,-6.187827675405E-1));
#46=CARTESIAN_POINT('',(1.874209013529E0,-4.731368360423E0,-8.168117799909E-1));
#47=CARTESIAN_POINT('',(1.949160470560E0,-4.694276414199E0,-1.007970058144E0));
#48=CARTESIAN_POINT('',(2.038921138007E0,-4.651056518719E0,-1.191245072825E0));
#49=CARTESIAN_POINT('',(2.142789981530E0,-4.602724978271E0,-1.365782438342E0));
#50=CARTESIAN_POINT('',(2.220777304153E0,-4.567918826176E0,-1.475561731821E0));
#51=CARTESIAN_POINT('',(2.261995955515E0,-4.55E0,-1.528888485142E0));
#53=DIRECTION('',(-1.E0,0.E0,0.E0));
#54=VECTOR('',#53,3.416972272900E-1);
#55=CARTESIAN_POINT('',(2.603693182805E0,-4.55E0,-1.528888485142E0));
#56=LINE('',#55,#54);
#57=CARTESIAN_POINT('',(5.876306817195E0,1.152644727169E-14,0.E0));
#58=DIRECTION('',(-1.E0,0.E0,0.E0));
#59=DIRECTION('',(0.E0,9.479166666667E-1,-3.185184344046E-1));
#60=AXIS2_PLACEMENT_3D('',#57,#58,#59);
#62=DIRECTION('',(-1.E0,0.E0,0.E0));
#63=VECTOR('',#62,3.416972272900E-1);
#64=CARTESIAN_POINT('',(6.218004044485E0,-4.55E0,-1.528888485142E0));
#65=LINE('',#64,#63);
#66=CARTESIAN_POINT('',(6.218004044485E0,-4.55E0,-1.528888485142E0));
#67=CARTESIAN_POINT('',(6.259195644866E0,-4.567907066407E0,-1.475596729109E0));
#68=CARTESIAN_POINT('',(6.337125936774E0,-4.602687312475E0,-1.365901324262E0));
#69=CARTESIAN_POINT('',(6.440888550186E0,-4.650966915234E0,-1.191582975209E0));
#70=CARTESIAN_POINT('',(6.530600997623E0,-4.694160035103E0,-1.008502172161E0));
#71=CARTESIAN_POINT('',(6.605579065384E0,-4.731262161276E0,-8.174278152095E-1));
#72=CARTESIAN_POINT('',(6.665037224994E0,-4.761319739022E0,-6.192968166411E-1));
#73=CARTESIAN_POINT('',(6.708112696539E0,-4.783440051843E0,-4.158398249093E-1));
#74=CARTESIAN_POINT('',(6.734199790217E0,-4.796975191103E0,-2.085227185028E-1));
#75=CARTESIAN_POINT('',(6.74E0,-4.8E0,-6.966511005771E-2));
#76=CARTESIAN_POINT('',(6.74E0,-4.8E0,0.E0));
#78=CARTESIAN_POINT('',(1.27E1,1.069081346887E-14,0.E0));
#79=DIRECTION('',(-1.E0,0.E0,0.E0));
#80=DIRECTION('',(0.E0,1.E0,0.E0));
#81=AXIS2_PLACEMENT_3D('',#78,#79,#80);
#83=CARTESIAN_POINT('',(6.74E0,4.8E0,0.E0));
#84=CARTESIAN_POINT('',(6.74E0,4.8E0,-7.965343917957E-2));
#85=CARTESIAN_POINT('',(6.732423794798E0,4.796047471610E0,-2.381951678033E-1));
#86=CARTESIAN_POINT('',(6.698444667655E0,4.778438353641E0,-4.742567035160E-1));
#87=CARTESIAN_POINT('',(6.642514915968E0,4.749841744199E0,-7.046520116807E-1));
#88=CARTESIAN_POINT('',(6.565570244987E0,4.711304569911E0,-9.273979294758E-1));
#89=CARTESIAN_POINT('',(6.468910879973E0,4.664242595230E0,-1.140197329928E0));
#90=CARTESIAN_POINT('',(6.353531561023E0,4.610095672201E0,-1.341950178442E0));
#91=CARTESIAN_POINT('',(6.265132428568E0,4.570487941610E0,-1.467915997461E0));
#92=CARTESIAN_POINT('',(6.218004044485E0,4.55E0,-1.528888485142E0));
#94=DIRECTION('',(-1.E0,0.E0,0.E0));
#95=VECTOR('',#94,3.416972272898E-1);
#96=CARTESIAN_POINT('',(6.218004044485E0,4.55E0,-1.528888485142E0));
#97=LINE('',#96,#95);
#98=CARTESIAN_POINT('',(4.24E0,-1.332644049719E1,-2.954400730255E0));
#99=DIRECTION('',(0.E0,2.164396139381E-1,-9.762960071199E-1));
#100=DIRECTION('',(-4.822562250812E-2,9.751600552430E-1,2.161877794700E-1));
#101=AXIS2_PLACEMENT_3D('',#98,#99,#100);
#103=CARTESIAN_POINT('',(4.24E0,1.332644049719E1,-2.954400730255E0));
#104=DIRECTION('',(0.E0,-2.164396139381E-1,-9.762960071199E-1));
#105=DIRECTION('',(4.822562250812E-2,-9.751600552430E-1,2.161877794700E-1));
#106=AXIS2_PLACEMENT_3D('',#103,#104,#105);
#108=CARTESIAN_POINT('',(4.24E0,-4.55E0,0.E0));
#109=DIRECTION('',(0.E0,1.E0,0.E0));
#110=DIRECTION('',(1.E0,0.E0,0.E0));
#111=AXIS2_PLACEMENT_3D('',#108,#109,#110);
#113=CARTESIAN_POINT('',(4.24E0,-4.55E0,0.E0));
#114=DIRECTION('',(0.E0,-1.E0,0.E0));
#115=DIRECTION('',(1.E0,0.E0,0.E0));
#116=AXIS2_PLACEMENT_3D('',#113,#114,#115);
#118=CARTESIAN_POINT('',(3.805969397427E0,-4.55E0,1.008710715025E0));
#119=CARTESIAN_POINT('',(3.744230574173E0,-4.55E0,1.022482969829E0));
#120=CARTESIAN_POINT('',(3.622329678622E0,-4.55E0,1.055016041577E0));
#121=CARTESIAN_POINT('',(3.443183472352E0,-4.55E0,1.116157074041E0));
#122=CARTESIAN_POINT('',(3.268392465964E0,-4.55E0,1.186762618165E0));
#123=CARTESIAN_POINT('',(3.098454131197E0,-4.55E0,1.264213555143E0));
#124=CARTESIAN_POINT('',(2.931745535042E0,-4.55E0,1.347381493687E0));
#125=CARTESIAN_POINT('',(2.767321376455E0,-4.55E0,1.435405983058E0));
#126=CARTESIAN_POINT('',(2.658150446893E0,-4.55E0,1.497277159007E0));
#127=CARTESIAN_POINT('',(2.603693182805E0,-4.55E0,1.528888485142E0));
#129=DIRECTION('',(1.E0,0.E0,0.E0));
#130=VECTOR('',#129,8.680612051462E-1);
#131=CARTESIAN_POINT('',(3.805969397427E0,-4.55E0,1.008710715025E0));
#132=LINE('',#131,#130);
#133=CARTESIAN_POINT('',(5.876306817195E0,-4.55E0,1.528888485142E0));
#134=CARTESIAN_POINT('',(5.821780623242E0,-4.55E0,1.497237146632E0));
#135=CARTESIAN_POINT('',(5.712414429784E0,-4.55E0,1.435255238093E0));
#136=CARTESIAN_POINT('',(5.547383232234E0,-4.55E0,1.346922676277E0));
#137=CARTESIAN_POINT('',(5.380134072720E0,-4.55E0,1.263531856644E0));
#138=CARTESIAN_POINT('',(5.209934186380E0,-4.55E0,1.186041466902E0));
#139=CARTESIAN_POINT('',(5.035457540173E0,-4.55E0,1.115660644683E0));
#140=CARTESIAN_POINT('',(4.856992383868E0,-4.55E0,1.054825985430E0));
#141=CARTESIAN_POINT('',(4.735530299318E0,-4.55E0,1.022429627199E0));
#142=CARTESIAN_POINT('',(4.674030602573E0,-4.55E0,1.008710715025E0));
#144=CARTESIAN_POINT('',(4.24E0,-4.55E0,0.E0));
#145=DIRECTION('',(0.E0,1.E0,0.E0));
#146=DIRECTION('',(7.912016177941E-1,0.E0,6.115553940568E-1));
#147=AXIS2_PLACEMENT_3D('',#144,#145,#146);
#149=CARTESIAN_POINT('',(4.674030602573E0,-4.55E0,-1.008710715025E0));
#150=CARTESIAN_POINT('',(4.735771075689E0,-4.55E0,-1.022483337869E0));
#151=CARTESIAN_POINT('',(4.857675742639E0,-4.55E0,-1.055017543366E0));
#152=CARTESIAN_POINT('',(5.036828817852E0,-4.55E0,-1.116161511936E0));
#153=CARTESIAN_POINT('',(5.211628431440E0,-4.55E0,-1.186771461406E0));
#154=CARTESIAN_POINT('',(5.381575266161E0,-4.55E0,-1.264227552912E0));
#155=CARTESIAN_POINT('',(5.548283318444E0,-4.55E0,-1.347396496299E0));
#156=CARTESIAN_POINT('',(5.712699357123E0,-4.55E0,-1.435417562337E0));
#157=CARTESIAN_POINT('',(5.821857516221E0,-4.55E0,-1.497281781432E0));
#158=CARTESIAN_POINT('',(5.876306817195E0,-4.55E0,-1.528888485142E0));
#160=DIRECTION('',(-1.E0,0.E0,0.E0));
#161=VECTOR('',#160,8.680612051462E-1);
#162=CARTESIAN_POINT('',(4.674030602573E0,-4.55E0,-1.008710715025E0));
#163=LINE('',#162,#161);
#164=CARTESIAN_POINT('',(2.603693182805E0,-4.55E0,-1.528888485142E0));
#165=CARTESIAN_POINT('',(2.658213858023E0,-4.55E0,-1.497240350145E0));
#166=CARTESIAN_POINT('',(2.767571209873E0,-4.55E0,-1.435263254550E0));
#167=CARTESIAN_POINT('',(2.932597139502E0,-4.55E0,-1.346932878409E0));
#168=CARTESIAN_POINT('',(3.099845691456E0,-4.55E0,-1.263541487995E0));
#169=CARTESIAN_POINT('',(3.270051316844E0,-4.55E0,-1.186047597006E0));
#170=CARTESIAN_POINT('',(3.444533607154E0,-4.55E0,-1.115663851704E0));
#171=CARTESIAN_POINT('',(3.623003161116E0,-4.55E0,-1.054827238176E0));
#172=CARTESIAN_POINT('',(3.744468250020E0,-4.55E0,-1.022429950802E0));
#173=CARTESIAN_POINT('',(3.805969397427E0,-4.55E0,-1.008710715025E0));
#175=CARTESIAN_POINT('',(4.24E0,-4.55E0,0.E0));
#176=DIRECTION('',(0.E0,1.E0,0.E0));
#177=DIRECTION('',(-7.912016177941E-1,0.E0,-6.115553940568E-1));
#178=AXIS2_PLACEMENT_3D('',#175,#176,#177);
#180=CARTESIAN_POINT('',(5.23E0,-5.5E0,0.E0));
#181=CARTESIAN_POINT('',(5.23E0,-5.5E0,-6.935493513258E-2));
#182=CARTESIAN_POINT('',(5.215339111470E0,-5.497334188620E0,
-2.079573092671E-1));
#183=CARTESIAN_POINT('',(5.150880307247E0,-5.486102028717E0,
-4.060705596316E-1));
#184=CARTESIAN_POINT('',(5.046189607630E0,-5.469465011640E0,
-5.869406978198E-1));
#185=CARTESIAN_POINT('',(4.907511060468E0,-5.450465361209E0,
-7.409273012262E-1));
#186=CARTESIAN_POINT('',(4.737972153392E0,-5.432048191312E0,
-8.640173153762E-1));
#187=CARTESIAN_POINT('',(4.548563808371E0,-5.417740558566E0,
-9.483695823650E-1));
#188=CARTESIAN_POINT('',(4.342583926615E0,-5.409801396166E0,
-9.920235775299E-1));
#189=CARTESIAN_POINT('',(4.134748021832E0,-5.409851717034E0,
-9.917538337628E-1));
#190=CARTESIAN_POINT('',(3.928757111105E0,-5.417896324396E0,
-9.474930332048E-1));
#191=CARTESIAN_POINT('',(3.739828390917E0,-5.432257979717E0,
-8.627082668373E-1));
#192=CARTESIAN_POINT('',(3.571038004981E0,-5.450650088004E0,
-7.395612996230E-1));
#193=CARTESIAN_POINT('',(3.432993159938E0,-5.469589370923E0,
-5.857573788433E-1));
#194=CARTESIAN_POINT('',(3.328750043737E0,-5.486165218903E0,
-4.051641539032E-1));
#195=CARTESIAN_POINT('',(3.264585744655E0,-5.497347980347E0,
-2.074422879653E-1));
#196=CARTESIAN_POINT('',(3.25E0,-5.5E0,-6.917912643745E-2));
#197=CARTESIAN_POINT('',(3.25E0,-5.5E0,0.E0));
#199=DIRECTION('',(0.E0,1.E0,0.E0));
#200=VECTOR('',#199,9.5E-1);
#201=CARTESIAN_POINT('',(5.23E0,-5.5E0,0.E0));
#202=LINE('',#201,#200);
#203=DIRECTION('',(0.E0,-1.E0,0.E0));
#204=VECTOR('',#203,9.5E-1);
#205=CARTESIAN_POINT('',(3.25E0,-4.55E0,0.E0));
#206=LINE('',#205,#204);
#207=CARTESIAN_POINT('',(5.23E0,5.5E0,0.E0));
#208=CARTESIAN_POINT('',(5.23E0,5.5E0,6.917912643745E-2));
#209=CARTESIAN_POINT('',(5.215414255345E0,5.497347980347E0,2.074422879653E-1));
#210=CARTESIAN_POINT('',(5.151249956263E0,5.486165218903E0,4.051641539032E-1));
#211=CARTESIAN_POINT('',(5.047006840062E0,5.469589370923E0,5.857573788433E-1));
#212=CARTESIAN_POINT('',(4.908961995019E0,5.450650088004E0,7.395612996230E-1));
#213=CARTESIAN_POINT('',(4.740171609083E0,5.432257979717E0,8.627082668373E-1));
#214=CARTESIAN_POINT('',(4.551242888895E0,5.417896324396E0,9.474930332048E-1));
#215=CARTESIAN_POINT('',(4.345251978168E0,5.409851717034E0,9.917538337628E-1));
#216=CARTESIAN_POINT('',(4.137416073385E0,5.409801396166E0,9.920235775299E-1));
#217=CARTESIAN_POINT('',(3.931436191629E0,5.417740558566E0,9.483695823650E-1));
#218=CARTESIAN_POINT('',(3.742027846608E0,5.432048191312E0,8.640173153762E-1));
#219=CARTESIAN_POINT('',(3.572488939532E0,5.450465361209E0,7.409273012262E-1));
#220=CARTESIAN_POINT('',(3.433810392370E0,5.469465011640E0,5.869406978198E-1));
#221=CARTESIAN_POINT('',(3.329119692753E0,5.486102028717E0,4.060705596316E-1));
#222=CARTESIAN_POINT('',(3.264660888530E0,5.497334188620E0,2.079573092671E-1));
#223=CARTESIAN_POINT('',(3.25E0,5.5E0,6.935493513259E-2));
#224=CARTESIAN_POINT('',(3.25E0,5.5E0,0.E0));
#226=CARTESIAN_POINT('',(3.25E0,5.5E0,0.E0));
#227=CARTESIAN_POINT('',(3.25E0,5.5E0,-6.928810062299E-2));
#228=CARTESIAN_POINT('',(3.264631660904E0,5.497339525138E0,-2.077583159788E-1));
#229=CARTESIAN_POINT('',(3.328976621048E0,5.486126578706E0,-4.057152431480E-1));
#230=CARTESIAN_POINT('',(3.433473346163E0,5.469516199569E0,-5.864551213316E-1));
#231=CARTESIAN_POINT('',(3.571932491392E0,5.450535850925E0,-7.404088527068E-1));
#232=CARTESIAN_POINT('',(3.741212624267E0,5.432125727883E0,-8.635333200981E-1));
#233=CARTESIAN_POINT('',(3.930406978296E0,5.417801567453E0,-9.480253682797E-1));
#234=CARTESIAN_POINT('',(4.136201193471E0,5.409827297403E0,-9.918843658040E-1));
#235=CARTESIAN_POINT('',(4.343783318363E0,5.409826996940E0,-9.918860999459E-1));
#236=CARTESIAN_POINT('',(4.549570283525E0,5.417800552842E0,-9.480306960482E-1));
#237=CARTESIAN_POINT('',(4.738738071877E0,5.432121268594E0,-8.635610416240E-1));
#238=CARTESIAN_POINT('',(4.908031718616E0,5.450531380043E0,-7.404404703402E-1));
#239=CARTESIAN_POINT('',(5.046488404739E0,5.469510482828E0,-5.865089324532E-1));
#240=CARTESIAN_POINT('',(5.151014234493E0,5.486124933298E0,-4.057407336090E-1));
#241=CARTESIAN_POINT('',(5.215364111275E0,5.497338790102E0,-2.077800018978E-1));
#242=CARTESIAN_POINT('',(5.23E0,5.5E0,-6.929547997322E-2));
#243=CARTESIAN_POINT('',(5.23E0,5.5E0,0.E0));
#245=DIRECTION('',(0.E0,-1.E0,0.E0));
#246=VECTOR('',#245,9.5E-1);
#247=CARTESIAN_POINT('',(3.25E0,5.5E0,0.E0));
#248=LINE('',#247,#246);
#249=DIRECTION('',(0.E0,1.E0,0.E0));
#250=VECTOR('',#249,9.5E-1);
#251=CARTESIAN_POINT('',(5.23E0,4.55E0,0.E0));
#252=LINE('',#251,#250);
#253=CARTESIAN_POINT('',(4.24E0,4.55E0,0.E0));
#254=DIRECTION('',(0.E0,1.E0,0.E0));
#255=DIRECTION('',(1.E0,0.E0,0.E0));
#256=AXIS2_PLACEMENT_3D('',#253,#254,#255);
#258=CARTESIAN_POINT('',(4.24E0,4.55E0,0.E0));
#259=DIRECTION('',(0.E0,-1.E0,0.E0));
#260=DIRECTION('',(1.E0,0.E0,0.E0));
#261=AXIS2_PLACEMENT_3D('',#258,#259,#260);
#263=CARTESIAN_POINT('',(2.603693182805E0,4.55E0,1.528888485142E0));
#264=CARTESIAN_POINT('',(2.706711748259E0,4.55E0,1.469088318442E0));
#265=CARTESIAN_POINT('',(2.910292360048E0,4.55E0,1.356282184336E0));
#266=CARTESIAN_POINT('',(3.207745869491E0,4.55E0,1.210701642900E0));
#267=CARTESIAN_POINT('',(3.505331197304E0,4.55E0,1.090009097610E0));
#268=CARTESIAN_POINT('',(3.705278926704E0,4.55E0,1.031172024555E0));
#269=CARTESIAN_POINT('',(3.805969397427E0,4.55E0,1.008710715025E0));
#271=CARTESIAN_POINT('',(4.24E0,4.55E0,0.E0));
#272=DIRECTION('',(0.E0,-1.E0,0.E0));
#273=DIRECTION('',(-7.912016177941E-1,0.E0,6.115553940568E-1));
#274=AXIS2_PLACEMENT_3D('',#271,#272,#273);
#276=CARTESIAN_POINT('',(3.805969397427E0,4.55E0,-1.008710715025E0));
#277=CARTESIAN_POINT('',(3.704816567297E0,4.55E0,-1.031275164382E0));
#278=CARTESIAN_POINT('',(3.504255688324E0,4.55E0,-1.090376841867E0));
#279=CARTESIAN_POINT('',(3.206711360493E0,4.55E0,-1.211181616450E0));
#280=CARTESIAN_POINT('',(2.909846014588E0,4.55E0,-1.356528455116E0));
#281=CARTESIAN_POINT('',(2.706552875885E0,4.55E0,-1.469180540600E0));
#282=CARTESIAN_POINT('',(2.603693182805E0,4.55E0,-1.528888485142E0));
#284=DIRECTION('',(1.E0,0.E0,0.E0));
#285=VECTOR('',#284,8.680612051462E-1);
#286=CARTESIAN_POINT('',(3.805969397427E0,4.55E0,-1.008710715025E0));
#287=LINE('',#286,#285);
#288=CARTESIAN_POINT('',(5.876306817195E0,4.55E0,-1.528888485142E0));
#289=CARTESIAN_POINT('',(5.773232436271E0,4.55E0,-1.469055918705E0));
#290=CARTESIAN_POINT('',(5.569568495092E0,4.55E0,-1.356207978410E0));
#291=CARTESIAN_POINT('',(5.272114117301E0,4.55E0,-1.210638907849E0));
#292=CARTESIAN_POINT('',(4.974559987493E0,4.55E0,-1.089972624035E0));
#293=CARTESIAN_POINT('',(4.774677707201E0,4.55E0,-1.031162350757E0));
#294=CARTESIAN_POINT('',(4.674030602573E0,4.55E0,-1.008710715025E0));
#296=CARTESIAN_POINT('',(4.24E0,4.55E0,0.E0));
#297=DIRECTION('',(0.E0,-1.E0,0.E0));
#298=DIRECTION('',(7.912016177941E-1,0.E0,-6.115553940568E-1));
#299=AXIS2_PLACEMENT_3D('',#296,#297,#298);
#301=CARTESIAN_POINT('',(4.674030602573E0,4.55E0,1.008710715025E0));
#302=CARTESIAN_POINT('',(4.775227605006E0,4.55E0,1.031285018024E0));
#303=CARTESIAN_POINT('',(4.975854952393E0,4.55E0,1.090413996229E0));
#304=CARTESIAN_POINT('',(5.273430164611E0,4.55E0,1.211245110548E0));
#305=CARTESIAN_POINT('',(5.570293470246E0,4.55E0,1.356602870973E0));
#306=CARTESIAN_POINT('',(5.773503033948E0,4.55E0,1.469212995112E0));
#307=CARTESIAN_POINT('',(5.876306817195E0,4.55E0,1.528888485142E0));
#309=DIRECTION('',(-1.E0,0.E0,0.E0));
#310=VECTOR('',#309,8.680612051462E-1);
#311=CARTESIAN_POINT('',(4.674030602573E0,4.55E0,1.008710715025E0));
#312=LINE('',#311,#310);
#313=CARTESIAN_POINT('',(4.24E0,1.332644049719E1,2.954400730255E0));
#314=DIRECTION('',(0.E0,-2.164396139381E-1,9.762960071199E-1));
#315=DIRECTION('',(-4.822562250812E-2,-9.751600552430E-1,-2.161877794700E-1));
#316=AXIS2_PLACEMENT_3D('',#313,#314,#315);
#318=CARTESIAN_POINT('',(4.24E0,-1.332644049719E1,2.954400730255E0));
#319=DIRECTION('',(0.E0,2.164396139381E-1,9.762960071199E-1));
#320=DIRECTION('',(4.822562250812E-2,9.751600552430E-1,-2.161877794700E-1));
#321=AXIS2_PLACEMENT_3D('',#318,#319,#320);
#323=CARTESIAN_POINT('',(2.603693182805E0,1.192721361672E-14,0.E0));
#324=DIRECTION('',(-1.E0,0.E0,0.E0));
#325=DIRECTION('',(0.E0,-9.479166666667E-1,3.185184344046E-1));
#326=AXIS2_PLACEMENT_3D('',#323,#324,#325);
#328=DIRECTION('',(-1.E0,0.E0,0.E0));
#329=VECTOR('',#328,3.416972272900E-1);
#330=CARTESIAN_POINT('',(2.603693182805E0,-4.55E0,1.528888485142E0));
#331=LINE('',#330,#329);
#332=CARTESIAN_POINT('',(2.261995955515E0,-4.55E0,1.528888485142E0));
#333=CARTESIAN_POINT('',(2.220803974358E0,-4.567907231940E0,1.475596236478E0));
#334=CARTESIAN_POINT('',(2.142873179610E0,-4.602687713059E0,1.365900004625E0));
#335=CARTESIAN_POINT('',(2.039110483579E0,-4.650967372583E0,1.191581223099E0));
#336=CARTESIAN_POINT('',(1.949398265501E0,-4.694160398601E0,1.008500366836E0));
#337=CARTESIAN_POINT('',(1.874421385912E0,-4.731261938050E0,8.174289224381E-1));
#338=CARTESIAN_POINT('',(1.814962973545E0,-4.761319635553E0,6.192978604806E-1));
#339=CARTESIAN_POINT('',(1.771886759827E0,-4.783440331799E0,4.158372913331E-1));
#340=CARTESIAN_POINT('',(1.745799799899E0,-4.796975404748E0,2.085176424491E-1));
#341=CARTESIAN_POINT('',(1.74E0,-4.8E0,6.966287440883E-2));
#342=CARTESIAN_POINT('',(1.74E0,-4.8E0,0.E0));
#344=DIRECTION('',(-1.E0,0.E0,0.E0));
#345=VECTOR('',#344,1.74E0);
#346=CARTESIAN_POINT('',(1.74E0,-4.8E0,0.E0));
#347=LINE('',#346,#345);
#348=DIRECTION('',(-1.E0,0.E0,0.E0));
#349=VECTOR('',#348,1.74E0);
#350=CARTESIAN_POINT('',(1.74E0,4.8E0,0.E0));
#351=LINE('',#350,#349);
#352=CARTESIAN_POINT('',(1.74E0,4.8E0,0.E0));
#353=CARTESIAN_POINT('',(1.74E0,4.8E0,7.965617466207E-2));
#354=CARTESIAN_POINT('',(1.747576819335E0,4.796047151794E0,2.382018020570E-1));
#355=CARTESIAN_POINT('',(1.781556179155E0,4.778437917609E0,4.742607234256E-1));
#356=CARTESIAN_POINT('',(1.837486273096E0,4.749841140682E0,7.046562173288E-1));
#357=CARTESIAN_POINT('',(1.914431726045E0,4.711303593214E0,9.274029199E-1));
#358=CARTESIAN_POINT('',(2.011091515631E0,4.664241450663E0,1.140201932775E0));
#359=CARTESIAN_POINT('',(2.126470180976E0,4.610094880935E0,1.341952772718E0));
#360=CARTESIAN_POINT('',(2.214868291477E0,4.570487628588E0,1.467916929021E0));
#361=CARTESIAN_POINT('',(2.261995955515E0,4.55E0,1.528888485142E0));
#363=DIRECTION('',(-1.E0,0.E0,0.E0));
#364=VECTOR('',#363,3.416972272898E-1);
#365=CARTESIAN_POINT('',(2.603693182805E0,4.55E0,1.528888485142E0));
#366=LINE('',#365,#364);
#367=CARTESIAN_POINT('',(5.876306817195E0,1.152644727169E-14,0.E0));
#368=DIRECTION('',(-1.E0,0.E0,0.E0));
#369=DIRECTION('',(0.E0,-9.479166666667E-1,3.185184344046E-1));
#370=AXIS2_PLACEMENT_3D('',#367,#368,#369);
#372=DIRECTION('',(-1.E0,0.E0,0.E0));
#373=VECTOR('',#372,3.416972272898E-1);
#374=CARTESIAN_POINT('',(6.218004044485E0,4.55E0,1.528888485142E0));
#375=LINE('',#374,#373);
#376=CARTESIAN_POINT('',(6.218004044485E0,4.55E0,1.528888485142E0));
#377=CARTESIAN_POINT('',(6.265077734846E0,4.570464164818E0,1.467986757628E0));
#378=CARTESIAN_POINT('',(6.353382802021E0,4.610028446641E0,1.342167021011E0));
#379=CARTESIAN_POINT('',(6.468637140223E0,4.664112221289E0,1.140712757557E0));
#380=CARTESIAN_POINT('',(6.565287713009E0,4.711164807770E0,9.281027811774E-1));
#381=CARTESIAN_POINT('',(6.642333824545E0,4.749749710605E0,7.052915107837E-1));
#382=CARTESIAN_POINT('',(6.698378285673E0,4.778403992489E0,4.746527739823E-1));
#383=CARTESIAN_POINT('',(6.732420509624E0,4.796045738203E0,2.383037774259E-1));
#384=CARTESIAN_POINT('',(6.74E0,4.8E0,7.967893783907E-2));
#385=CARTESIAN_POINT('',(6.74E0,4.8E0,0.E0));
#387=DIRECTION('',(-1.E0,0.E0,0.E0));
#388=VECTOR('',#387,5.96E0);
#389=CARTESIAN_POINT('',(1.27E1,4.8E0,0.E0));
#390=LINE('',#389,#388);
#391=CARTESIAN_POINT('',(1.27E1,1.069081346887E-14,0.E0));
#392=DIRECTION('',(1.E0,0.E0,0.E0));
#393=DIRECTION('',(0.E0,1.E0,0.E0));
#394=AXIS2_PLACEMENT_3D('',#391,#392,#393);
#396=DIRECTION('',(-1.E0,0.E0,0.E0));
#397=VECTOR('',#396,5.96E0);
#398=CARTESIAN_POINT('',(1.27E1,-4.8E0,0.E0));
#399=LINE('',#398,#397);
#400=CARTESIAN_POINT('',(6.74E0,-4.8E0,0.E0));
#401=CARTESIAN_POINT('',(6.74E0,-4.8E0,6.964708325815E-2));
#402=CARTESIAN_POINT('',(6.734201819445E0,-4.796976259731E0,2.084412278203E-1));
#403=CARTESIAN_POINT('',(6.708157275035E0,-4.783463160417E0,4.155339993550E-1));
#404=CARTESIAN_POINT('',(6.665163091580E0,-4.761384098410E0,6.187827675405E-1));
#405=CARTESIAN_POINT('',(6.605790986471E0,-4.731368360423E0,8.168117799909E-1));
#406=CARTESIAN_POINT('',(6.530839529440E0,-4.694276414199E0,1.007970058144E0));
#407=CARTESIAN_POINT('',(6.441078861993E0,-4.651056518719E0,1.191245072825E0));
#408=CARTESIAN_POINT('',(6.337210018470E0,-4.602724978271E0,1.365782438342E0));
#409=CARTESIAN_POINT('',(6.259222695847E0,-4.567918826176E0,1.475561731821E0));
#410=CARTESIAN_POINT('',(6.218004044485E0,-4.55E0,1.528888485142E0));
#412=DIRECTION('',(-1.E0,0.E0,0.E0));
#413=VECTOR('',#412,3.416972272900E-1);
#414=CARTESIAN_POINT('',(6.218004044485E0,-4.55E0,1.528888485142E0));
#415=LINE('',#414,#413);
#416=CARTESIAN_POINT('',(1.27E1,1.069081346887E-14,0.E0));
#417=DIRECTION('',(-1.E0,0.E0,0.E0));
#418=DIRECTION('',(0.E0,1.E0,0.E0));
#419=AXIS2_PLACEMENT_3D('',#416,#417,#418);
#421=CARTESIAN_POINT('',(1.27E1,1.069081346887E-14,0.E0));
#422=DIRECTION('',(1.E0,0.E0,0.E0));
#423=DIRECTION('',(0.E0,1.E0,0.E0));
#424=AXIS2_PLACEMENT_3D('',#421,#422,#423);
#426=CARTESIAN_POINT('',(1.588E1,1.030138864835E-14,0.E0));
#427=DIRECTION('',(-1.E0,0.E0,0.E0));
#428=DIRECTION('',(0.E0,-9.958591954639E-1,-9.090909090909E-2));
#429=AXIS2_PLACEMENT_3D('',#426,#427,#428);
#431=DIRECTION('',(-1.E0,0.E0,0.E0));
#432=VECTOR('',#431,7.6E-1);
#433=CARTESIAN_POINT('',(1.664E1,-5.477225575052E0,-5.E-1));
#434=LINE('',#433,#432);
#435=DIRECTION('',(-1.E0,0.E0,0.E0));
#436=VECTOR('',#435,4.46E0);
#437=CARTESIAN_POINT('',(2.11E1,-4.502384549069E0,-3.158881664815E0));
#438=LINE('',#437,#436);
#439=CARTESIAN_POINT('',(2.11E1,0.E0,0.E0));
#440=DIRECTION('',(-1.E0,0.E0,0.E0));
#441=DIRECTION('',(0.E0,-5.743421208754E-1,-8.186153725580E-1));
#442=AXIS2_PLACEMENT_3D('',#439,#440,#441);
#444=DIRECTION('',(-1.E0,0.E0,0.E0));
#445=VECTOR('',#444,4.46E0);
#446=CARTESIAN_POINT('',(2.11E1,-3.158881664815E0,-4.502384549069E0));
#447=LINE('',#446,#445);
#448=DIRECTION('',(-1.E0,0.E0,0.E0));
#449=VECTOR('',#448,7.6E-1);
#450=CARTESIAN_POINT('',(1.664E1,-5.E-1,-5.477225575052E0));
#451=LINE('',#450,#449);
#452=CARTESIAN_POINT('',(1.588E1,1.030138864835E-14,0.E0));
#453=DIRECTION('',(-1.E0,0.E0,0.E0));
#454=DIRECTION('',(0.E0,9.090909090909E-2,-9.958591954639E-1));
#455=AXIS2_PLACEMENT_3D('',#452,#453,#454);
#457=DIRECTION('',(-1.E0,0.E0,0.E0));
#458=VECTOR('',#457,7.6E-1);
#459=CARTESIAN_POINT('',(1.664E1,5.E-1,-5.477225575052E0));
#460=LINE('',#459,#458);
#461=DIRECTION('',(-1.E0,0.E0,0.E0));
#462=VECTOR('',#461,4.46E0);
#463=CARTESIAN_POINT('',(2.11E1,3.158881664815E0,-4.502384549069E0));
#464=LINE('',#463,#462);
#465=CARTESIAN_POINT('',(2.11E1,0.E0,0.E0));
#466=DIRECTION('',(-1.E0,0.E0,0.E0));
#467=DIRECTION('',(0.E0,8.186153725580E-1,-5.743421208754E-1));
#468=AXIS2_PLACEMENT_3D('',#465,#466,#467);
#470=DIRECTION('',(-1.E0,0.E0,0.E0));
#471=VECTOR('',#470,4.46E0);
#472=CARTESIAN_POINT('',(2.11E1,4.502384549069E0,-3.158881664815E0));
#473=LINE('',#472,#471);
#474=CARTESIAN_POINT('',(1.664E1,1.020831856546E-14,0.E0));
#475=DIRECTION('',(-1.E0,0.E0,0.E0));
#476=DIRECTION('',(0.E0,9.958591954639E-1,-9.090909090909E-2));
#477=AXIS2_PLACEMENT_3D('',#474,#475,#476);
#479=DIRECTION('',(-1.E0,0.E0,0.E0));
#480=VECTOR('',#479,7.6E-1);
#481=CARTESIAN_POINT('',(1.664E1,5.477225575052E0,-5.E-1));
#482=LINE('',#481,#480);
#483=CARTESIAN_POINT('',(1.588E1,1.030138864835E-14,0.E0));
#484=DIRECTION('',(-1.E0,0.E0,0.E0));
#485=DIRECTION('',(0.E0,1.E0,0.E0));
#486=AXIS2_PLACEMENT_3D('',#483,#484,#485);
#488=DIRECTION('',(0.E0,-1.E0,0.E0));
#489=VECTOR('',#488,2.468488298386E0);
#490=CARTESIAN_POINT('',(1.588E1,-3.008737276666E0,5.E-1));
#491=LINE('',#490,#489);
#492=CARTESIAN_POINT('',(1.588E1,1.030138864835E-14,0.E0));
#493=DIRECTION('',(-1.E0,0.E0,0.E0));
#494=DIRECTION('',(0.E0,-1.E0,0.E0));
#495=AXIS2_PLACEMENT_3D('',#492,#493,#494);
#497=DIRECTION('',(-1.E0,0.E0,0.E0));
#498=VECTOR('',#497,3.18E0);
#499=CARTESIAN_POINT('',(1.588E1,-5.5E0,0.E0));
#500=LINE('',#499,#498);
#501=DIRECTION('',(-1.E0,0.E0,0.E0));
#502=VECTOR('',#501,3.18E0);
#503=CARTESIAN_POINT('',(1.588E1,5.5E0,0.E0));
#504=LINE('',#503,#502);
#505=CARTESIAN_POINT('',(1.588E1,1.030138864835E-14,0.E0));
#506=DIRECTION('',(-1.E0,0.E0,0.E0));
#507=DIRECTION('',(0.E0,9.958591954639E-1,9.090909090909E-2));
#508=AXIS2_PLACEMENT_3D('',#505,#506,#507);
#510=DIRECTION('',(-1.E0,0.E0,0.E0));
#511=VECTOR('',#510,7.6E-1);
#512=CARTESIAN_POINT('',(1.664E1,5.477225575052E0,5.E-1));
#513=LINE('',#512,#511);
#514=DIRECTION('',(-1.E0,0.E0,0.E0));
#515=VECTOR('',#514,4.46E0);
#516=CARTESIAN_POINT('',(2.11E1,4.502384549069E0,3.158881664815E0));
#517=LINE('',#516,#515);
#518=CARTESIAN_POINT('',(2.11E1,0.E0,0.E0));
#519=DIRECTION('',(1.E0,0.E0,0.E0));
#520=DIRECTION('',(0.E0,8.186153725580E-1,5.743421208754E-1));
#521=AXIS2_PLACEMENT_3D('',#518,#519,#520);
#523=DIRECTION('',(-1.E0,0.E0,0.E0));
#524=VECTOR('',#523,4.46E0);
#525=CARTESIAN_POINT('',(2.11E1,3.158881664815E0,4.502384549069E0));
#526=LINE('',#525,#524);
#527=DIRECTION('',(-1.E0,0.E0,0.E0));
#528=VECTOR('',#527,7.6E-1);
#529=CARTESIAN_POINT('',(1.664E1,5.E-1,5.477225575052E0));
#530=LINE('',#529,#528);
#531=CARTESIAN_POINT('',(1.588E1,1.030138864835E-14,0.E0));
#532=DIRECTION('',(-1.E0,0.E0,0.E0));
#533=DIRECTION('',(0.E0,-9.090909090909E-2,9.958591954639E-1));
#534=AXIS2_PLACEMENT_3D('',#531,#532,#533);
#536=DIRECTION('',(-1.E0,0.E0,0.E0));
#537=VECTOR('',#536,7.6E-1);
#538=CARTESIAN_POINT('',(1.664E1,-5.E-1,5.477225575052E0));
#539=LINE('',#538,#537);
#540=DIRECTION('',(-1.E0,0.E0,0.E0));
#541=VECTOR('',#540,4.46E0);
#542=CARTESIAN_POINT('',(2.11E1,-3.158881664815E0,4.502384549069E0));
#543=LINE('',#542,#541);
#544=CARTESIAN_POINT('',(2.11E1,0.E0,0.E0));
#545=DIRECTION('',(1.E0,0.E0,0.E0));
#546=DIRECTION('',(0.E0,-5.743421208754E-1,8.186153725580E-1));
#547=AXIS2_PLACEMENT_3D('',#544,#545,#546);
#549=DIRECTION('',(-1.E0,0.E0,0.E0));
#550=VECTOR('',#549,4.46E0);
#551=CARTESIAN_POINT('',(2.11E1,-4.502384549069E0,3.158881664815E0));
#552=LINE('',#551,#550);
#553=CARTESIAN_POINT('',(1.664E1,1.020831856546E-14,0.E0));
#554=DIRECTION('',(-1.E0,0.E0,0.E0));
#555=DIRECTION('',(0.E0,-9.958591954639E-1,9.090909090909E-2));
#556=AXIS2_PLACEMENT_3D('',#553,#554,#555);
#558=DIRECTION('',(-1.E0,0.E0,0.E0));
#559=VECTOR('',#558,7.6E-1);
#560=CARTESIAN_POINT('',(1.664E1,-5.477225575052E0,5.E-1));
#561=LINE('',#560,#559);
#562=DIRECTION('',(0.E0,1.E0,0.E0));
#563=VECTOR('',#562,2.468488298386E0);
#564=CARTESIAN_POINT('',(1.588E1,3.008737276666E0,-5.E-1));
#565=LINE('',#564,#563);
#566=DIRECTION('',(0.E0,-1.E0,0.E0));
#567=VECTOR('',#566,2.468488298386E0);
#568=CARTESIAN_POINT('',(1.664E1,5.477225575052E0,5.E-1));
#569=LINE('',#568,#567);
#570=CARTESIAN_POINT('',(1.664E1,0.E0,0.E0));
#571=DIRECTION('',(1.E0,0.E0,0.E0));
#572=DIRECTION('',(0.E0,9.864712382512E-1,1.639344262295E-1));
#573=AXIS2_PLACEMENT_3D('',#570,#571,#572);
#575=DIRECTION('',(0.E0,0.E0,-1.E0));
#576=VECTOR('',#575,2.468488298386E0);
#577=CARTESIAN_POINT('',(1.664E1,5.E-1,5.477225575052E0));
#578=LINE('',#577,#576);
#579=CARTESIAN_POINT('',(1.664E1,1.020831856546E-14,0.E0));
#580=DIRECTION('',(-1.E0,0.E0,0.E0));
#581=DIRECTION('',(0.E0,9.090909090909E-2,9.958591954639E-1));
#582=AXIS2_PLACEMENT_3D('',#579,#580,#581);
#584=DIRECTION('',(0.E0,7.071067811865E-1,7.071067811865E-1));
#585=VECTOR('',#584,1.047333292313E0);
#586=CARTESIAN_POINT('',(1.664E1,2.418305191658E0,3.761808075912E0));
#587=LINE('',#586,#585);
#588=DIRECTION('',(0.E0,-7.071067811865E-1,7.071067811865E-1));
#589=VECTOR('',#588,1.9E0);
#590=CARTESIAN_POINT('',(1.664E1,3.761808075912E0,2.418305191658E0));
#591=LINE('',#590,#589);
#592=DIRECTION('',(0.E0,-7.071067811865E-1,-7.071067811866E-1));
#593=VECTOR('',#592,1.047333292313E0);
#594=CARTESIAN_POINT('',(1.664E1,4.502384549069E0,3.158881664815E0));
#595=LINE('',#594,#593);
#596=CARTESIAN_POINT('',(1.664E1,1.020831856546E-14,0.E0));
#597=DIRECTION('',(-1.E0,0.E0,0.E0));
#598=DIRECTION('',(0.E0,8.186153725580E-1,5.743421208754E-1));
#599=AXIS2_PLACEMENT_3D('',#596,#597,#598);
#601=DIRECTION('',(0.E0,0.E0,1.E0));
#602=VECTOR('',#601,2.468488298386E0);
#603=CARTESIAN_POINT('',(1.664E1,5.E-1,-5.477225575052E0));
#604=LINE('',#603,#602);
#605=CARTESIAN_POINT('',(1.664E1,0.E0,0.E0));
#606=DIRECTION('',(1.E0,0.E0,0.E0));
#607=DIRECTION('',(0.E0,1.639344262295E-1,-9.864712382512E-1));
#608=AXIS2_PLACEMENT_3D('',#605,#606,#607);
#610=DIRECTION('',(0.E0,-1.E0,0.E0));
#611=VECTOR('',#610,2.468488298386E0);
#612=CARTESIAN_POINT('',(1.664E1,5.477225575052E0,-5.E-1));
#613=LINE('',#612,#611);
#614=DIRECTION('',(0.E0,7.071067811865E-1,-7.071067811865E-1));
#615=VECTOR('',#614,1.047333292313E0);
#616=CARTESIAN_POINT('',(1.664E1,3.761808075912E0,-2.418305191658E0));
#617=LINE('',#616,#615);
#618=DIRECTION('',(0.E0,7.071067811865E-1,7.071067811865E-1));
#619=VECTOR('',#618,1.9E0);
#620=CARTESIAN_POINT('',(1.664E1,2.418305191658E0,-3.761808075912E0));
#621=LINE('',#620,#619);
#622=DIRECTION('',(0.E0,-7.071067811865E-1,7.071067811865E-1));
#623=VECTOR('',#622,1.047333292313E0);
#624=CARTESIAN_POINT('',(1.664E1,3.158881664815E0,-4.502384549069E0));
#625=LINE('',#624,#623);
#626=CARTESIAN_POINT('',(1.664E1,1.020831856546E-14,0.E0));
#627=DIRECTION('',(-1.E0,0.E0,0.E0));
#628=DIRECTION('',(0.E0,5.743421208754E-1,-8.186153725580E-1));
#629=AXIS2_PLACEMENT_3D('',#626,#627,#628);
#631=DIRECTION('',(0.E0,1.E0,0.E0));
#632=VECTOR('',#631,2.468488298386E0);
#633=CARTESIAN_POINT('',(1.664E1,-5.477225575052E0,-5.E-1));
#634=LINE('',#633,#632);
#635=CARTESIAN_POINT('',(1.664E1,0.E0,0.E0));
#636=DIRECTION('',(1.E0,0.E0,0.E0));
#637=DIRECTION('',(0.E0,-9.864712382512E-1,-1.639344262295E-1));
#638=AXIS2_PLACEMENT_3D('',#635,#636,#637);
#640=DIRECTION('',(0.E0,0.E0,1.E0));
#641=VECTOR('',#640,2.468488298386E0);
#642=CARTESIAN_POINT('',(1.664E1,-5.E-1,-5.477225575052E0));
#643=LINE('',#642,#641);
#644=CARTESIAN_POINT('',(1.664E1,1.020831856546E-14,0.E0));
#645=DIRECTION('',(-1.E0,0.E0,0.E0));
#646=DIRECTION('',(0.E0,-9.090909090909E-2,-9.958591954639E-1));
#647=AXIS2_PLACEMENT_3D('',#644,#645,#646);
#649=DIRECTION('',(0.E0,-7.071067811866E-1,-7.071067811865E-1));
#650=VECTOR('',#649,1.047333292313E0);
#651=CARTESIAN_POINT('',(1.664E1,-2.418305191658E0,-3.761808075912E0));
#652=LINE('',#651,#650);
#653=DIRECTION('',(0.E0,7.071067811865E-1,-7.071067811865E-1));
#654=VECTOR('',#653,1.9E0);
#655=CARTESIAN_POINT('',(1.664E1,-3.761808075912E0,-2.418305191658E0));
#656=LINE('',#655,#654);
#657=DIRECTION('',(0.E0,7.071067811865E-1,7.071067811865E-1));
#658=VECTOR('',#657,1.047333292313E0);
#659=CARTESIAN_POINT('',(1.664E1,-4.502384549069E0,-3.158881664815E0));
#660=LINE('',#659,#658);
#661=CARTESIAN_POINT('',(1.664E1,1.020831856546E-14,0.E0));
#662=DIRECTION('',(-1.E0,0.E0,0.E0));
#663=DIRECTION('',(0.E0,-8.186153725580E-1,-5.743421208754E-1));
#664=AXIS2_PLACEMENT_3D('',#661,#662,#663);
#666=DIRECTION('',(0.E0,1.E0,0.E0));
#667=VECTOR('',#666,2.468488298386E0);
#668=CARTESIAN_POINT('',(1.664E1,-5.477225575052E0,5.E-1));
#669=LINE('',#668,#667);
#670=DIRECTION('',(0.E0,-7.071067811865E-1,7.071067811865E-1));
#671=VECTOR('',#670,1.047333292313E0);
#672=CARTESIAN_POINT('',(1.664E1,-3.761808075912E0,2.418305191658E0));
#673=LINE('',#672,#671);
#674=DIRECTION('',(0.E0,-7.071067811865E-1,-7.071067811865E-1));
#675=VECTOR('',#674,1.9E0);
#676=CARTESIAN_POINT('',(1.664E1,-2.418305191658E0,3.761808075912E0));
#677=LINE('',#676,#675);
#678=DIRECTION('',(0.E0,7.071067811865E-1,-7.071067811865E-1));
#679=VECTOR('',#678,1.047333292313E0);
#680=CARTESIAN_POINT('',(1.664E1,-3.158881664815E0,4.502384549069E0));
#681=LINE('',#680,#679);
#682=CARTESIAN_POINT('',(1.664E1,1.020831856546E-14,0.E0));
#683=DIRECTION('',(-1.E0,0.E0,0.E0));
#684=DIRECTION('',(0.E0,-5.743421208754E-1,8.186153725580E-1));
#685=AXIS2_PLACEMENT_3D('',#682,#683,#684);
#687=DIRECTION('',(0.E0,0.E0,-1.E0));
#688=VECTOR('',#687,2.468488298386E0);
#689=CARTESIAN_POINT('',(1.664E1,-5.E-1,5.477225575052E0));
#690=LINE('',#689,#688);
#691=CARTESIAN_POINT('',(1.664E1,0.E0,0.E0));
#692=DIRECTION('',(1.E0,0.E0,0.E0));
#693=DIRECTION('',(0.E0,-1.639344262295E-1,9.864712382512E-1));
#694=AXIS2_PLACEMENT_3D('',#691,#692,#693);
#696=DIRECTION('',(0.E0,1.E0,0.E0));
#697=VECTOR('',#696,2.468488298386E0);
#698=CARTESIAN_POINT('',(1.588E1,3.008737276666E0,5.E-1));
#699=LINE('',#698,#697);
#700=CARTESIAN_POINT('',(1.588E1,0.E0,0.E0));
#701=DIRECTION('',(1.E0,0.E0,0.E0));
#702=DIRECTION('',(0.E0,-9.864712382512E-1,1.639344262295E-1));
#703=AXIS2_PLACEMENT_3D('',#700,#701,#702);
#705=DIRECTION('',(1.E0,0.E0,0.E0));
#706=VECTOR('',#705,7.6E-1);
#707=CARTESIAN_POINT('',(1.588E1,-3.008737276666E0,5.E-1));
#708=LINE('',#707,#706);
#709=DIRECTION('',(1.E0,0.E0,0.E0));
#710=VECTOR('',#709,7.6E-1);
#711=CARTESIAN_POINT('',(1.588E1,-5.E-1,3.008737276666E0));
#712=LINE('',#711,#710);
#713=CARTESIAN_POINT('',(1.588E1,0.E0,0.E0));
#714=DIRECTION('',(1.E0,0.E0,0.E0));
#715=DIRECTION('',(0.E0,1.639344262295E-1,9.864712382512E-1));
#716=AXIS2_PLACEMENT_3D('',#713,#714,#715);
#718=DIRECTION('',(1.E0,0.E0,0.E0));
#719=VECTOR('',#718,7.6E-1);
#720=CARTESIAN_POINT('',(1.588E1,5.E-1,3.008737276666E0));
#721=LINE('',#720,#719);
#722=DIRECTION('',(1.E0,0.E0,0.E0));
#723=VECTOR('',#722,7.6E-1);
#724=CARTESIAN_POINT('',(1.588E1,3.008737276666E0,5.E-1));
#725=LINE('',#724,#723);
#726=CARTESIAN_POINT('',(1.588E1,0.E0,0.E0));
#727=DIRECTION('',(1.E0,0.E0,0.E0));
#728=DIRECTION('',(0.E0,1.E0,0.E0));
#729=AXIS2_PLACEMENT_3D('',#726,#727,#728);
#731=DIRECTION('',(1.E0,0.E0,0.E0));
#732=VECTOR('',#731,1.28E0);
#733=CARTESIAN_POINT('',(1.46E1,3.05E0,0.E0));
#734=LINE('',#733,#732);
#735=CARTESIAN_POINT('',(1.46E1,0.E0,0.E0));
#736=DIRECTION('',(1.E0,0.E0,0.E0));
#737=DIRECTION('',(0.E0,1.E0,0.E0));
#738=AXIS2_PLACEMENT_3D('',#735,#736,#737);
#740=DIRECTION('',(0.E0,0.E0,1.E0));
#741=VECTOR('',#740,2.468488298386E0);
#742=CARTESIAN_POINT('',(1.588E1,-5.E-1,3.008737276666E0));
#743=LINE('',#742,#741);
#744=DIRECTION('',(0.E0,0.E0,1.E0));
#745=VECTOR('',#744,2.468488298386E0);
#746=CARTESIAN_POINT('',(1.588E1,5.E-1,3.008737276666E0));
#747=LINE('',#746,#745);
#748=CARTESIAN_POINT('',(1.588E1,0.E0,0.E0));
#749=DIRECTION('',(1.E0,0.E0,0.E0));
#750=DIRECTION('',(0.E0,-1.E0,0.E0));
#751=AXIS2_PLACEMENT_3D('',#748,#749,#750);
#753=DIRECTION('',(1.E0,0.E0,0.E0));
#754=VECTOR('',#753,1.28E0);
#755=CARTESIAN_POINT('',(1.46E1,-3.05E0,0.E0));
#756=LINE('',#755,#754);
#757=CARTESIAN_POINT('',(1.46E1,0.E0,0.E0));
#758=DIRECTION('',(1.E0,0.E0,0.E0));
#759=DIRECTION('',(0.E0,-1.E0,0.E0));
#760=AXIS2_PLACEMENT_3D('',#757,#758,#759);
#762=CARTESIAN_POINT('',(1.588E1,0.E0,0.E0));
#763=DIRECTION('',(1.E0,0.E0,0.E0));
#764=DIRECTION('',(0.E0,9.864712382512E-1,-1.639344262295E-1));
#765=AXIS2_PLACEMENT_3D('',#762,#763,#764);
#767=DIRECTION('',(1.E0,0.E0,0.E0));
#768=VECTOR('',#767,7.6E-1);
#769=CARTESIAN_POINT('',(1.588E1,3.008737276666E0,-5.E-1));
#770=LINE('',#769,#768);
#771=DIRECTION('',(1.E0,0.E0,0.E0));
#772=VECTOR('',#771,7.6E-1);
#773=CARTESIAN_POINT('',(1.588E1,5.E-1,-3.008737276666E0));
#774=LINE('',#773,#772);
#775=CARTESIAN_POINT('',(1.588E1,0.E0,0.E0));
#776=DIRECTION('',(1.E0,0.E0,0.E0));
#777=DIRECTION('',(0.E0,-1.639344262295E-1,-9.864712382512E-1));
#778=AXIS2_PLACEMENT_3D('',#775,#776,#777);
#780=DIRECTION('',(1.E0,0.E0,0.E0));
#781=VECTOR('',#780,7.6E-1);
#782=CARTESIAN_POINT('',(1.588E1,-5.E-1,-3.008737276666E0));
#783=LINE('',#782,#781);
#784=DIRECTION('',(1.E0,0.E0,0.E0));
#785=VECTOR('',#784,7.6E-1);
#786=CARTESIAN_POINT('',(1.588E1,-3.008737276666E0,-5.E-1));
#787=LINE('',#786,#785);
#788=DIRECTION('',(0.E0,0.E0,-1.E0));
#789=VECTOR('',#788,2.468488298386E0);
#790=CARTESIAN_POINT('',(1.588E1,5.E-1,-3.008737276666E0));
#791=LINE('',#790,#789);
#792=DIRECTION('',(0.E0,0.E0,-1.E0));
#793=VECTOR('',#792,2.468488298386E0);
#794=CARTESIAN_POINT('',(1.588E1,-5.E-1,-3.008737276666E0));
#795=LINE('',#794,#793);
#796=DIRECTION('',(0.E0,-1.E0,0.E0));
#797=VECTOR('',#796,2.468488298386E0);
#798=CARTESIAN_POINT('',(1.588E1,-3.008737276666E0,-5.E-1));
#799=LINE('',#798,#797);
#800=CARTESIAN_POINT('',(2.11E1,-4.121273148103E0,-2.777770263849E0));
#801=CARTESIAN_POINT('',(2.104335892047E1,-4.080469496283E0,-2.736966612029E0));
#802=CARTESIAN_POINT('',(2.093095119929E1,-3.999439251904E0,-2.655936367650E0));
#803=CARTESIAN_POINT('',(2.076496637184E1,-3.879617499093E0,-2.536114614839E0));
#804=CARTESIAN_POINT('',(2.065607352602E1,-3.800887057107E0,-2.457384172852E0));
#805=CARTESIAN_POINT('',(2.060206887246E1,-3.761808075912E0,-2.418305191658E0));
#807=CARTESIAN_POINT('',(2.060206887246E1,2.418305191658E0,3.761808075912E0));
#808=CARTESIAN_POINT('',(2.065604775063E1,2.457365521199E0,3.800868405453E0));
#809=CARTESIAN_POINT('',(2.076490617772E1,2.536071119625E0,3.879574003879E0));
#810=CARTESIAN_POINT('',(2.093089032278E1,2.655892463219E0,3.999395347474E0));
#811=CARTESIAN_POINT('',(2.104333281237E1,2.736947804025E0,4.080450688279E0));
#812=CARTESIAN_POINT('',(2.11E1,2.777770263849E0,4.121273148103E0));
#814=CARTESIAN_POINT('',(2.060206887246E1,2.418305191658E0,-3.761808075912E0));
#815=CARTESIAN_POINT('',(2.056810237026E1,2.531368244191E0,-3.648745023380E0));
#816=CARTESIAN_POINT('',(2.051692766320E1,2.756518623780E0,-3.423594643790E0));
#817=CARTESIAN_POINT('',(2.049153618059E1,3.090056754010E0,-3.090056513560E0));
#818=CARTESIAN_POINT('',(2.051692761443E1,3.423594178606E0,-2.756519088965E0));
#819=CARTESIAN_POINT('',(2.056810231579E1,3.648744842080E0,-2.531368425491E0));
#820=CARTESIAN_POINT('',(2.060206887246E1,3.761808075912E0,-2.418305191658E0));
#822=CARTESIAN_POINT('',(2.11E1,0.E0,1.349034357503E-14));
#823=DIRECTION('',(-1.E0,0.E0,0.E0));
#824=DIRECTION('',(0.E0,8.292300096787E-1,-5.589074977563E-1));
#825=AXIS2_PLACEMENT_3D('',#822,#823,#824);
#827=CARTESIAN_POINT('',(2.11E1,0.E0,1.349034357503E-14));
#828=DIRECTION('',(-1.E0,0.E0,0.E0));
#829=DIRECTION('',(0.E0,-8.292300096787E-1,5.589074977563E-1));
#830=AXIS2_PLACEMENT_3D('',#827,#828,#829);
#832=CARTESIAN_POINT('',(2.060206887246E1,-2.418305191658E0,3.761808075912E0));
#833=CARTESIAN_POINT('',(2.056810237026E1,-2.531368244198E0,3.648745023372E0));
#834=CARTESIAN_POINT('',(2.051692766320E1,-2.756518623841E0,3.423594643729E0));
#835=CARTESIAN_POINT('',(2.049153618058E1,-3.090056753851E0,3.090056513720E0));
#836=CARTESIAN_POINT('',(2.051692761449E1,-3.423594179172E0,2.756519088398E0));
#837=CARTESIAN_POINT('',(2.056810231587E1,-3.648744842317E0,2.531368425254E0));
#838=CARTESIAN_POINT('',(2.060206887246E1,-3.761808075912E0,2.418305191658E0));
#840=DIRECTION('',(0.E0,7.071067811865E-1,-7.071067811865E-1));
#841=VECTOR('',#840,5.389729120210E-1);
#842=CARTESIAN_POINT('',(2.11E1,4.121273148103E0,-2.777770263849E0));
#843=LINE('',#842,#841);
#844=DIRECTION('',(0.E0,-7.071067811865E-1,7.071067811865E-1));
#845=VECTOR('',#844,5.389729120210E-1);
#846=CARTESIAN_POINT('',(2.11E1,3.158881664815E0,-4.502384549069E0));
#847=LINE('',#846,#845);
#848=CARTESIAN_POINT('',(2.11E1,0.E0,1.349034357503E-14));
#849=DIRECTION('',(-1.E0,0.E0,0.E0));
#850=DIRECTION('',(0.E0,-5.589074977563E-1,-8.292300096787E-1));
#851=AXIS2_PLACEMENT_3D('',#848,#849,#850);
#853=DIRECTION('',(0.E0,-7.071067811865E-1,-7.071067811865E-1));
#854=VECTOR('',#853,5.389729120210E-1);
#855=CARTESIAN_POINT('',(2.11E1,-2.777770263849E0,-4.121273148103E0));
#856=LINE('',#855,#854);
#857=DIRECTION('',(0.E0,7.071067811865E-1,7.071067811865E-1));
#858=VECTOR('',#857,5.389729120210E-1);
#859=CARTESIAN_POINT('',(2.11E1,-4.502384549069E0,-3.158881664815E0));
#860=LINE('',#859,#858);
#861=DIRECTION('',(0.E0,-7.071067811865E-1,7.071067811865E-1));
#862=VECTOR('',#861,5.389729120210E-1);
#863=CARTESIAN_POINT('',(2.11E1,-4.121273148103E0,2.777770263849E0));
#864=LINE('',#863,#862);
#865=DIRECTION('',(0.E0,7.071067811865E-1,-7.071067811865E-1));
#866=VECTOR('',#865,5.389729120210E-1);
#867=CARTESIAN_POINT('',(2.11E1,-3.158881664815E0,4.502384549069E0));
#868=LINE('',#867,#866);
#869=CARTESIAN_POINT('',(2.11E1,0.E0,1.349034357503E-14));
#870=DIRECTION('',(-1.E0,0.E0,0.E0));
#871=DIRECTION('',(0.E0,5.589074977563E-1,8.292300096787E-1));
#872=AXIS2_PLACEMENT_3D('',#869,#870,#871);
#874=DIRECTION('',(0.E0,7.071067811865E-1,7.071067811865E-1));
#875=VECTOR('',#874,5.389729120210E-1);
#876=CARTESIAN_POINT('',(2.11E1,2.777770263849E0,4.121273148103E0));
#877=LINE('',#876,#875);
#878=DIRECTION('',(0.E0,-7.071067811865E-1,-7.071067811865E-1));
#879=VECTOR('',#878,5.389729120210E-1);
#880=CARTESIAN_POINT('',(2.11E1,4.502384549069E0,3.158881664815E0));
#881=LINE('',#880,#879);
#882=CARTESIAN_POINT('',(2.11E1,-2.777770263849E0,4.121273148103E0));
#883=CARTESIAN_POINT('',(2.104335892047E1,-2.736966612029E0,4.080469496283E0));
#884=CARTESIAN_POINT('',(2.093095119929E1,-2.655936367650E0,3.999439251904E0));
#885=CARTESIAN_POINT('',(2.076496637184E1,-2.536114614839E0,3.879617499093E0));
#886=CARTESIAN_POINT('',(2.065607352602E1,-2.457384172852E0,3.800887057107E0));
#887=CARTESIAN_POINT('',(2.060206887246E1,-2.418305191658E0,3.761808075912E0));
#889=DIRECTION('',(1.E0,0.E0,0.E0));
#890=VECTOR('',#889,3.962068872457E0);
#891=CARTESIAN_POINT('',(1.664E1,-2.418305191658E0,3.761808075912E0));
#892=LINE('',#891,#890);
#893=CARTESIAN_POINT('',(2.060206887246E1,3.761808075912E0,-2.418305191658E0));
#894=CARTESIAN_POINT('',(2.065604775063E1,3.800868405453E0,-2.457365521199E0));
#895=CARTESIAN_POINT('',(2.076490617772E1,3.879574003879E0,-2.536071119625E0));
#896=CARTESIAN_POINT('',(2.093089032278E1,3.999395347474E0,-2.655892463219E0));
#897=CARTESIAN_POINT('',(2.104333281237E1,4.080450688279E0,-2.736947804025E0));
#898=CARTESIAN_POINT('',(2.11E1,4.121273148103E0,-2.777770263849E0));
#900=DIRECTION('',(1.E0,0.E0,0.E0));
#901=VECTOR('',#900,3.962068872457E0);
#902=CARTESIAN_POINT('',(1.664E1,3.761808075912E0,-2.418305191658E0));
#903=LINE('',#902,#901);
#904=CARTESIAN_POINT('',(2.11E1,2.777770263849E0,-4.121273148103E0));
#905=CARTESIAN_POINT('',(2.104335892047E1,2.736966612029E0,-4.080469496283E0));
#906=CARTESIAN_POINT('',(2.093095119929E1,2.655936367650E0,-3.999439251904E0));
#907=CARTESIAN_POINT('',(2.076496637184E1,2.536114614839E0,-3.879617499093E0));
#908=CARTESIAN_POINT('',(2.065607352602E1,2.457384172852E0,-3.800887057107E0));
#909=CARTESIAN_POINT('',(2.060206887246E1,2.418305191658E0,-3.761808075912E0));
#911=DIRECTION('',(1.E0,0.E0,0.E0));
#912=VECTOR('',#911,3.962068872457E0);
#913=CARTESIAN_POINT('',(1.664E1,2.418305191658E0,-3.761808075912E0));
#914=LINE('',#913,#912);
#915=CARTESIAN_POINT('',(2.060206887246E1,-3.761808075912E0,2.418305191658E0));
#916=CARTESIAN_POINT('',(2.065604775063E1,-3.800868405453E0,2.457365521199E0));
#917=CARTESIAN_POINT('',(2.076490617772E1,-3.879574003879E0,2.536071119625E0));
#918=CARTESIAN_POINT('',(2.093089032278E1,-3.999395347474E0,2.655892463219E0));
#919=CARTESIAN_POINT('',(2.104333281237E1,-4.080450688279E0,2.736947804025E0));
#920=CARTESIAN_POINT('',(2.11E1,-4.121273148103E0,2.777770263849E0));
#922=DIRECTION('',(1.E0,0.E0,0.E0));
#923=VECTOR('',#922,3.962068872457E0);
#924=CARTESIAN_POINT('',(1.664E1,-3.761808075912E0,2.418305191658E0));
#925=LINE('',#924,#923);
#926=CARTESIAN_POINT('',(2.060206887246E1,-2.418305191658E0,-3.761808075912E0));
#927=CARTESIAN_POINT('',(2.065604775063E1,-2.457365521199E0,-3.800868405453E0));
#928=CARTESIAN_POINT('',(2.076490617772E1,-2.536071119625E0,-3.879574003879E0));
#929=CARTESIAN_POINT('',(2.093089032278E1,-2.655892463219E0,-3.999395347474E0));
#930=CARTESIAN_POINT('',(2.104333281237E1,-2.736947804025E0,-4.080450688279E0));
#931=CARTESIAN_POINT('',(2.11E1,-2.777770263849E0,-4.121273148103E0));
#933=CARTESIAN_POINT('',(2.11E1,4.121273148103E0,2.777770263849E0));
#934=CARTESIAN_POINT('',(2.104335892047E1,4.080469496283E0,2.736966612029E0));
#935=CARTESIAN_POINT('',(2.093095119929E1,3.999439251904E0,2.655936367650E0));
#936=CARTESIAN_POINT('',(2.076496637184E1,3.879617499093E0,2.536114614839E0));
#937=CARTESIAN_POINT('',(2.065607352602E1,3.800887057107E0,2.457384172852E0));
#938=CARTESIAN_POINT('',(2.060206887246E1,3.761808075912E0,2.418305191658E0));
#940=CARTESIAN_POINT('',(2.060206887246E1,-2.418305191658E0,-3.761808075912E0));
#941=CARTESIAN_POINT('',(2.056810357887E1,-2.531364221146E0,-3.648749046425E0));
#942=CARTESIAN_POINT('',(2.051692893982E1,-2.756509818294E0,-3.423603449277E0));
#943=CARTESIAN_POINT('',(2.049153552722E1,-3.090056603443E0,-3.090056664127E0));
#944=CARTESIAN_POINT('',(2.051692895131E1,-3.423603560212E0,-2.756509707358E0));
#945=CARTESIAN_POINT('',(2.056810359185E1,-3.648749089651E0,-2.531364177920E0));
#946=CARTESIAN_POINT('',(2.060206887246E1,-3.761808075912E0,-2.418305191658E0));
#948=DIRECTION('',(1.E0,0.E0,0.E0));
#949=VECTOR('',#948,3.962068872457E0);
#950=CARTESIAN_POINT('',(1.664E1,-3.761808075912E0,-2.418305191658E0));
#951=LINE('',#950,#949);
#952=DIRECTION('',(1.E0,0.E0,0.E0));
#953=VECTOR('',#952,3.962068872457E0);
#954=CARTESIAN_POINT('',(1.664E1,-2.418305191658E0,-3.761808075912E0));
#955=LINE('',#954,#953);
#956=CARTESIAN_POINT('',(2.060206887246E1,2.418305191658E0,3.761808075912E0));
#957=CARTESIAN_POINT('',(2.056810357885E1,2.531364221217E0,3.648749046353E0));
#958=CARTESIAN_POINT('',(2.051692893977E1,2.756509818445E0,3.423603449126E0));
#959=CARTESIAN_POINT('',(2.049153552723E1,3.090056604181E0,3.090056663389E0));
#960=CARTESIAN_POINT('',(2.051692895131E1,3.423603560033E0,2.756509707537E0));
#961=CARTESIAN_POINT('',(2.056810359183E1,3.648749089572E0,2.531364177998E0));
#962=CARTESIAN_POINT('',(2.060206887246E1,3.761808075912E0,2.418305191658E0));
#964=DIRECTION('',(1.E0,0.E0,0.E0));
#965=VECTOR('',#964,3.962068872457E0);
#966=CARTESIAN_POINT('',(1.664E1,3.761808075912E0,2.418305191658E0));
#967=LINE('',#966,#965);
#968=DIRECTION('',(1.E0,0.E0,0.E0));
#969=VECTOR('',#968,3.962068872457E0);
#970=CARTESIAN_POINT('',(1.664E1,2.418305191658E0,3.761808075912E0));
#971=LINE('',#970,#969);
#972=CARTESIAN_POINT('',(3.25E0,-5.5E0,0.E0));
#973=CARTESIAN_POINT('',(3.25E0,-5.5E0,6.929547997322E-2));
#974=CARTESIAN_POINT('',(3.264635888725E0,-5.497338790102E0,2.077800018978E-1));
#975=CARTESIAN_POINT('',(3.328985765507E0,-5.486124933298E0,4.057407336090E-1));
#976=CARTESIAN_POINT('',(3.433511595261E0,-5.469510482828E0,5.865089324532E-1));
#977=CARTESIAN_POINT('',(3.571968281384E0,-5.450531380043E0,7.404404703402E-1));
#978=CARTESIAN_POINT('',(3.741261928123E0,-5.432121268594E0,8.635610416240E-1));
#979=CARTESIAN_POINT('',(3.930429716475E0,-5.417800552842E0,9.480306960482E-1));
#980=CARTESIAN_POINT('',(4.136216681637E0,-5.409826996940E0,9.918860999459E-1));
#981=CARTESIAN_POINT('',(4.343798806529E0,-5.409827297403E0,9.918843658040E-1));
#982=CARTESIAN_POINT('',(4.549593021704E0,-5.417801567453E0,9.480253682797E-1));
#983=CARTESIAN_POINT('',(4.738787375733E0,-5.432125727883E0,8.635333200981E-1));
#984=CARTESIAN_POINT('',(4.908067508608E0,-5.450535850925E0,7.404088527068E-1));
#985=CARTESIAN_POINT('',(5.046526653837E0,-5.469516199569E0,5.864551213316E-1));
#986=CARTESIAN_POINT('',(5.151023378952E0,-5.486126578706E0,4.057152431480E-1));
#987=CARTESIAN_POINT('',(5.215368339096E0,-5.497339525138E0,2.077583159788E-1));
#988=CARTESIAN_POINT('',(5.23E0,-5.5E0,6.928810062300E-2));
#989=CARTESIAN_POINT('',(5.23E0,-5.5E0,0.E0));
#991=CARTESIAN_POINT('',(5.E-1,0.E0,0.E0));
#992=DIRECTION('',(1.E0,0.E0,0.E0));
#993=DIRECTION('',(0.E0,1.E0,0.E0));
#994=AXIS2_PLACEMENT_3D('',#991,#992,#993);
#996=DIRECTION('',(-8.580168844517E-1,5.136214812445E-1,0.E0));
#997=VECTOR('',#996,5.827391151161E-1);
#998=CARTESIAN_POINT('',(5.E-1,4.2E0,0.E0));
#999=LINE('',#998,#997);
#1000=CARTESIAN_POINT('',(5.E-1,0.E0,0.E0));
#1001=DIRECTION('',(-1.E0,0.E0,0.E0));
#1002=DIRECTION('',(0.E0,1.E0,0.E0));
#1003=AXIS2_PLACEMENT_3D('',#1000,#1001,#1002);
#1005=DIRECTION('',(-8.580168844517E-1,-5.136214812445E-1,0.E0));
#1006=VECTOR('',#1005,5.827391151161E-1);
#1007=CARTESIAN_POINT('',(5.E-1,-4.2E0,0.E0));
#1008=LINE('',#1007,#1006);
#1009=CARTESIAN_POINT('',(8.41E0,0.E0,0.E0));
#1010=DIRECTION('',(1.E0,0.E0,0.E0));
#1011=DIRECTION('',(0.E0,-1.E0,0.E0));
#1012=AXIS2_PLACEMENT_3D('',#1009,#1010,#1011);
#1014=DIRECTION('',(-9.998751594334E-1,-1.580080846134E-2,0.E0));
#1015=VECTOR('',#1014,7.910987612176E0);
#1016=CARTESIAN_POINT('',(8.41E0,-4.075E0,0.E0));
#1017=LINE('',#1016,#1015);
#1018=DIRECTION('',(-9.998751594334E-1,1.580080846134E-2,0.E0));
#1019=VECTOR('',#1018,7.910987612176E0);
#1020=CARTESIAN_POINT('',(8.41E0,4.075E0,0.E0));
#1021=LINE('',#1020,#1019);
#1022=DIRECTION('',(-7.071067811865E-1,-7.071067811865E-1,0.E0));
#1023=VECTOR('',#1022,2.121320343560E-1);
#1024=CARTESIAN_POINT('',(8.56E0,-3.925E0,0.E0));
#1025=LINE('',#1024,#1023);
#1026=DIRECTION('',(-7.071067811865E-1,7.071067811865E-1,0.E0));
#1027=VECTOR('',#1026,2.121320343560E-1);
#1028=CARTESIAN_POINT('',(8.56E0,3.925E0,0.E0));
#1029=LINE('',#1028,#1027);
#1030=CARTESIAN_POINT('',(8.56E0,0.E0,0.E0));
#1031=DIRECTION('',(1.E0,0.E0,0.E0));
#1032=DIRECTION('',(0.E0,-1.E0,0.E0));
#1033=AXIS2_PLACEMENT_3D('',#1030,#1031,#1032);
#1035=DIRECTION('',(-1.E0,0.E0,0.E0));
#1036=VECTOR('',#1035,7.4E-1);
#1037=CARTESIAN_POINT('',(9.3E0,3.925E0,0.E0));
#1038=LINE('',#1037,#1036);
#1039=CARTESIAN_POINT('',(9.3E0,0.E0,0.E0));
#1040=DIRECTION('',(-1.E0,0.E0,0.E0));
#1041=DIRECTION('',(0.E0,1.E0,0.E0));
#1042=AXIS2_PLACEMENT_3D('',#1039,#1040,#1041);
#1044=DIRECTION('',(-1.E0,0.E0,0.E0));
#1045=VECTOR('',#1044,7.4E-1);
#1046=CARTESIAN_POINT('',(9.3E0,-3.925E0,0.E0));
#1047=LINE('',#1046,#1045);
#1048=CARTESIAN_POINT('',(8.56E0,0.E0,0.E0));
#1049=DIRECTION('',(1.E0,0.E0,0.E0));
#1050=DIRECTION('',(0.E0,1.E0,0.E0));
#1051=AXIS2_PLACEMENT_3D('',#1048,#1049,#1050);
#1053=CARTESIAN_POINT('',(9.3E0,0.E0,0.E0));
#1054=DIRECTION('',(1.E0,0.E0,0.E0));
#1055=DIRECTION('',(0.E0,1.E0,0.E0));
#1056=AXIS2_PLACEMENT_3D('',#1053,#1054,#1055);
#1058=CARTESIAN_POINT('',(8.41E0,0.E0,0.E0));
#1059=DIRECTION('',(1.E0,0.E0,0.E0));
#1060=DIRECTION('',(0.E0,1.E0,0.E0));
#1061=AXIS2_PLACEMENT_3D('',#1058,#1059,#1060);
#1063=CARTESIAN_POINT('',(9.3E0,0.E0,0.E0));
#1064=DIRECTION('',(-1.E0,0.E0,0.E0));
#1065=DIRECTION('',(0.E0,-1.E0,0.E0));
#1066=AXIS2_PLACEMENT_3D('',#1063,#1064,#1065);
#1068=CARTESIAN_POINT('',(9.3E0,0.E0,0.E0));
#1069=DIRECTION('',(-1.E0,0.E0,0.E0));
#1070=DIRECTION('',(0.E0,1.E0,0.E0));
#1071=AXIS2_PLACEMENT_3D('',#1068,#1069,#1070);
#1073=CARTESIAN_POINT('',(1.124595208624E-14,4.8E0,0.E0));
#1074=CARTESIAN_POINT('',(1.007032998657E-14,-4.8E0,0.E0));
#1075=VERTEX_POINT('',#1073);
#1076=VERTEX_POINT('',#1074);
#1077=CARTESIAN_POINT('',(1.27E1,5.5E0,0.E0));
#1078=CARTESIAN_POINT('',(1.27E1,-5.5E0,0.E0));
#1079=VERTEX_POINT('',#1077);
#1080=VERTEX_POINT('',#1078);
#1081=CARTESIAN_POINT('',(1.27E1,4.8E0,0.E0));
#1082=CARTESIAN_POINT('',(1.27E1,-4.8E0,0.E0));
#1083=VERTEX_POINT('',#1081);
#1084=VERTEX_POINT('',#1082);
#1085=CARTESIAN_POINT('',(5.23E0,4.55E0,0.E0));
#1086=CARTESIAN_POINT('',(3.25E0,4.55E0,0.E0));
#1087=VERTEX_POINT('',#1085);
#1088=VERTEX_POINT('',#1086);
#1089=VERTEX_POINT('',#39);
#1090=VERTEX_POINT('',#30);
#1091=VERTEX_POINT('',#92);
#1092=VERTEX_POINT('',#83);
#1093=VERTEX_POINT('',#376);
#1094=VERTEX_POINT('',#361);
#1095=CARTESIAN_POINT('',(5.23E0,-4.55E0,0.E0));
#1096=CARTESIAN_POINT('',(3.25E0,-4.55E0,0.E0));
#1097=VERTEX_POINT('',#1095);
#1098=VERTEX_POINT('',#1096);
#1099=CARTESIAN_POINT('',(6.218004044485E0,-4.55E0,-1.528888485142E0));
#1100=CARTESIAN_POINT('',(6.218004044485E0,-4.55E0,1.528888485142E0));
#1101=VERTEX_POINT('',#1099);
#1102=VERTEX_POINT('',#1100);
#1103=CARTESIAN_POINT('',(2.261995955515E0,-4.55E0,1.528888485142E0));
#1104=CARTESIAN_POINT('',(2.261995955515E0,-4.55E0,-1.528888485142E0));
#1105=VERTEX_POINT('',#1103);
#1106=VERTEX_POINT('',#1104);
#1107=VERTEX_POINT('',#41);
#1108=VERTEX_POINT('',#76);
#1109=CARTESIAN_POINT('',(9.3E0,3.925E0,0.E0));
#1110=CARTESIAN_POINT('',(9.3E0,-3.925E0,0.E0));
#1111=VERTEX_POINT('',#1109);
#1112=VERTEX_POINT('',#1110);
#1113=CARTESIAN_POINT('',(9.3E0,3.55E0,0.E0));
#1114=CARTESIAN_POINT('',(9.3E0,-3.55E0,0.E0));
#1115=VERTEX_POINT('',#1113);
#1116=VERTEX_POINT('',#1114);
#1117=CARTESIAN_POINT('',(5.E-1,4.2E0,0.E0));
#1118=CARTESIAN_POINT('',(5.E-1,-4.2E0,0.E0));
#1119=VERTEX_POINT('',#1117);
#1120=VERTEX_POINT('',#1118);
#1121=CARTESIAN_POINT('',(0.E0,4.499307327485E0,0.E0));
#1122=CARTESIAN_POINT('',(0.E0,-4.499307327485E0,0.E0));
#1123=VERTEX_POINT('',#1121);
#1124=VERTEX_POINT('',#1122);
#1125=VERTEX_POINT('',#207);
#1126=VERTEX_POINT('',#224);
#1127=VERTEX_POINT('',#972);
#1128=VERTEX_POINT('',#989);
#1129=CARTESIAN_POINT('',(1.46E1,3.05E0,0.E0));
#1130=CARTESIAN_POINT('',(1.46E1,-3.05E0,0.E0));
#1131=VERTEX_POINT('',#1129);
#1132=VERTEX_POINT('',#1130);
#1133=CARTESIAN_POINT('',(8.56E0,3.925E0,0.E0));
#1134=CARTESIAN_POINT('',(8.56E0,-3.925E0,0.E0));
#1135=VERTEX_POINT('',#1133);
#1136=VERTEX_POINT('',#1134);
#1137=CARTESIAN_POINT('',(8.41E0,4.075E0,0.E0));
#1138=CARTESIAN_POINT('',(8.41E0,-4.075E0,0.E0));
#1139=VERTEX_POINT('',#1137);
#1140=VERTEX_POINT('',#1138);
#1141=CARTESIAN_POINT('',(2.603693182805E0,4.55E0,-1.528888485142E0));
#1142=CARTESIAN_POINT('',(2.603693182805E0,-4.55E0,-1.528888485142E0));
#1143=VERTEX_POINT('',#1141);
#1144=VERTEX_POINT('',#1142);
#1145=CARTESIAN_POINT('',(5.876306817195E0,4.55E0,-1.528888485142E0));
#1146=CARTESIAN_POINT('',(5.876306817195E0,-4.55E0,-1.528888485142E0));
#1147=VERTEX_POINT('',#1145);
#1148=VERTEX_POINT('',#1146);
#1149=VERTEX_POINT('',#294);
#1150=VERTEX_POINT('',#149);
#1151=CARTESIAN_POINT('',(2.603693182805E0,-4.55E0,1.528888485142E0));
#1152=CARTESIAN_POINT('',(2.603693182805E0,4.55E0,1.528888485142E0));
#1153=VERTEX_POINT('',#1151);
#1154=VERTEX_POINT('',#1152);
#1155=CARTESIAN_POINT('',(5.876306817195E0,-4.55E0,1.528888485142E0));
#1156=CARTESIAN_POINT('',(5.876306817195E0,4.55E0,1.528888485142E0));
#1157=VERTEX_POINT('',#1155);
#1158=VERTEX_POINT('',#1156);
#1159=VERTEX_POINT('',#269);
#1160=VERTEX_POINT('',#118);
#1161=CARTESIAN_POINT('',(3.805969397427E0,4.55E0,-1.008710715025E0));
#1162=VERTEX_POINT('',#1161);
#1163=CARTESIAN_POINT('',(3.805969397427E0,-4.55E0,-1.008710715025E0));
#1164=VERTEX_POINT('',#1163);
#1165=CARTESIAN_POINT('',(4.674030602573E0,4.55E0,1.008710715025E0));
#1166=VERTEX_POINT('',#1165);
#1167=CARTESIAN_POINT('',(4.674030602573E0,-4.55E0,1.008710715025E0));
#1168=VERTEX_POINT('',#1167);
#1169=CARTESIAN_POINT('',(2.11E1,4.502384549069E0,-3.158881664815E0));
#1170=CARTESIAN_POINT('',(1.664E1,4.502384549069E0,-3.158881664815E0));
#1171=VERTEX_POINT('',#1169);
#1172=VERTEX_POINT('',#1170);
#1173=CARTESIAN_POINT('',(2.11E1,3.158881664815E0,-4.502384549069E0));
#1174=CARTESIAN_POINT('',(1.664E1,3.158881664815E0,-4.502384549069E0));
#1175=VERTEX_POINT('',#1173);
#1176=VERTEX_POINT('',#1174);
#1177=CARTESIAN_POINT('',(2.11E1,-3.158881664815E0,4.502384549069E0));
#1178=CARTESIAN_POINT('',(1.664E1,-3.158881664815E0,4.502384549069E0));
#1179=VERTEX_POINT('',#1177);
#1180=VERTEX_POINT('',#1178);
#1181=CARTESIAN_POINT('',(2.11E1,-4.502384549069E0,3.158881664815E0));
#1182=CARTESIAN_POINT('',(1.664E1,-4.502384549069E0,3.158881664815E0));
#1183=VERTEX_POINT('',#1181);
#1184=VERTEX_POINT('',#1182);
#1185=CARTESIAN_POINT('',(2.11E1,-3.158881664815E0,-4.502384549069E0));
#1186=CARTESIAN_POINT('',(1.664E1,-3.158881664815E0,-4.502384549069E0));
#1187=VERTEX_POINT('',#1185);
#1188=VERTEX_POINT('',#1186);
#1189=CARTESIAN_POINT('',(2.11E1,-4.502384549069E0,-3.158881664815E0));
#1190=CARTESIAN_POINT('',(1.664E1,-4.502384549069E0,-3.158881664815E0));
#1191=VERTEX_POINT('',#1189);
#1192=VERTEX_POINT('',#1190);
#1193=CARTESIAN_POINT('',(2.11E1,4.502384549069E0,3.158881664815E0));
#1194=CARTESIAN_POINT('',(1.664E1,4.502384549069E0,3.158881664815E0));
#1195=VERTEX_POINT('',#1193);
#1196=VERTEX_POINT('',#1194);
#1197=CARTESIAN_POINT('',(2.11E1,3.158881664815E0,4.502384549069E0));
#1198=CARTESIAN_POINT('',(1.664E1,3.158881664815E0,4.502384549069E0));
#1199=VERTEX_POINT('',#1197);
#1200=VERTEX_POINT('',#1198);
#1201=CARTESIAN_POINT('',(1.664E1,3.761808075912E0,2.418305191658E0));
#1202=CARTESIAN_POINT('',(1.664E1,2.418305191658E0,3.761808075912E0));
#1203=VERTEX_POINT('',#1201);
#1204=VERTEX_POINT('',#1202);
#1205=CARTESIAN_POINT('',(1.664E1,-2.418305191658E0,3.761808075912E0));
#1206=VERTEX_POINT('',#1205);
#1207=CARTESIAN_POINT('',(1.664E1,3.761808075912E0,-2.418305191658E0));
#1208=VERTEX_POINT('',#1207);
#1209=CARTESIAN_POINT('',(1.664E1,2.418305191658E0,-3.761808075912E0));
#1210=VERTEX_POINT('',#1209);
#1211=CARTESIAN_POINT('',(1.664E1,-3.761808075912E0,2.418305191658E0));
#1212=VERTEX_POINT('',#1211);
#1213=CARTESIAN_POINT('',(1.664E1,-3.761808075912E0,-2.418305191658E0));
#1214=CARTESIAN_POINT('',(1.664E1,-2.418305191658E0,-3.761808075912E0));
#1215=VERTEX_POINT('',#1213);
#1216=VERTEX_POINT('',#1214);
#1217=CARTESIAN_POINT('',(2.11E1,-2.777770263849E0,-4.121273148103E0));
#1218=CARTESIAN_POINT('',(2.11E1,-4.121273148103E0,-2.777770263849E0));
#1219=VERTEX_POINT('',#1217);
#1220=VERTEX_POINT('',#1218);
#1221=CARTESIAN_POINT('',(2.11E1,2.777770263849E0,4.121273148103E0));
#1222=CARTESIAN_POINT('',(2.11E1,4.121273148103E0,2.777770263849E0));
#1223=VERTEX_POINT('',#1221);
#1224=VERTEX_POINT('',#1222);
#1225=VERTEX_POINT('',#956);
#1226=VERTEX_POINT('',#962);
#1227=VERTEX_POINT('',#882);
#1228=VERTEX_POINT('',#887);
#1229=VERTEX_POINT('',#893);
#1230=VERTEX_POINT('',#898);
#1231=VERTEX_POINT('',#904);
#1232=VERTEX_POINT('',#909);
#1233=VERTEX_POINT('',#915);
#1234=VERTEX_POINT('',#920);
#1235=VERTEX_POINT('',#940);
#1236=VERTEX_POINT('',#946);
#1237=CARTESIAN_POINT('',(1.588E1,-5.E-1,5.477225575052E0));
#1238=CARTESIAN_POINT('',(1.588E1,5.E-1,5.477225575052E0));
#1239=VERTEX_POINT('',#1237);
#1240=VERTEX_POINT('',#1238);
#1241=CARTESIAN_POINT('',(1.664E1,-5.E-1,5.477225575052E0));
#1242=VERTEX_POINT('',#1241);
#1243=CARTESIAN_POINT('',(1.664E1,5.E-1,5.477225575052E0));
#1244=VERTEX_POINT('',#1243);
#1245=CARTESIAN_POINT('',(1.588E1,5.E-1,3.008737276666E0));
#1246=CARTESIAN_POINT('',(1.588E1,-5.E-1,3.008737276666E0));
#1247=VERTEX_POINT('',#1245);
#1248=VERTEX_POINT('',#1246);
#1249=CARTESIAN_POINT('',(1.664E1,-5.E-1,3.008737276666E0));
#1250=VERTEX_POINT('',#1249);
#1251=CARTESIAN_POINT('',(1.664E1,5.E-1,3.008737276666E0));
#1252=VERTEX_POINT('',#1251);
#1253=CARTESIAN_POINT('',(1.588E1,5.5E0,0.E0));
#1254=CARTESIAN_POINT('',(1.588E1,5.477225575052E0,-5.E-1));
#1255=VERTEX_POINT('',#1253);
#1256=VERTEX_POINT('',#1254);
#1257=CARTESIAN_POINT('',(1.664E1,5.477225575052E0,-5.E-1));
#1258=VERTEX_POINT('',#1257);
#1259=CARTESIAN_POINT('',(1.588E1,5.477225575052E0,5.E-1));
#1260=VERTEX_POINT('',#1259);
#1261=CARTESIAN_POINT('',(1.664E1,5.477225575052E0,5.E-1));
#1262=VERTEX_POINT('',#1261);
#1263=CARTESIAN_POINT('',(1.588E1,3.05E0,0.E0));
#1264=CARTESIAN_POINT('',(1.588E1,3.008737276666E0,5.E-1));
#1265=VERTEX_POINT('',#1263);
#1266=VERTEX_POINT('',#1264);
#1267=CARTESIAN_POINT('',(1.664E1,3.008737276666E0,5.E-1));
#1268=VERTEX_POINT('',#1267);
#1269=CARTESIAN_POINT('',(1.588E1,3.008737276666E0,-5.E-1));
#1270=VERTEX_POINT('',#1269);
#1271=CARTESIAN_POINT('',(1.664E1,3.008737276666E0,-5.E-1));
#1272=VERTEX_POINT('',#1271);
#1273=CARTESIAN_POINT('',(1.588E1,5.E-1,-5.477225575052E0));
#1274=CARTESIAN_POINT('',(1.588E1,-5.E-1,-5.477225575052E0));
#1275=VERTEX_POINT('',#1273);
#1276=VERTEX_POINT('',#1274);
#1277=CARTESIAN_POINT('',(1.664E1,5.E-1,-5.477225575052E0));
#1278=VERTEX_POINT('',#1277);
#1279=CARTESIAN_POINT('',(1.664E1,-5.E-1,-5.477225575052E0));
#1280=VERTEX_POINT('',#1279);
#1281=CARTESIAN_POINT('',(1.588E1,-5.E-1,-3.008737276666E0));
#1282=CARTESIAN_POINT('',(1.588E1,5.E-1,-3.008737276666E0));
#1283=VERTEX_POINT('',#1281);
#1284=VERTEX_POINT('',#1282);
#1285=CARTESIAN_POINT('',(1.664E1,5.E-1,-3.008737276666E0));
#1286=VERTEX_POINT('',#1285);
#1287=CARTESIAN_POINT('',(1.664E1,-5.E-1,-3.008737276666E0));
#1288=VERTEX_POINT('',#1287);
#1289=CARTESIAN_POINT('',(1.588E1,-5.477225575052E0,-5.E-1));
#1290=CARTESIAN_POINT('',(1.588E1,-5.5E0,0.E0));
#1291=VERTEX_POINT('',#1289);
#1292=VERTEX_POINT('',#1290);
#1293=CARTESIAN_POINT('',(1.664E1,-5.477225575052E0,-5.E-1));
#1294=VERTEX_POINT('',#1293);
#1295=CARTESIAN_POINT('',(1.588E1,-5.477225575052E0,5.E-1));
#1296=VERTEX_POINT('',#1295);
#1297=CARTESIAN_POINT('',(1.664E1,-5.477225575052E0,5.E-1));
#1298=VERTEX_POINT('',#1297);
#1299=CARTESIAN_POINT('',(1.588E1,-3.008737276666E0,5.E-1));
#1300=CARTESIAN_POINT('',(1.588E1,-3.05E0,0.E0));
#1301=VERTEX_POINT('',#1299);
#1302=VERTEX_POINT('',#1300);
#1303=CARTESIAN_POINT('',(1.664E1,-3.008737276666E0,5.E-1));
#1304=VERTEX_POINT('',#1303);
#1305=CARTESIAN_POINT('',(1.588E1,-3.008737276666E0,-5.E-1));
#1306=VERTEX_POINT('',#1305);
#1307=CARTESIAN_POINT('',(1.664E1,-3.008737276666E0,-5.E-1));
#1308=VERTEX_POINT('',#1307);
#1309=CARTESIAN_POINT('',(0.E0,1.224606353822E-14,0.E0));
#1310=DIRECTION('',(-1.E0,0.E0,0.E0));
#1311=DIRECTION('',(0.E0,1.E0,0.E0));
#1312=AXIS2_PLACEMENT_3D('',#1309,#1310,#1311);
#1313=PLANE('',#1312);
#1315=ORIENTED_EDGE('',*,*,#1314,.F.);
#1317=ORIENTED_EDGE('',*,*,#1316,.T.);
#1318=EDGE_LOOP('',(#1315,#1317));
#1319=FACE_OUTER_BOUND('',#1318,.F.);
#1321=ORIENTED_EDGE('',*,*,#1320,.F.);
#1323=ORIENTED_EDGE('',*,*,#1322,.F.);
#1324=EDGE_LOOP('',(#1321,#1323));
#1325=FACE_BOUND('',#1324,.F.);
#1327=CARTESIAN_POINT('',(2.2155E1,0.E0,0.E0));
#1328=DIRECTION('',(-1.E0,0.E0,0.E0));
#1329=DIRECTION('',(0.E0,1.E0,0.E0));
#1330=AXIS2_PLACEMENT_3D('',#1327,#1328,#1329);
#1331=CYLINDRICAL_SURFACE('',#1330,4.8E0);
#1333=ORIENTED_EDGE('',*,*,#1332,.F.);
#1335=ORIENTED_EDGE('',*,*,#1334,.T.);
#1337=ORIENTED_EDGE('',*,*,#1336,.T.);
#1339=ORIENTED_EDGE('',*,*,#1338,.T.);
#1340=ORIENTED_EDGE('',*,*,#1314,.T.);
#1342=ORIENTED_EDGE('',*,*,#1341,.F.);
#1344=ORIENTED_EDGE('',*,*,#1343,.T.);
#1346=ORIENTED_EDGE('',*,*,#1345,.F.);
#1347=EDGE_LOOP('',(#1333,#1335,#1337,#1339,#1340,#1342,#1344,#1346));
#1348=FACE_OUTER_BOUND('',#1347,.F.);
#1350=CARTESIAN_POINT('',(2.2155E1,0.E0,0.E0));
#1351=DIRECTION('',(-1.E0,0.E0,0.E0));
#1352=DIRECTION('',(0.E0,1.E0,0.E0));
#1353=AXIS2_PLACEMENT_3D('',#1350,#1351,#1352);
#1354=CYLINDRICAL_SURFACE('',#1353,4.8E0);
#1356=ORIENTED_EDGE('',*,*,#1355,.T.);
#1358=ORIENTED_EDGE('',*,*,#1357,.F.);
#1360=ORIENTED_EDGE('',*,*,#1359,.T.);
#1362=ORIENTED_EDGE('',*,*,#1361,.F.);
#1364=ORIENTED_EDGE('',*,*,#1363,.F.);
#1366=ORIENTED_EDGE('',*,*,#1365,.T.);
#1368=ORIENTED_EDGE('',*,*,#1367,.T.);
#1370=ORIENTED_EDGE('',*,*,#1369,.T.);
#1371=EDGE_LOOP('',(#1356,#1358,#1360,#1362,#1364,#1366,#1368,#1370));
#1372=FACE_OUTER_BOUND('',#1371,.F.);
#1374=CARTESIAN_POINT('',(4.24E0,0.E0,0.E0));
#1375=DIRECTION('',(1.E0,0.E0,0.E0));
#1376=DIRECTION('',(0.E0,-9.762960071199E-1,2.164396139381E-1));
#1377=AXIS2_PLACEMENT_3D('',#1374,#1375,#1376);
#1378=TOROIDAL_SURFACE('',#1377,1.365E1,9.E0);
#1379=ORIENTED_EDGE('',*,*,#1332,.T.);
#1381=ORIENTED_EDGE('',*,*,#1380,.T.);
#1383=ORIENTED_EDGE('',*,*,#1382,.T.);
#1385=ORIENTED_EDGE('',*,*,#1384,.T.);
#1386=ORIENTED_EDGE('',*,*,#1355,.F.);
#1388=ORIENTED_EDGE('',*,*,#1387,.T.);
#1390=ORIENTED_EDGE('',*,*,#1389,.T.);
#1392=ORIENTED_EDGE('',*,*,#1391,.T.);
#1393=EDGE_LOOP('',(#1379,#1381,#1383,#1385,#1386,#1388,#1390,#1392));
#1394=FACE_OUTER_BOUND('',#1393,.F.);
#1396=CARTESIAN_POINT('',(4.24E0,-4.55E0,0.E0));
#1397=DIRECTION('',(0.E0,-1.E0,0.E0));
#1398=DIRECTION('',(-1.E0,0.E0,0.E0));
#1399=AXIS2_PLACEMENT_3D('',#1396,#1397,#1398);
#1400=PLANE('',#1399);
#1402=ORIENTED_EDGE('',*,*,#1401,.F.);
#1404=ORIENTED_EDGE('',*,*,#1403,.T.);
#1406=ORIENTED_EDGE('',*,*,#1405,.F.);
#1408=ORIENTED_EDGE('',*,*,#1407,.F.);
#1410=ORIENTED_EDGE('',*,*,#1409,.T.);
#1411=ORIENTED_EDGE('',*,*,#1357,.T.);
#1412=ORIENTED_EDGE('',*,*,#1384,.F.);
#1414=ORIENTED_EDGE('',*,*,#1413,.T.);
#1415=ORIENTED_EDGE('',*,*,#1380,.F.);
#1416=ORIENTED_EDGE('',*,*,#1345,.T.);
#1418=ORIENTED_EDGE('',*,*,#1417,.T.);
#1420=ORIENTED_EDGE('',*,*,#1419,.F.);
#1421=EDGE_LOOP('',(#1402,#1404,#1406,#1408,#1410,#1411,#1412,#1414,#1415,#1416,
#1418,#1420));
#1422=FACE_OUTER_BOUND('',#1421,.F.);
#1424=ORIENTED_EDGE('',*,*,#1423,.F.);
#1426=ORIENTED_EDGE('',*,*,#1425,.T.);
#1427=EDGE_LOOP('',(#1424,#1426));
#1428=FACE_BOUND('',#1427,.F.);
#1430=CARTESIAN_POINT('',(4.24E0,6.05E0,0.E0));
#1431=DIRECTION('',(0.E0,-1.E0,0.E0));
#1432=DIRECTION('',(-1.E0,0.E0,0.E0));
#1433=AXIS2_PLACEMENT_3D('',#1430,#1431,#1432);
#1434=CYLINDRICAL_SURFACE('',#1433,9.9E-1);
#1436=ORIENTED_EDGE('',*,*,#1435,.F.);
#1438=ORIENTED_EDGE('',*,*,#1437,.T.);
#1439=ORIENTED_EDGE('',*,*,#1423,.T.);
#1441=ORIENTED_EDGE('',*,*,#1440,.T.);
#1442=EDGE_LOOP('',(#1436,#1438,#1439,#1441));
#1443=FACE_OUTER_BOUND('',#1442,.F.);
#1445=CARTESIAN_POINT('',(6.74E0,0.E0,0.E0));
#1446=DIRECTION('',(1.E0,0.E0,0.E0));
#1447=DIRECTION('',(0.E0,1.E0,0.E0));
#1448=AXIS2_PLACEMENT_3D('',#1445,#1446,#1447);
#1449=CYLINDRICAL_SURFACE('',#1448,5.5E0);
#1451=ORIENTED_EDGE('',*,*,#1450,.T.);
#1453=ORIENTED_EDGE('',*,*,#1452,.T.);
#1454=EDGE_LOOP('',(#1451,#1453));
#1455=FACE_OUTER_BOUND('',#1454,.F.);
#1457=CARTESIAN_POINT('',(6.74E0,0.E0,0.E0));
#1458=DIRECTION('',(1.E0,0.E0,0.E0));
#1459=DIRECTION('',(0.E0,1.E0,0.E0));
#1460=AXIS2_PLACEMENT_3D('',#1457,#1458,#1459);
#1461=CYLINDRICAL_SURFACE('',#1460,5.5E0);
#1463=ORIENTED_EDGE('',*,*,#1462,.T.);
#1464=ORIENTED_EDGE('',*,*,#1435,.T.);
#1465=EDGE_LOOP('',(#1463,#1464));
#1466=FACE_OUTER_BOUND('',#1465,.F.);
#1468=CARTESIAN_POINT('',(4.24E0,6.05E0,0.E0));
#1469=DIRECTION('',(0.E0,-1.E0,0.E0));
#1470=DIRECTION('',(-1.E0,0.E0,0.E0));
#1471=AXIS2_PLACEMENT_3D('',#1468,#1469,#1470);
#1472=CYLINDRICAL_SURFACE('',#1471,9.9E-1);
#1473=ORIENTED_EDGE('',*,*,#1450,.F.);
#1475=ORIENTED_EDGE('',*,*,#1474,.F.);
#1477=ORIENTED_EDGE('',*,*,#1476,.T.);
#1479=ORIENTED_EDGE('',*,*,#1478,.F.);
#1480=EDGE_LOOP('',(#1473,#1475,#1477,#1479));
#1481=FACE_OUTER_BOUND('',#1480,.F.);
#1483=CARTESIAN_POINT('',(4.24E0,6.05E0,0.E0));
#1484=DIRECTION('',(0.E0,-1.E0,0.E0));
#1485=DIRECTION('',(-1.E0,0.E0,0.E0));
#1486=AXIS2_PLACEMENT_3D('',#1483,#1484,#1485);
#1487=CYLINDRICAL_SURFACE('',#1486,9.9E-1);
#1488=ORIENTED_EDGE('',*,*,#1452,.F.);
#1489=ORIENTED_EDGE('',*,*,#1478,.T.);
#1491=ORIENTED_EDGE('',*,*,#1490,.F.);
#1492=ORIENTED_EDGE('',*,*,#1474,.T.);
#1493=EDGE_LOOP('',(#1488,#1489,#1491,#1492));
#1494=FACE_OUTER_BOUND('',#1493,.F.);
#1496=CARTESIAN_POINT('',(4.24E0,4.55E0,0.E0));
#1497=DIRECTION('',(0.E0,-1.E0,0.E0));
#1498=DIRECTION('',(-1.E0,0.E0,0.E0));
#1499=AXIS2_PLACEMENT_3D('',#1496,#1497,#1498);
#1500=PLANE('',#1499);
#1502=ORIENTED_EDGE('',*,*,#1501,.F.);
#1504=ORIENTED_EDGE('',*,*,#1503,.T.);
#1506=ORIENTED_EDGE('',*,*,#1505,.T.);
#1507=ORIENTED_EDGE('',*,*,#1334,.F.);
#1508=ORIENTED_EDGE('',*,*,#1391,.F.);
#1510=ORIENTED_EDGE('',*,*,#1509,.T.);
#1511=ORIENTED_EDGE('',*,*,#1387,.F.);
#1512=ORIENTED_EDGE('',*,*,#1369,.F.);
#1514=ORIENTED_EDGE('',*,*,#1513,.T.);
#1516=ORIENTED_EDGE('',*,*,#1515,.T.);
#1518=ORIENTED_EDGE('',*,*,#1517,.F.);
#1520=ORIENTED_EDGE('',*,*,#1519,.T.);
#1521=EDGE_LOOP('',(#1502,#1504,#1506,#1507,#1508,#1510,#1511,#1512,#1514,#1516,
#1518,#1520));
#1522=FACE_OUTER_BOUND('',#1521,.F.);
#1523=ORIENTED_EDGE('',*,*,#1490,.T.);
#1524=ORIENTED_EDGE('',*,*,#1476,.F.);
#1525=EDGE_LOOP('',(#1523,#1524));
#1526=FACE_BOUND('',#1525,.F.);
#1528=CARTESIAN_POINT('',(4.24E0,0.E0,0.E0));
#1529=DIRECTION('',(-1.E0,0.E0,0.E0));
#1530=DIRECTION('',(0.E0,-9.762960071199E-1,-2.164396139381E-1));
#1531=AXIS2_PLACEMENT_3D('',#1528,#1529,#1530);
#1532=TOROIDAL_SURFACE('',#1531,1.365E1,9.E0);
#1534=ORIENTED_EDGE('',*,*,#1533,.T.);
#1535=ORIENTED_EDGE('',*,*,#1501,.T.);
#1537=ORIENTED_EDGE('',*,*,#1536,.T.);
#1538=ORIENTED_EDGE('',*,*,#1517,.T.);
#1540=ORIENTED_EDGE('',*,*,#1539,.F.);
#1541=ORIENTED_EDGE('',*,*,#1405,.T.);
#1543=ORIENTED_EDGE('',*,*,#1542,.T.);
#1544=ORIENTED_EDGE('',*,*,#1401,.T.);
#1545=EDGE_LOOP('',(#1534,#1535,#1537,#1538,#1540,#1541,#1543,#1544));
#1546=FACE_OUTER_BOUND('',#1545,.F.);
#1548=CARTESIAN_POINT('',(2.2155E1,0.E0,0.E0));
#1549=DIRECTION('',(-1.E0,0.E0,0.E0));
#1550=DIRECTION('',(0.E0,1.E0,0.E0));
#1551=AXIS2_PLACEMENT_3D('',#1548,#1549,#1550);
#1552=CYLINDRICAL_SURFACE('',#1551,4.8E0);
#1553=ORIENTED_EDGE('',*,*,#1533,.F.);
#1554=ORIENTED_EDGE('',*,*,#1419,.T.);
#1556=ORIENTED_EDGE('',*,*,#1555,.T.);
#1557=ORIENTED_EDGE('',*,*,#1341,.T.);
#1558=ORIENTED_EDGE('',*,*,#1316,.F.);
#1559=ORIENTED_EDGE('',*,*,#1338,.F.);
#1561=ORIENTED_EDGE('',*,*,#1560,.T.);
#1562=ORIENTED_EDGE('',*,*,#1503,.F.);
#1563=EDGE_LOOP('',(#1553,#1554,#1556,#1557,#1558,#1559,#1561,#1562));
#1564=FACE_OUTER_BOUND('',#1563,.F.);
#1566=CARTESIAN_POINT('',(2.2155E1,0.E0,0.E0));
#1567=DIRECTION('',(-1.E0,0.E0,0.E0));
#1568=DIRECTION('',(0.E0,1.E0,0.E0));
#1569=AXIS2_PLACEMENT_3D('',#1566,#1567,#1568);
#1570=CYLINDRICAL_SURFACE('',#1569,4.8E0);
#1571=ORIENTED_EDGE('',*,*,#1539,.T.);
#1572=ORIENTED_EDGE('',*,*,#1515,.F.);
#1574=ORIENTED_EDGE('',*,*,#1573,.T.);
#1575=ORIENTED_EDGE('',*,*,#1365,.F.);
#1577=ORIENTED_EDGE('',*,*,#1576,.T.);
#1578=ORIENTED_EDGE('',*,*,#1361,.T.);
#1580=ORIENTED_EDGE('',*,*,#1579,.T.);
#1581=ORIENTED_EDGE('',*,*,#1407,.T.);
#1582=EDGE_LOOP('',(#1571,#1572,#1574,#1575,#1577,#1578,#1580,#1581));
#1583=FACE_OUTER_BOUND('',#1582,.F.);
#1585=CARTESIAN_POINT('',(1.27E1,1.069081346887E-14,0.E0));
#1586=DIRECTION('',(-1.E0,0.E0,0.E0));
#1587=DIRECTION('',(0.E0,1.E0,0.E0));
#1588=AXIS2_PLACEMENT_3D('',#1585,#1586,#1587);
#1589=PLANE('',#1588);
#1591=ORIENTED_EDGE('',*,*,#1590,.F.);
#1593=ORIENTED_EDGE('',*,*,#1592,.T.);
#1594=EDGE_LOOP('',(#1591,#1593));
#1595=FACE_OUTER_BOUND('',#1594,.F.);
#1596=ORIENTED_EDGE('',*,*,#1576,.F.);
#1597=ORIENTED_EDGE('',*,*,#1363,.T.);
#1598=EDGE_LOOP('',(#1596,#1597));
#1599=FACE_BOUND('',#1598,.F.);
#1601=CARTESIAN_POINT('',(2.2155E1,0.E0,0.E0));
#1602=DIRECTION('',(-1.E0,0.E0,0.E0));
#1603=DIRECTION('',(0.E0,1.E0,0.E0));
#1604=AXIS2_PLACEMENT_3D('',#1601,#1602,#1603);
#1605=CYLINDRICAL_SURFACE('',#1604,5.5E0);
#1607=ORIENTED_EDGE('',*,*,#1606,.F.);
#1609=ORIENTED_EDGE('',*,*,#1608,.F.);
#1611=ORIENTED_EDGE('',*,*,#1610,.F.);
#1613=ORIENTED_EDGE('',*,*,#1612,.F.);
#1615=ORIENTED_EDGE('',*,*,#1614,.F.);
#1617=ORIENTED_EDGE('',*,*,#1616,.T.);
#1619=ORIENTED_EDGE('',*,*,#1618,.F.);
#1621=ORIENTED_EDGE('',*,*,#1620,.T.);
#1623=ORIENTED_EDGE('',*,*,#1622,.F.);
#1625=ORIENTED_EDGE('',*,*,#1624,.F.);
#1627=ORIENTED_EDGE('',*,*,#1626,.F.);
#1629=ORIENTED_EDGE('',*,*,#1628,.F.);
#1631=ORIENTED_EDGE('',*,*,#1630,.F.);
#1633=ORIENTED_EDGE('',*,*,#1632,.T.);
#1635=ORIENTED_EDGE('',*,*,#1634,.F.);
#1637=ORIENTED_EDGE('',*,*,#1636,.T.);
#1639=ORIENTED_EDGE('',*,*,#1638,.F.);
#1641=ORIENTED_EDGE('',*,*,#1640,.T.);
#1642=ORIENTED_EDGE('',*,*,#1590,.T.);
#1644=ORIENTED_EDGE('',*,*,#1643,.F.);
#1645=EDGE_LOOP('',(#1607,#1609,#1611,#1613,#1615,#1617,#1619,#1621,#1623,#1625,
#1627,#1629,#1631,#1633,#1635,#1637,#1639,#1641,#1642,#1644));
#1646=FACE_OUTER_BOUND('',#1645,.F.);
#1648=CARTESIAN_POINT('',(1.588E1,0.E0,5.E-1));
#1649=DIRECTION('',(-1.E0,0.E0,0.E0));
#1650=DIRECTION('',(0.E0,0.E0,-1.E0));
#1651=AXIS2_PLACEMENT_3D('',#1648,#1649,#1650);
#1652=PLANE('',#1651);
#1653=ORIENTED_EDGE('',*,*,#1606,.T.);
#1655=ORIENTED_EDGE('',*,*,#1654,.T.);
#1657=ORIENTED_EDGE('',*,*,#1656,.F.);
#1659=ORIENTED_EDGE('',*,*,#1658,.T.);
#1661=ORIENTED_EDGE('',*,*,#1660,.T.);
#1663=ORIENTED_EDGE('',*,*,#1662,.T.);
#1664=EDGE_LOOP('',(#1653,#1655,#1657,#1659,#1661,#1663));
#1665=FACE_OUTER_BOUND('',#1664,.F.);
#1667=CARTESIAN_POINT('',(2.2155E1,0.E0,0.E0));
#1668=DIRECTION('',(-1.E0,0.E0,0.E0));
#1669=DIRECTION('',(0.E0,1.E0,0.E0));
#1670=AXIS2_PLACEMENT_3D('',#1667,#1668,#1669);
#1671=CYLINDRICAL_SURFACE('',#1670,5.5E0);
#1672=ORIENTED_EDGE('',*,*,#1654,.F.);
#1673=ORIENTED_EDGE('',*,*,#1643,.T.);
#1674=ORIENTED_EDGE('',*,*,#1592,.F.);
#1675=ORIENTED_EDGE('',*,*,#1640,.F.);
#1677=ORIENTED_EDGE('',*,*,#1676,.F.);
#1679=ORIENTED_EDGE('',*,*,#1678,.F.);
#1681=ORIENTED_EDGE('',*,*,#1680,.F.);
#1683=ORIENTED_EDGE('',*,*,#1682,.F.);
#1685=ORIENTED_EDGE('',*,*,#1684,.T.);
#1687=ORIENTED_EDGE('',*,*,#1686,.T.);
#1689=ORIENTED_EDGE('',*,*,#1688,.F.);
#1691=ORIENTED_EDGE('',*,*,#1690,.T.);
#1693=ORIENTED_EDGE('',*,*,#1692,.F.);
#1695=ORIENTED_EDGE('',*,*,#1694,.F.);
#1697=ORIENTED_EDGE('',*,*,#1696,.F.);
#1699=ORIENTED_EDGE('',*,*,#1698,.F.);
#1701=ORIENTED_EDGE('',*,*,#1700,.T.);
#1703=ORIENTED_EDGE('',*,*,#1702,.T.);
#1705=ORIENTED_EDGE('',*,*,#1704,.F.);
#1707=ORIENTED_EDGE('',*,*,#1706,.T.);
#1708=EDGE_LOOP('',(#1672,#1673,#1674,#1675,#1677,#1679,#1681,#1683,#1685,#1687,
#1689,#1691,#1693,#1695,#1697,#1699,#1701,#1703,#1705,#1707));
#1709=FACE_OUTER_BOUND('',#1708,.F.);
#1711=CARTESIAN_POINT('',(1.588E1,0.E0,-5.E-1));
#1712=DIRECTION('',(-1.E0,0.E0,0.E0));
#1713=DIRECTION('',(0.E0,0.E0,1.E0));
#1714=AXIS2_PLACEMENT_3D('',#1711,#1712,#1713);
#1715=PLANE('',#1714);
#1716=ORIENTED_EDGE('',*,*,#1638,.T.);
#1718=ORIENTED_EDGE('',*,*,#1717,.F.);
#1720=ORIENTED_EDGE('',*,*,#1719,.T.);
#1722=ORIENTED_EDGE('',*,*,#1721,.T.);
#1724=ORIENTED_EDGE('',*,*,#1723,.T.);
#1725=ORIENTED_EDGE('',*,*,#1676,.T.);
#1726=EDGE_LOOP('',(#1716,#1718,#1720,#1722,#1724,#1725));
#1727=FACE_OUTER_BOUND('',#1726,.F.);
#1729=CARTESIAN_POINT('',(1.664E1,0.E0,-5.E-1));
#1730=DIRECTION('',(0.E0,0.E0,-1.E0));
#1731=DIRECTION('',(-1.E0,0.E0,0.E0));
#1732=AXIS2_PLACEMENT_3D('',#1729,#1730,#1731);
#1733=PLANE('',#1732);
#1734=ORIENTED_EDGE('',*,*,#1636,.F.);
#1736=ORIENTED_EDGE('',*,*,#1735,.T.);
#1738=ORIENTED_EDGE('',*,*,#1737,.F.);
#1739=ORIENTED_EDGE('',*,*,#1717,.T.);
#1740=EDGE_LOOP('',(#1734,#1736,#1738,#1739));
#1741=FACE_OUTER_BOUND('',#1740,.F.);
#1743=CARTESIAN_POINT('',(1.664E1,1.020831856546E-14,0.E0));
#1744=DIRECTION('',(1.E0,0.E0,0.E0));
#1745=DIRECTION('',(0.E0,-7.071067811865E-1,-7.071067811865E-1));
#1746=AXIS2_PLACEMENT_3D('',#1743,#1744,#1745);
#1747=PLANE('',#1746);
#1749=ORIENTED_EDGE('',*,*,#1748,.T.);
#1751=ORIENTED_EDGE('',*,*,#1750,.T.);
#1753=ORIENTED_EDGE('',*,*,#1752,.F.);
#1754=ORIENTED_EDGE('',*,*,#1688,.T.);
#1756=ORIENTED_EDGE('',*,*,#1755,.F.);
#1758=ORIENTED_EDGE('',*,*,#1757,.F.);
#1760=ORIENTED_EDGE('',*,*,#1759,.F.);
#1761=ORIENTED_EDGE('',*,*,#1680,.T.);
#1762=EDGE_LOOP('',(#1749,#1751,#1753,#1754,#1756,#1758,#1760,#1761));
#1763=FACE_OUTER_BOUND('',#1762,.F.);
#1765=CARTESIAN_POINT('',(1.664E1,1.020831856546E-14,0.E0));
#1766=DIRECTION('',(1.E0,0.E0,0.E0));
#1767=DIRECTION('',(0.E0,-7.071067811865E-1,-7.071067811865E-1));
#1768=AXIS2_PLACEMENT_3D('',#1765,#1766,#1767);
#1769=PLANE('',#1768);
#1771=ORIENTED_EDGE('',*,*,#1770,.T.);
#1773=ORIENTED_EDGE('',*,*,#1772,.T.);
#1774=ORIENTED_EDGE('',*,*,#1735,.F.);
#1775=ORIENTED_EDGE('',*,*,#1634,.T.);
#1777=ORIENTED_EDGE('',*,*,#1776,.F.);
#1779=ORIENTED_EDGE('',*,*,#1778,.F.);
#1781=ORIENTED_EDGE('',*,*,#1780,.F.);
#1782=ORIENTED_EDGE('',*,*,#1626,.T.);
#1783=EDGE_LOOP('',(#1771,#1773,#1774,#1775,#1777,#1779,#1781,#1782));
#1784=FACE_OUTER_BOUND('',#1783,.F.);
#1786=CARTESIAN_POINT('',(1.664E1,1.020831856546E-14,0.E0));
#1787=DIRECTION('',(1.E0,0.E0,0.E0));
#1788=DIRECTION('',(0.E0,-7.071067811865E-1,-7.071067811865E-1));
#1789=AXIS2_PLACEMENT_3D('',#1786,#1787,#1788);
#1790=PLANE('',#1789);
#1792=ORIENTED_EDGE('',*,*,#1791,.T.);
#1794=ORIENTED_EDGE('',*,*,#1793,.T.);
#1796=ORIENTED_EDGE('',*,*,#1795,.F.);
#1797=ORIENTED_EDGE('',*,*,#1618,.T.);
#1799=ORIENTED_EDGE('',*,*,#1798,.F.);
#1801=ORIENTED_EDGE('',*,*,#1800,.F.);
#1803=ORIENTED_EDGE('',*,*,#1802,.F.);
#1804=ORIENTED_EDGE('',*,*,#1610,.T.);
#1805=EDGE_LOOP('',(#1792,#1794,#1796,#1797,#1799,#1801,#1803,#1804));
#1806=FACE_OUTER_BOUND('',#1805,.F.);
#1808=CARTESIAN_POINT('',(1.664E1,1.020831856546E-14,0.E0));
#1809=DIRECTION('',(1.E0,0.E0,0.E0));
#1810=DIRECTION('',(0.E0,-7.071067811865E-1,-7.071067811865E-1));
#1811=AXIS2_PLACEMENT_3D('',#1808,#1809,#1810);
#1812=PLANE('',#1811);
#1814=ORIENTED_EDGE('',*,*,#1813,.F.);
#1815=ORIENTED_EDGE('',*,*,#1704,.T.);
#1817=ORIENTED_EDGE('',*,*,#1816,.F.);
#1819=ORIENTED_EDGE('',*,*,#1818,.F.);
#1821=ORIENTED_EDGE('',*,*,#1820,.F.);
#1822=ORIENTED_EDGE('',*,*,#1696,.T.);
#1824=ORIENTED_EDGE('',*,*,#1823,.T.);
#1826=ORIENTED_EDGE('',*,*,#1825,.T.);
#1827=EDGE_LOOP('',(#1814,#1815,#1817,#1819,#1821,#1822,#1824,#1826));
#1828=FACE_OUTER_BOUND('',#1827,.F.);
#1830=CARTESIAN_POINT('',(1.588E1,0.E0,5.E-1));
#1831=DIRECTION('',(0.E0,0.E0,1.E0));
#1832=DIRECTION('',(1.E0,0.E0,0.E0));
#1833=AXIS2_PLACEMENT_3D('',#1830,#1831,#1832);
#1834=PLANE('',#1833);
#1835=ORIENTED_EDGE('',*,*,#1678,.T.);
#1836=ORIENTED_EDGE('',*,*,#1723,.F.);
#1838=ORIENTED_EDGE('',*,*,#1837,.T.);
#1839=ORIENTED_EDGE('',*,*,#1748,.F.);
#1840=EDGE_LOOP('',(#1835,#1836,#1838,#1839));
#1841=FACE_OUTER_BOUND('',#1840,.F.);
#1843=CARTESIAN_POINT('',(0.E0,0.E0,0.E0));
#1844=DIRECTION('',(1.E0,0.E0,0.E0));
#1845=DIRECTION('',(0.E0,1.E0,0.E0));
#1846=AXIS2_PLACEMENT_3D('',#1843,#1844,#1845);
#1847=CYLINDRICAL_SURFACE('',#1846,3.05E0);
#1848=ORIENTED_EDGE('',*,*,#1658,.F.);
#1850=ORIENTED_EDGE('',*,*,#1849,.T.);
#1851=ORIENTED_EDGE('',*,*,#1825,.F.);
#1853=ORIENTED_EDGE('',*,*,#1852,.F.);
#1855=ORIENTED_EDGE('',*,*,#1854,.F.);
#1857=ORIENTED_EDGE('',*,*,#1856,.T.);
#1858=ORIENTED_EDGE('',*,*,#1750,.F.);
#1859=ORIENTED_EDGE('',*,*,#1837,.F.);
#1860=ORIENTED_EDGE('',*,*,#1721,.F.);
#1862=ORIENTED_EDGE('',*,*,#1861,.F.);
#1864=ORIENTED_EDGE('',*,*,#1863,.T.);
#1866=ORIENTED_EDGE('',*,*,#1865,.T.);
#1867=EDGE_LOOP('',(#1848,#1850,#1851,#1853,#1855,#1857,#1858,#1859,#1860,#1862,
#1864,#1866));
#1868=FACE_OUTER_BOUND('',#1867,.F.);
#1870=CARTESIAN_POINT('',(1.664E1,0.E0,5.E-1));
#1871=DIRECTION('',(0.E0,0.E0,1.E0));
#1872=DIRECTION('',(-1.E0,0.E0,0.E0));
#1873=AXIS2_PLACEMENT_3D('',#1870,#1871,#1872);
#1874=PLANE('',#1873);
#1875=ORIENTED_EDGE('',*,*,#1706,.F.);
#1876=ORIENTED_EDGE('',*,*,#1813,.T.);
#1877=ORIENTED_EDGE('',*,*,#1849,.F.);
#1878=ORIENTED_EDGE('',*,*,#1656,.T.);
#1879=EDGE_LOOP('',(#1875,#1876,#1877,#1878));
#1880=FACE_OUTER_BOUND('',#1879,.F.);
#1882=CARTESIAN_POINT('',(1.588E1,-5.E-1,0.E0));
#1883=DIRECTION('',(0.E0,-1.E0,0.E0));
#1884=DIRECTION('',(1.E0,0.E0,0.E0));
#1885=AXIS2_PLACEMENT_3D('',#1882,#1883,#1884);
#1886=PLANE('',#1885);
#1887=ORIENTED_EDGE('',*,*,#1694,.T.);
#1889=ORIENTED_EDGE('',*,*,#1888,.F.);
#1890=ORIENTED_EDGE('',*,*,#1852,.T.);
#1891=ORIENTED_EDGE('',*,*,#1823,.F.);
#1892=EDGE_LOOP('',(#1887,#1889,#1890,#1891));
#1893=FACE_OUTER_BOUND('',#1892,.F.);
#1895=CARTESIAN_POINT('',(1.588E1,5.E-1,0.E0));
#1896=DIRECTION('',(-1.E0,0.E0,0.E0));
#1897=DIRECTION('',(0.E0,-1.E0,0.E0));
#1898=AXIS2_PLACEMENT_3D('',#1895,#1896,#1897);
#1899=PLANE('',#1898);
#1900=ORIENTED_EDGE('',*,*,#1692,.T.);
#1902=ORIENTED_EDGE('',*,*,#1901,.F.);
#1903=ORIENTED_EDGE('',*,*,#1854,.T.);
#1904=ORIENTED_EDGE('',*,*,#1888,.T.);
#1905=EDGE_LOOP('',(#1900,#1902,#1903,#1904));
#1906=FACE_OUTER_BOUND('',#1905,.F.);
#1908=CARTESIAN_POINT('',(1.664E1,5.E-1,0.E0));
#1909=DIRECTION('',(0.E0,1.E0,0.E0));
#1910=DIRECTION('',(-1.E0,0.E0,0.E0));
#1911=AXIS2_PLACEMENT_3D('',#1908,#1909,#1910);
#1912=PLANE('',#1911);
#1913=ORIENTED_EDGE('',*,*,#1690,.F.);
#1914=ORIENTED_EDGE('',*,*,#1752,.T.);
#1915=ORIENTED_EDGE('',*,*,#1856,.F.);
#1916=ORIENTED_EDGE('',*,*,#1901,.T.);
#1917=EDGE_LOOP('',(#1913,#1914,#1915,#1916));
#1918=FACE_OUTER_BOUND('',#1917,.F.);
#1920=CARTESIAN_POINT('',(0.E0,0.E0,0.E0));
#1921=DIRECTION('',(1.E0,0.E0,0.E0));
#1922=DIRECTION('',(0.E0,1.E0,0.E0));
#1923=AXIS2_PLACEMENT_3D('',#1920,#1921,#1922);
#1924=CYLINDRICAL_SURFACE('',#1923,3.05E0);
#1925=ORIENTED_EDGE('',*,*,#1660,.F.);
#1926=ORIENTED_EDGE('',*,*,#1865,.F.);
#1928=ORIENTED_EDGE('',*,*,#1927,.T.);
#1929=ORIENTED_EDGE('',*,*,#1861,.T.);
#1930=ORIENTED_EDGE('',*,*,#1719,.F.);
#1931=ORIENTED_EDGE('',*,*,#1737,.T.);
#1932=ORIENTED_EDGE('',*,*,#1772,.F.);
#1934=ORIENTED_EDGE('',*,*,#1933,.F.);
#1936=ORIENTED_EDGE('',*,*,#1935,.F.);
#1938=ORIENTED_EDGE('',*,*,#1937,.T.);
#1939=ORIENTED_EDGE('',*,*,#1793,.F.);
#1941=ORIENTED_EDGE('',*,*,#1940,.F.);
#1942=EDGE_LOOP('',(#1925,#1926,#1928,#1929,#1930,#1931,#1932,#1934,#1936,#1938,
#1939,#1941));
#1943=FACE_OUTER_BOUND('',#1942,.F.);
#1945=CARTESIAN_POINT('',(1.588E1,5.E-1,0.E0));
#1946=DIRECTION('',(0.E0,1.E0,0.E0));
#1947=DIRECTION('',(1.E0,0.E0,0.E0));
#1948=AXIS2_PLACEMENT_3D('',#1945,#1946,#1947);
#1949=PLANE('',#1948);
#1950=ORIENTED_EDGE('',*,*,#1624,.T.);
#1952=ORIENTED_EDGE('',*,*,#1951,.F.);
#1953=ORIENTED_EDGE('',*,*,#1933,.T.);
#1954=ORIENTED_EDGE('',*,*,#1770,.F.);
#1955=EDGE_LOOP('',(#1950,#1952,#1953,#1954));
#1956=FACE_OUTER_BOUND('',#1955,.F.);
#1958=CARTESIAN_POINT('',(1.588E1,-5.E-1,0.E0));
#1959=DIRECTION('',(-1.E0,0.E0,0.E0));
#1960=DIRECTION('',(0.E0,1.E0,0.E0));
#1961=AXIS2_PLACEMENT_3D('',#1958,#1959,#1960);
#1962=PLANE('',#1961);
#1963=ORIENTED_EDGE('',*,*,#1622,.T.);
#1965=ORIENTED_EDGE('',*,*,#1964,.F.);
#1966=ORIENTED_EDGE('',*,*,#1935,.T.);
#1967=ORIENTED_EDGE('',*,*,#1951,.T.);
#1968=EDGE_LOOP('',(#1963,#1965,#1966,#1967));
#1969=FACE_OUTER_BOUND('',#1968,.F.);
#1971=CARTESIAN_POINT('',(1.664E1,-5.E-1,0.E0));
#1972=DIRECTION('',(0.E0,-1.E0,0.E0));
#1973=DIRECTION('',(-1.E0,0.E0,0.E0));
#1974=AXIS2_PLACEMENT_3D('',#1971,#1972,#1973);
#1975=PLANE('',#1974);
#1976=ORIENTED_EDGE('',*,*,#1620,.F.);
#1977=ORIENTED_EDGE('',*,*,#1795,.T.);
#1978=ORIENTED_EDGE('',*,*,#1937,.F.);
#1979=ORIENTED_EDGE('',*,*,#1964,.T.);
#1980=EDGE_LOOP('',(#1976,#1977,#1978,#1979));
#1981=FACE_OUTER_BOUND('',#1980,.F.);
#1983=CARTESIAN_POINT('',(1.588E1,0.E0,-5.E-1));
#1984=DIRECTION('',(0.E0,0.E0,-1.E0));
#1985=DIRECTION('',(1.E0,0.E0,0.E0));
#1986=AXIS2_PLACEMENT_3D('',#1983,#1984,#1985);
#1987=PLANE('',#1986);
#1988=ORIENTED_EDGE('',*,*,#1608,.T.);
#1989=ORIENTED_EDGE('',*,*,#1662,.F.);
#1990=ORIENTED_EDGE('',*,*,#1940,.T.);
#1991=ORIENTED_EDGE('',*,*,#1791,.F.);
#1992=EDGE_LOOP('',(#1988,#1989,#1990,#1991));
#1993=FACE_OUTER_BOUND('',#1992,.F.);
#1995=CARTESIAN_POINT('',(2.11E1,-4.560838738653E0,-3.217335854399E0));
#1996=DIRECTION('',(0.E0,7.071067811865E-1,-7.071067811865E-1));
#1997=DIRECTION('',(0.E0,7.071067811865E-1,7.071067811865E-1));
#1998=AXIS2_PLACEMENT_3D('',#1995,#1996,#1997);
#1999=PLANE('',#1998);
#2001=ORIENTED_EDGE('',*,*,#2000,.F.);
#2003=ORIENTED_EDGE('',*,*,#2002,.F.);
#2004=ORIENTED_EDGE('',*,*,#1612,.T.);
#2005=ORIENTED_EDGE('',*,*,#1802,.T.);
#2007=ORIENTED_EDGE('',*,*,#2006,.T.);
#2008=EDGE_LOOP('',(#2001,#2003,#2004,#2005,#2007));
#2009=FACE_OUTER_BOUND('',#2008,.F.);
#2011=CARTESIAN_POINT('',(2.11E1,-4.560838738653E0,-3.217335854399E0));
#2012=DIRECTION('',(0.E0,7.071067811865E-1,-7.071067811865E-1));
#2013=DIRECTION('',(0.E0,7.071067811865E-1,7.071067811865E-1));
#2014=AXIS2_PLACEMENT_3D('',#2011,#2012,#2013);
#2015=PLANE('',#2014);
#2017=ORIENTED_EDGE('',*,*,#2016,.F.);
#2019=ORIENTED_EDGE('',*,*,#2018,.F.);
#2020=ORIENTED_EDGE('',*,*,#1755,.T.);
#2021=ORIENTED_EDGE('',*,*,#1686,.F.);
#2023=ORIENTED_EDGE('',*,*,#2022,.F.);
#2024=EDGE_LOOP('',(#2017,#2019,#2020,#2021,#2023));
#2025=FACE_OUTER_BOUND('',#2024,.F.);
#2027=CARTESIAN_POINT('',(2.08E1,0.E0,1.348273484663E-14));
#2028=DIRECTION('',(1.E0,0.E0,0.E0));
#2029=DIRECTION('',(0.E0,-7.071067811865E-1,7.071067811865E-1));
#2030=AXIS2_PLACEMENT_3D('',#2027,#2028,#2029);
#2031=CONICAL_SURFACE('',#2030,4.67E0,4.5E1);
#2033=ORIENTED_EDGE('',*,*,#2032,.T.);
#2035=ORIENTED_EDGE('',*,*,#2034,.T.);
#2037=ORIENTED_EDGE('',*,*,#2036,.F.);
#2038=ORIENTED_EDGE('',*,*,#2016,.T.);
#2039=EDGE_LOOP('',(#2033,#2035,#2037,#2038));
#2040=FACE_OUTER_BOUND('',#2039,.F.);
#2042=CARTESIAN_POINT('',(2.08E1,0.E0,1.348273484663E-14));
#2043=DIRECTION('',(1.E0,0.E0,0.E0));
#2044=DIRECTION('',(0.E0,-7.071067811865E-1,7.071067811865E-1));
#2045=AXIS2_PLACEMENT_3D('',#2042,#2043,#2044);
#2046=CONICAL_SURFACE('',#2045,4.67E0,4.5E1);
#2048=ORIENTED_EDGE('',*,*,#2047,.T.);
#2050=ORIENTED_EDGE('',*,*,#2049,.T.);
#2052=ORIENTED_EDGE('',*,*,#2051,.T.);
#2054=ORIENTED_EDGE('',*,*,#2053,.T.);
#2055=EDGE_LOOP('',(#2048,#2050,#2052,#2054));
#2056=FACE_OUTER_BOUND('',#2055,.F.);
#2058=CARTESIAN_POINT('',(2.08E1,0.E0,1.348273484663E-14));
#2059=DIRECTION('',(1.E0,0.E0,0.E0));
#2060=DIRECTION('',(0.E0,-7.071067811865E-1,7.071067811865E-1));
#2061=AXIS2_PLACEMENT_3D('',#2058,#2059,#2060);
#2062=CONICAL_SURFACE('',#2061,4.67E0,4.5E1);
#2064=ORIENTED_EDGE('',*,*,#2063,.T.);
#2065=ORIENTED_EDGE('',*,*,#2000,.T.);
#2067=ORIENTED_EDGE('',*,*,#2066,.F.);
#2069=ORIENTED_EDGE('',*,*,#2068,.T.);
#2070=EDGE_LOOP('',(#2064,#2065,#2067,#2069));
#2071=FACE_OUTER_BOUND('',#2070,.F.);
#2073=CARTESIAN_POINT('',(2.08E1,0.E0,1.348273484663E-14));
#2074=DIRECTION('',(1.E0,0.E0,0.E0));
#2075=DIRECTION('',(0.E0,-7.071067811865E-1,7.071067811865E-1));
#2076=AXIS2_PLACEMENT_3D('',#2073,#2074,#2075);
#2077=CONICAL_SURFACE('',#2076,4.67E0,4.5E1);
#2079=ORIENTED_EDGE('',*,*,#2078,.T.);
#2081=ORIENTED_EDGE('',*,*,#2080,.T.);
#2083=ORIENTED_EDGE('',*,*,#2082,.T.);
#2085=ORIENTED_EDGE('',*,*,#2084,.T.);
#2086=EDGE_LOOP('',(#2079,#2081,#2083,#2085));
#2087=FACE_OUTER_BOUND('',#2086,.F.);
#2089=CARTESIAN_POINT('',(2.11E1,0.E0,0.E0));
#2090=DIRECTION('',(-1.E0,0.E0,0.E0));
#2091=DIRECTION('',(0.E0,1.E0,0.E0));
#2092=AXIS2_PLACEMENT_3D('',#2089,#2090,#2091);
#2093=PLANE('',#2092);
#2094=ORIENTED_EDGE('',*,*,#2051,.F.);
#2096=ORIENTED_EDGE('',*,*,#2095,.T.);
#2097=ORIENTED_EDGE('',*,*,#1630,.T.);
#2099=ORIENTED_EDGE('',*,*,#2098,.T.);
#2100=EDGE_LOOP('',(#2094,#2096,#2097,#2099));
#2101=FACE_OUTER_BOUND('',#2100,.F.);
#2103=CARTESIAN_POINT('',(2.11E1,0.E0,0.E0));
#2104=DIRECTION('',(-1.E0,0.E0,0.E0));
#2105=DIRECTION('',(0.E0,1.E0,0.E0));
#2106=AXIS2_PLACEMENT_3D('',#2103,#2104,#2105);
#2107=PLANE('',#2106);
#2108=ORIENTED_EDGE('',*,*,#2063,.F.);
#2110=ORIENTED_EDGE('',*,*,#2109,.T.);
#2111=ORIENTED_EDGE('',*,*,#1614,.T.);
#2112=ORIENTED_EDGE('',*,*,#2002,.T.);
#2113=EDGE_LOOP('',(#2108,#2110,#2111,#2112));
#2114=FACE_OUTER_BOUND('',#2113,.F.);
#2116=CARTESIAN_POINT('',(2.11E1,0.E0,0.E0));
#2117=DIRECTION('',(-1.E0,0.E0,0.E0));
#2118=DIRECTION('',(0.E0,1.E0,0.E0));
#2119=AXIS2_PLACEMENT_3D('',#2116,#2117,#2118);
#2120=PLANE('',#2119);
#2121=ORIENTED_EDGE('',*,*,#2078,.F.);
#2123=ORIENTED_EDGE('',*,*,#2122,.T.);
#2124=ORIENTED_EDGE('',*,*,#1700,.F.);
#2126=ORIENTED_EDGE('',*,*,#2125,.T.);
#2127=EDGE_LOOP('',(#2121,#2123,#2124,#2126));
#2128=FACE_OUTER_BOUND('',#2127,.F.);
#2130=CARTESIAN_POINT('',(2.11E1,0.E0,0.E0));
#2131=DIRECTION('',(-1.E0,0.E0,0.E0));
#2132=DIRECTION('',(0.E0,1.E0,0.E0));
#2133=AXIS2_PLACEMENT_3D('',#2130,#2131,#2132);
#2134=PLANE('',#2133);
#2135=ORIENTED_EDGE('',*,*,#2032,.F.);
#2136=ORIENTED_EDGE('',*,*,#2022,.T.);
#2137=ORIENTED_EDGE('',*,*,#1684,.F.);
#2139=ORIENTED_EDGE('',*,*,#2138,.T.);
#2140=EDGE_LOOP('',(#2135,#2136,#2137,#2139));
#2141=FACE_OUTER_BOUND('',#2140,.F.);
#2143=CARTESIAN_POINT('',(2.11E1,-3.217335854399E0,4.560838738653E0));
#2144=DIRECTION('',(0.E0,-7.071067811865E-1,-7.071067811865E-1));
#2145=DIRECTION('',(0.E0,7.071067811865E-1,-7.071067811865E-1));
#2146=AXIS2_PLACEMENT_3D('',#2143,#2144,#2145);
#2147=PLANE('',#2146);
#2148=ORIENTED_EDGE('',*,*,#2080,.F.);
#2149=ORIENTED_EDGE('',*,*,#2125,.F.);
#2150=ORIENTED_EDGE('',*,*,#1698,.T.);
#2151=ORIENTED_EDGE('',*,*,#1820,.T.);
#2153=ORIENTED_EDGE('',*,*,#2152,.T.);
#2154=EDGE_LOOP('',(#2148,#2149,#2150,#2151,#2153));
#2155=FACE_OUTER_BOUND('',#2154,.F.);
#2157=CARTESIAN_POINT('',(2.11E1,-3.217335854399E0,4.560838738653E0));
#2158=DIRECTION('',(0.E0,-7.071067811865E-1,-7.071067811865E-1));
#2159=DIRECTION('',(0.E0,7.071067811865E-1,-7.071067811865E-1));
#2160=AXIS2_PLACEMENT_3D('',#2157,#2158,#2159);
#2161=PLANE('',#2160);
#2162=ORIENTED_EDGE('',*,*,#2049,.F.);
#2164=ORIENTED_EDGE('',*,*,#2163,.F.);
#2165=ORIENTED_EDGE('',*,*,#1776,.T.);
#2166=ORIENTED_EDGE('',*,*,#1632,.F.);
#2167=ORIENTED_EDGE('',*,*,#2095,.F.);
#2168=EDGE_LOOP('',(#2162,#2164,#2165,#2166,#2167));
#2169=FACE_OUTER_BOUND('',#2168,.F.);
#2171=CARTESIAN_POINT('',(2.11E1,7.990306627408E-1,6.979143930311E0));
#2172=DIRECTION('',(0.E0,-7.071067811865E-1,7.071067811865E-1));
#2173=DIRECTION('',(0.E0,-7.071067811865E-1,-7.071067811865E-1));
#2174=AXIS2_PLACEMENT_3D('',#2171,#2172,#2173);
#2175=PLANE('',#2174);
#2176=ORIENTED_EDGE('',*,*,#2082,.F.);
#2177=ORIENTED_EDGE('',*,*,#2152,.F.);
#2178=ORIENTED_EDGE('',*,*,#1818,.T.);
#2180=ORIENTED_EDGE('',*,*,#2179,.T.);
#2181=EDGE_LOOP('',(#2176,#2177,#2178,#2180));
#2182=FACE_OUTER_BOUND('',#2181,.F.);
#2184=CARTESIAN_POINT('',(2.11E1,3.217335854399E0,-4.560838738653E0));
#2185=DIRECTION('',(0.E0,7.071067811865E-1,7.071067811865E-1));
#2186=DIRECTION('',(0.E0,-7.071067811865E-1,7.071067811865E-1));
#2187=AXIS2_PLACEMENT_3D('',#2184,#2185,#2186);
#2188=PLANE('',#2187);
#2189=ORIENTED_EDGE('',*,*,#2053,.F.);
#2190=ORIENTED_EDGE('',*,*,#2098,.F.);
#2191=ORIENTED_EDGE('',*,*,#1628,.T.);
#2192=ORIENTED_EDGE('',*,*,#1780,.T.);
#2194=ORIENTED_EDGE('',*,*,#2193,.T.);
#2195=EDGE_LOOP('',(#2189,#2190,#2191,#2192,#2194));
#2196=FACE_OUTER_BOUND('',#2195,.F.);
#2198=CARTESIAN_POINT('',(2.11E1,3.217335854399E0,-4.560838738653E0));
#2199=DIRECTION('',(0.E0,7.071067811865E-1,7.071067811865E-1));
#2200=DIRECTION('',(0.E0,-7.071067811865E-1,7.071067811865E-1));
#2201=AXIS2_PLACEMENT_3D('',#2198,#2199,#2200);
#2202=PLANE('',#2201);
#2203=ORIENTED_EDGE('',*,*,#2084,.F.);
#2204=ORIENTED_EDGE('',*,*,#2179,.F.);
#2205=ORIENTED_EDGE('',*,*,#1816,.T.);
#2206=ORIENTED_EDGE('',*,*,#1702,.F.);
#2207=ORIENTED_EDGE('',*,*,#2122,.F.);
#2208=EDGE_LOOP('',(#2203,#2204,#2205,#2206,#2207));
#2209=FACE_OUTER_BOUND('',#2208,.F.);
#2211=CARTESIAN_POINT('',(2.11E1,-7.990306627408E-1,-6.979143930311E0));
#2212=DIRECTION('',(0.E0,7.071067811865E-1,-7.071067811865E-1));
#2213=DIRECTION('',(0.E0,7.071067811865E-1,7.071067811865E-1));
#2214=AXIS2_PLACEMENT_3D('',#2211,#2212,#2213);
#2215=PLANE('',#2214);
#2216=ORIENTED_EDGE('',*,*,#2047,.F.);
#2217=ORIENTED_EDGE('',*,*,#2193,.F.);
#2218=ORIENTED_EDGE('',*,*,#1778,.T.);
#2219=ORIENTED_EDGE('',*,*,#2163,.T.);
#2220=EDGE_LOOP('',(#2216,#2217,#2218,#2219));
#2221=FACE_OUTER_BOUND('',#2220,.F.);
#2223=CARTESIAN_POINT('',(2.11E1,4.560838738653E0,3.217335854399E0));
#2224=DIRECTION('',(0.E0,-7.071067811865E-1,7.071067811865E-1));
#2225=DIRECTION('',(0.E0,-7.071067811865E-1,-7.071067811865E-1));
#2226=AXIS2_PLACEMENT_3D('',#2223,#2224,#2225);
#2227=PLANE('',#2226);
#2228=ORIENTED_EDGE('',*,*,#2068,.F.);
#2230=ORIENTED_EDGE('',*,*,#2229,.F.);
#2231=ORIENTED_EDGE('',*,*,#1798,.T.);
#2232=ORIENTED_EDGE('',*,*,#1616,.F.);
#2233=ORIENTED_EDGE('',*,*,#2109,.F.);
#2234=EDGE_LOOP('',(#2228,#2230,#2231,#2232,#2233));
#2235=FACE_OUTER_BOUND('',#2234,.F.);
#2237=CARTESIAN_POINT('',(2.11E1,4.560838738653E0,3.217335854399E0));
#2238=DIRECTION('',(0.E0,-7.071067811865E-1,7.071067811865E-1));
#2239=DIRECTION('',(0.E0,-7.071067811865E-1,-7.071067811865E-1));
#2240=AXIS2_PLACEMENT_3D('',#2237,#2238,#2239);
#2241=PLANE('',#2240);
#2242=ORIENTED_EDGE('',*,*,#2034,.F.);
#2243=ORIENTED_EDGE('',*,*,#2138,.F.);
#2244=ORIENTED_EDGE('',*,*,#1682,.T.);
#2245=ORIENTED_EDGE('',*,*,#1759,.T.);
#2247=ORIENTED_EDGE('',*,*,#2246,.T.);
#2248=EDGE_LOOP('',(#2242,#2243,#2244,#2245,#2247));
#2249=FACE_OUTER_BOUND('',#2248,.F.);
#2251=CARTESIAN_POINT('',(2.11E1,-6.979143930311E0,7.990306627408E-1));
#2252=DIRECTION('',(0.E0,-7.071067811865E-1,-7.071067811865E-1));
#2253=DIRECTION('',(0.E0,7.071067811865E-1,-7.071067811865E-1));
#2254=AXIS2_PLACEMENT_3D('',#2251,#2252,#2253);
#2255=PLANE('',#2254);
#2256=ORIENTED_EDGE('',*,*,#2066,.T.);
#2257=ORIENTED_EDGE('',*,*,#2006,.F.);
#2258=ORIENTED_EDGE('',*,*,#1800,.T.);
#2259=ORIENTED_EDGE('',*,*,#2229,.T.);
#2260=EDGE_LOOP('',(#2256,#2257,#2258,#2259));
#2261=FACE_OUTER_BOUND('',#2260,.F.);
#2263=CARTESIAN_POINT('',(2.11E1,6.979143930311E0,-7.990306627408E-1));
#2264=DIRECTION('',(0.E0,7.071067811865E-1,7.071067811865E-1));
#2265=DIRECTION('',(0.E0,-7.071067811865E-1,7.071067811865E-1));
#2266=AXIS2_PLACEMENT_3D('',#2263,#2264,#2265);
#2267=PLANE('',#2266);
#2268=ORIENTED_EDGE('',*,*,#2036,.T.);
#2269=ORIENTED_EDGE('',*,*,#2246,.F.);
#2270=ORIENTED_EDGE('',*,*,#1757,.T.);
#2271=ORIENTED_EDGE('',*,*,#2018,.T.);
#2272=EDGE_LOOP('',(#2268,#2269,#2270,#2271));
#2273=FACE_OUTER_BOUND('',#2272,.F.);
#2275=CARTESIAN_POINT('',(4.24E0,6.05E0,0.E0));
#2276=DIRECTION('',(0.E0,-1.E0,0.E0));
#2277=DIRECTION('',(-1.E0,0.E0,0.E0));
#2278=AXIS2_PLACEMENT_3D('',#2275,#2276,#2277);
#2279=CYLINDRICAL_SURFACE('',#2278,9.9E-1);
#2280=ORIENTED_EDGE('',*,*,#1462,.F.);
#2281=ORIENTED_EDGE('',*,*,#1440,.F.);
#2282=ORIENTED_EDGE('',*,*,#1425,.F.);
#2283=ORIENTED_EDGE('',*,*,#1437,.F.);
#2284=EDGE_LOOP('',(#2280,#2281,#2282,#2283));
#2285=FACE_OUTER_BOUND('',#2284,.F.);
#2287=CARTESIAN_POINT('',(2.5E-1,0.E0,0.E0));
#2288=DIRECTION('',(-1.E0,0.E0,0.E0));
#2289=DIRECTION('',(0.E0,1.E0,0.E0));
#2290=AXIS2_PLACEMENT_3D('',#2287,#2288,#2289);
#2291=CONICAL_SURFACE('',#2290,4.349653663743E0,3.090535731315E1);
#2292=ORIENTED_EDGE('',*,*,#1320,.T.);
#2294=ORIENTED_EDGE('',*,*,#2293,.F.);
#2296=ORIENTED_EDGE('',*,*,#2295,.F.);
#2298=ORIENTED_EDGE('',*,*,#2297,.T.);
#2299=EDGE_LOOP('',(#2292,#2294,#2296,#2298));
#2300=FACE_OUTER_BOUND('',#2299,.F.);
#2302=CARTESIAN_POINT('',(2.5E-1,0.E0,0.E0));
#2303=DIRECTION('',(-1.E0,0.E0,0.E0));
#2304=DIRECTION('',(0.E0,1.E0,0.E0));
#2305=AXIS2_PLACEMENT_3D('',#2302,#2303,#2304);
#2306=CONICAL_SURFACE('',#2305,4.349653663743E0,3.090535731315E1);
#2307=ORIENTED_EDGE('',*,*,#1322,.T.);
#2308=ORIENTED_EDGE('',*,*,#2297,.F.);
#2310=ORIENTED_EDGE('',*,*,#2309,.T.);
#2311=ORIENTED_EDGE('',*,*,#2293,.T.);
#2312=EDGE_LOOP('',(#2307,#2308,#2310,#2311));
#2313=FACE_OUTER_BOUND('',#2312,.F.);
#2315=CARTESIAN_POINT('',(4.455E0,0.E0,0.E0));
#2316=DIRECTION('',(-1.E0,0.E0,0.E0));
#2317=DIRECTION('',(0.E0,1.E0,0.E0));
#2318=AXIS2_PLACEMENT_3D('',#2315,#2316,#2317);
#2319=CONICAL_SURFACE('',#2318,4.1375E0,9.053573131494E-1);
#2321=ORIENTED_EDGE('',*,*,#2320,.F.);
#2323=ORIENTED_EDGE('',*,*,#2322,.T.);
#2324=ORIENTED_EDGE('',*,*,#2309,.F.);
#2326=ORIENTED_EDGE('',*,*,#2325,.F.);
#2327=EDGE_LOOP('',(#2321,#2323,#2324,#2326));
#2328=FACE_OUTER_BOUND('',#2327,.F.);
#2330=CARTESIAN_POINT('',(8.485E0,0.E0,0.E0));
#2331=DIRECTION('',(-1.E0,0.E0,0.E0));
#2332=DIRECTION('',(0.E0,1.E0,0.E0));
#2333=AXIS2_PLACEMENT_3D('',#2330,#2331,#2332);
#2334=CONICAL_SURFACE('',#2333,4.E0,4.5E1);
#2336=ORIENTED_EDGE('',*,*,#2335,.F.);
#2338=ORIENTED_EDGE('',*,*,#2337,.T.);
#2339=ORIENTED_EDGE('',*,*,#2320,.T.);
#2341=ORIENTED_EDGE('',*,*,#2340,.F.);
#2342=EDGE_LOOP('',(#2336,#2338,#2339,#2341));
#2343=FACE_OUTER_BOUND('',#2342,.F.);
#2345=CARTESIAN_POINT('',(-4.65E-1,0.E0,0.E0));
#2346=DIRECTION('',(1.E0,0.E0,0.E0));
#2347=DIRECTION('',(0.E0,-1.E0,0.E0));
#2348=AXIS2_PLACEMENT_3D('',#2345,#2346,#2347);
#2349=CYLINDRICAL_SURFACE('',#2348,3.925E0);
#2350=ORIENTED_EDGE('',*,*,#2335,.T.);
#2352=ORIENTED_EDGE('',*,*,#2351,.F.);
#2354=ORIENTED_EDGE('',*,*,#2353,.T.);
#2356=ORIENTED_EDGE('',*,*,#2355,.T.);
#2357=EDGE_LOOP('',(#2350,#2352,#2354,#2356));
#2358=FACE_OUTER_BOUND('',#2357,.F.);
#2360=CARTESIAN_POINT('',(-4.65E-1,0.E0,0.E0));
#2361=DIRECTION('',(1.E0,0.E0,0.E0));
#2362=DIRECTION('',(0.E0,-1.E0,0.E0));
#2363=AXIS2_PLACEMENT_3D('',#2360,#2361,#2362);
#2364=CYLINDRICAL_SURFACE('',#2363,3.925E0);
#2366=ORIENTED_EDGE('',*,*,#2365,.T.);
#2367=ORIENTED_EDGE('',*,*,#2355,.F.);
#2369=ORIENTED_EDGE('',*,*,#2368,.F.);
#2370=ORIENTED_EDGE('',*,*,#2351,.T.);
#2371=EDGE_LOOP('',(#2366,#2367,#2369,#2370));
#2372=FACE_OUTER_BOUND('',#2371,.F.);
#2374=CARTESIAN_POINT('',(8.485E0,0.E0,0.E0));
#2375=DIRECTION('',(-1.E0,0.E0,0.E0));
#2376=DIRECTION('',(0.E0,1.E0,0.E0));
#2377=AXIS2_PLACEMENT_3D('',#2374,#2375,#2376);
#2378=CONICAL_SURFACE('',#2377,4.E0,4.5E1);
#2379=ORIENTED_EDGE('',*,*,#2365,.F.);
#2380=ORIENTED_EDGE('',*,*,#2340,.T.);
#2382=ORIENTED_EDGE('',*,*,#2381,.T.);
#2383=ORIENTED_EDGE('',*,*,#2337,.F.);
#2384=EDGE_LOOP('',(#2379,#2380,#2382,#2383));
#2385=FACE_OUTER_BOUND('',#2384,.F.);
#2387=CARTESIAN_POINT('',(4.455E0,0.E0,0.E0));
#2388=DIRECTION('',(-1.E0,0.E0,0.E0));
#2389=DIRECTION('',(0.E0,1.E0,0.E0));
#2390=AXIS2_PLACEMENT_3D('',#2387,#2388,#2389);
#2391=CONICAL_SURFACE('',#2390,4.1375E0,9.053573131494E-1);
#2392=ORIENTED_EDGE('',*,*,#2381,.F.);
#2393=ORIENTED_EDGE('',*,*,#2325,.T.);
#2394=ORIENTED_EDGE('',*,*,#2295,.T.);
#2395=ORIENTED_EDGE('',*,*,#2322,.F.);
#2396=EDGE_LOOP('',(#2392,#2393,#2394,#2395));
#2397=FACE_OUTER_BOUND('',#2396,.F.);
#2399=CARTESIAN_POINT('',(9.3E0,0.E0,0.E0));
#2400=DIRECTION('',(1.E0,0.E0,0.E0));
#2401=DIRECTION('',(0.E0,-1.E0,0.E0));
#2402=AXIS2_PLACEMENT_3D('',#2399,#2400,#2401);
#2403=PLANE('',#2402);
#2404=ORIENTED_EDGE('',*,*,#2368,.T.);
#2405=ORIENTED_EDGE('',*,*,#2353,.F.);
#2406=EDGE_LOOP('',(#2404,#2405));
#2407=FACE_OUTER_BOUND('',#2406,.F.);
#2409=ORIENTED_EDGE('',*,*,#2408,.T.);
#2411=ORIENTED_EDGE('',*,*,#2410,.T.);
#2412=EDGE_LOOP('',(#2409,#2411));
#2413=FACE_BOUND('',#2412,.F.);
#2415=OPEN_SHELL('',(#1326,#1349,#1373,#1395,#1429,#1444,#1456,#1467,#1482,
#1495,#1527,#1547,#1565,#1584,#1600,#1647,#1666,#1710,#1728,#1742,#1764,#1785,
#1807,#1829,#1842,#1869,#1881,#1894,#1907,#1919,#1944,#1957,#1970,#1982,#1994,
#2010,#2026,#2041,#2057,#2072,#2088,#2102,#2115,#2129,#2142,#2156,#2170,#2183,
#2197,#2210,#2222,#2236,#2250,#2262,#2274,#2286,#2301,#2314,#2329,#2344,#2359,
#2373,#2386,#2398,#2414));
#2416=CARTESIAN_POINT('',(1.550000024500E1,0.E0,0.E0));
#2417=DIRECTION('',(1.E0,0.E0,0.E0));
#2418=DIRECTION('',(0.E0,-1.E0,0.E0));
#2419=AXIS2_PLACEMENT_3D('',#2416,#2417,#2418);
#2421=CARTESIAN_POINT('',(1.550000024500E1,-1.420169017216E-14,0.E0));
#2422=DIRECTION('',(1.E0,0.E0,0.E0));
#2423=DIRECTION('',(0.E0,1.E0,0.E0));
#2424=AXIS2_PLACEMENT_3D('',#2421,#2422,#2423);
#2426=CARTESIAN_POINT('',(1.55E1,0.E0,0.E0));
#2427=DIRECTION('',(1.E0,0.E0,0.E0));
#2428=DIRECTION('',(0.E0,1.E0,0.E0));
#2429=AXIS2_PLACEMENT_3D('',#2426,#2427,#2428);
#2431=CARTESIAN_POINT('',(1.55E1,0.E0,0.E0));
#2432=DIRECTION('',(1.E0,0.E0,0.E0));
#2433=DIRECTION('',(0.E0,-1.E0,0.E0));
#2434=AXIS2_PLACEMENT_3D('',#2431,#2432,#2433);
#2436=CARTESIAN_POINT('',(1.529999965623E1,0.E0,0.E0));
#2437=DIRECTION('',(-1.E0,0.E0,0.E0));
#2438=DIRECTION('',(0.E0,1.E0,1.642104335672E-9));
#2439=AXIS2_PLACEMENT_3D('',#2436,#2437,#2438);
#2441=DIRECTION('',(-7.071066578955E-1,-7.071069044776E-1,8.960259246907E-10));
#2442=VECTOR('',#2441,2.828427124630E-1);
#2443=CARTESIAN_POINT('',(1.550000005745E1,-2.800000057423E0,
4.174198337597E-10));
#2444=LINE('',#2443,#2442);
#2445=CARTESIAN_POINT('',(1.529999965623E1,0.E0,0.E0));
#2446=DIRECTION('',(-1.E0,0.E0,0.E0));
#2447=DIRECTION('',(0.E0,-1.E0,-1.642104476640E-9));
#2448=AXIS2_PLACEMENT_3D('',#2445,#2446,#2447);
#2450=DIRECTION('',(-7.071066578955E-1,7.071069044776E-1,-8.960244315953E-10));
#2451=VECTOR('',#2450,2.828427124630E-1);
#2452=CARTESIAN_POINT('',(1.550000005745E1,2.800000057423E0,
-4.174208666937E-10));
#2453=LINE('',#2452,#2451);
#2454=CARTESIAN_POINT('',(1.550000024500E1,-2.799999927306E0,0.E0));
#2455=CARTESIAN_POINT('',(1.550000024500E1,2.799999927306E0,0.E0));
#2456=VERTEX_POINT('',#2454);
#2457=VERTEX_POINT('',#2455);
#2458=CARTESIAN_POINT('',(1.529999965623E1,-3.E0,6.268022750322E-9));
#2459=CARTESIAN_POINT('',(1.529999965623E1,3.E0,4.926313007015E-9));
#2460=VERTEX_POINT('',#2458);
#2461=VERTEX_POINT('',#2459);
#2462=CARTESIAN_POINT('',(1.55E1,-7.1E-1,0.E0));
#2463=CARTESIAN_POINT('',(1.55E1,7.1E-1,0.E0));
#2464=VERTEX_POINT('',#2462);
#2465=VERTEX_POINT('',#2463);
#2466=CARTESIAN_POINT('',(1.55E1,1.174412433513E-14,0.E0));
#2467=DIRECTION('',(-1.E0,0.E0,0.E0));
#2468=DIRECTION('',(0.E0,1.E0,0.E0));
#2469=AXIS2_PLACEMENT_3D('',#2466,#2467,#2468);
#2470=PLANE('',#2469);
#2472=ORIENTED_EDGE('',*,*,#2471,.F.);
#2474=ORIENTED_EDGE('',*,*,#2473,.F.);
#2475=EDGE_LOOP('',(#2472,#2474));
#2476=FACE_OUTER_BOUND('',#2475,.F.);
#2478=ORIENTED_EDGE('',*,*,#2477,.T.);
#2480=ORIENTED_EDGE('',*,*,#2479,.T.);
#2481=EDGE_LOOP('',(#2478,#2480));
#2482=FACE_BOUND('',#2481,.F.);
#2484=CARTESIAN_POINT('',(1.539999999956E1,0.E0,0.E0));
#2485=DIRECTION('',(-1.E0,0.E0,0.E0));
#2486=DIRECTION('',(0.E0,0.E0,-1.E0));
#2487=AXIS2_PLACEMENT_3D('',#2484,#2485,#2486);
#2488=CONICAL_SURFACE('',#2487,2.900000178907E0,4.500000176296E1);
#2489=ORIENTED_EDGE('',*,*,#2471,.T.);
#2491=ORIENTED_EDGE('',*,*,#2490,.T.);
#2493=ORIENTED_EDGE('',*,*,#2492,.T.);
#2495=ORIENTED_EDGE('',*,*,#2494,.F.);
#2496=EDGE_LOOP('',(#2489,#2491,#2493,#2495));
#2497=FACE_OUTER_BOUND('',#2496,.F.);
#2499=CARTESIAN_POINT('',(1.539999999956E1,-1.420169017216E-14,0.E0));
#2500=DIRECTION('',(-1.E0,0.E0,0.E0));
#2501=DIRECTION('',(0.E0,0.E0,-1.E0));
#2502=AXIS2_PLACEMENT_3D('',#2499,#2500,#2501);
#2503=CONICAL_SURFACE('',#2502,2.900000178907E0,4.500000176296E1);
#2504=ORIENTED_EDGE('',*,*,#2473,.T.);
#2505=ORIENTED_EDGE('',*,*,#2494,.T.);
#2507=ORIENTED_EDGE('',*,*,#2506,.T.);
#2508=ORIENTED_EDGE('',*,*,#2490,.F.);
#2509=EDGE_LOOP('',(#2504,#2505,#2507,#2508));
#2510=FACE_OUTER_BOUND('',#2509,.F.);
#2512=OPEN_SHELL('',(#2483,#2498,#2511));
#2513=CARTESIAN_POINT('',(2.099999633232E1,0.E0,0.E0));
#2514=DIRECTION('',(1.E0,0.E0,0.E0));
#2515=DIRECTION('',(0.E0,1.E0,0.E0));
#2516=AXIS2_PLACEMENT_3D('',#2513,#2514,#2515);
#2518=CARTESIAN_POINT('',(2.099999633232E1,0.E0,0.E0));
#2519=DIRECTION('',(1.E0,0.E0,0.E0));
#2520=DIRECTION('',(0.E0,-1.E0,0.E0));
#2521=AXIS2_PLACEMENT_3D('',#2518,#2519,#2520);
#2523=DIRECTION('',(0.E0,0.E0,-1.E0));
#2524=VECTOR('',#2523,4.044065500584E-2);
#2525=CARTESIAN_POINT('',(3.5E0,1.5E-1,-9.987898295355E-1));
#2526=LINE('',#2525,#2524);
#2527=CARTESIAN_POINT('',(3.5E0,1.138898849252E-14,0.E0));
#2528=DIRECTION('',(1.E0,0.E0,0.E0));
#2529=DIRECTION('',(0.E0,1.428571428571E-1,-9.897433186108E-1));
#2530=AXIS2_PLACEMENT_3D('',#2527,#2528,#2529);
#2532=DIRECTION('',(-1.098125660393E-14,-1.E0,-1.029492806618E-14));
#2533=VECTOR('',#2532,4.044065500585E-2);
#2534=CARTESIAN_POINT('',(3.5E0,1.039230484541E0,-1.5E-1));
#2535=LINE('',#2534,#2533);
#2536=DIRECTION('',(0.E0,-1.E0,0.E0));
#2537=VECTOR('',#2536,4.044065500583E-2);
#2538=CARTESIAN_POINT('',(3.5E0,-9.987898295355E-1,-1.5E-1));
#2539=LINE('',#2538,#2537);
#2540=CARTESIAN_POINT('',(3.5E0,1.138898849252E-14,0.E0));
#2541=DIRECTION('',(1.E0,0.E0,0.E0));
#2542=DIRECTION('',(0.E0,-9.897433186108E-1,-1.428571428571E-1));
#2543=AXIS2_PLACEMENT_3D('',#2540,#2541,#2542);
#2545=DIRECTION('',(0.E0,0.E0,1.E0));
#2546=VECTOR('',#2545,4.044065500584E-2);
#2547=CARTESIAN_POINT('',(3.5E0,-1.5E-1,-1.039230484541E0));
#2548=LINE('',#2547,#2546);
#2549=DIRECTION('',(0.E0,0.E0,-1.E0));
#2550=VECTOR('',#2549,4.044065500584E-2);
#2551=CARTESIAN_POINT('',(3.5E0,1.5E-1,1.039230484541E0));
#2552=LINE('',#2551,#2550);
#2553=DIRECTION('',(1.098125660393E-14,1.E0,0.E0));
#2554=VECTOR('',#2553,4.044065500585E-2);
#2555=CARTESIAN_POINT('',(3.5E0,9.987898295355E-1,1.5E-1));
#2556=LINE('',#2555,#2554);
#2557=CARTESIAN_POINT('',(3.5E0,1.138898849252E-14,0.E0));
#2558=DIRECTION('',(1.E0,0.E0,0.E0));
#2559=DIRECTION('',(0.E0,9.897433186108E-1,1.428571428571E-1));
#2560=AXIS2_PLACEMENT_3D('',#2557,#2558,#2559);
#2562=DIRECTION('',(0.E0,0.E0,1.E0));
#2563=VECTOR('',#2562,4.044065500584E-2);
#2564=CARTESIAN_POINT('',(3.5E0,-1.5E-1,9.987898295355E-1));
#2565=LINE('',#2564,#2563);
#2566=CARTESIAN_POINT('',(3.5E0,1.138898849252E-14,0.E0));
#2567=DIRECTION('',(1.E0,0.E0,0.E0));
#2568=DIRECTION('',(0.E0,-1.428571428572E-1,9.897433186108E-1));
#2569=AXIS2_PLACEMENT_3D('',#2566,#2567,#2568);
#2571=DIRECTION('',(0.E0,1.E0,0.E0));
#2572=VECTOR('',#2571,4.044065500583E-2);
#2573=CARTESIAN_POINT('',(3.5E0,-1.039230484541E0,1.5E-1));
#2574=LINE('',#2573,#2572);
#2575=CARTESIAN_POINT('',(2.079999693428E1,0.E0,0.E0));
#2576=DIRECTION('',(1.E0,0.E0,0.E0));
#2577=DIRECTION('',(0.E0,-1.E0,0.E0));
#2578=AXIS2_PLACEMENT_3D('',#2575,#2576,#2577);
#2580=CARTESIAN_POINT('',(1.43E1,0.E0,0.E0));
#2581=DIRECTION('',(-1.E0,0.E0,0.E0));
#2582=DIRECTION('',(0.E0,1.E0,0.E0));
#2583=AXIS2_PLACEMENT_3D('',#2580,#2581,#2582);
#2585=CARTESIAN_POINT('',(2.079999693428E1,0.E0,0.E0));
#2586=DIRECTION('',(1.E0,0.E0,0.E0));
#2587=DIRECTION('',(0.E0,1.E0,0.E0));
#2588=AXIS2_PLACEMENT_3D('',#2585,#2586,#2587);
#2590=DIRECTION('',(9.999999999998E-1,6.074598005506E-7,-4.500808046761E-10));
#2591=VECTOR('',#2590,6.499996053151E0);
#2592=CARTESIAN_POINT('',(1.43E1,-4.7E-1,0.E0));
#2593=LINE('',#2592,#2591);
#2594=CARTESIAN_POINT('',(1.43E1,0.E0,0.E0));
#2595=DIRECTION('',(-1.E0,0.E0,0.E0));
#2596=DIRECTION('',(0.E0,-1.E0,0.E0));
#2597=AXIS2_PLACEMENT_3D('',#2594,#2595,#2596);
#2599=DIRECTION('',(9.999999999998E-1,-6.074598008581E-7,4.500808116365E-10));
#2600=VECTOR('',#2599,6.499996053151E0);
#2601=CARTESIAN_POINT('',(1.43E1,4.7E-1,0.E0));
#2602=LINE('',#2601,#2600);
#2603=CARTESIAN_POINT('',(7.8E0,0.E0,0.E0));
#2604=DIRECTION('',(1.E0,0.E0,0.E0));
#2605=DIRECTION('',(0.E0,2.112676056338E-1,9.774282576280E-1));
#2606=AXIS2_PLACEMENT_3D('',#2603,#2604,#2605);
#2608=DIRECTION('',(-1.E0,0.E0,0.E0));
#2609=VECTOR('',#2608,4.126798711961E0);
#2610=CARTESIAN_POINT('',(7.8E0,-1.5E-1,6.939740629159E-1));
#2611=LINE('',#2610,#2609);
#2612=CARTESIAN_POINT('',(3.673201288039E0,0.E0,0.E0));
#2613=DIRECTION('',(1.E0,0.E0,0.E0));
#2614=DIRECTION('',(0.E0,-2.112676056338E-1,9.774282576280E-1));
#2615=AXIS2_PLACEMENT_3D('',#2612,#2613,#2614);
#2617=DIRECTION('',(1.E0,0.E0,0.E0));
#2618=VECTOR('',#2617,4.126798711961E0);
#2619=CARTESIAN_POINT('',(3.673201288039E0,-6.939740629159E-1,1.5E-1));
#2620=LINE('',#2619,#2618);
#2621=CARTESIAN_POINT('',(7.8E0,0.E0,0.E0));
#2622=DIRECTION('',(1.E0,0.E0,0.E0));
#2623=DIRECTION('',(0.E0,-9.774282576280E-1,2.112676056338E-1));
#2624=AXIS2_PLACEMENT_3D('',#2621,#2622,#2623);
#2626=CARTESIAN_POINT('',(8.7E0,0.E0,0.E0));
#2627=DIRECTION('',(1.E0,0.E0,0.E0));
#2628=DIRECTION('',(0.E0,1.E0,0.E0));
#2629=AXIS2_PLACEMENT_3D('',#2626,#2627,#2628);
#2631=DIRECTION('',(1.E0,0.E0,0.E0));
#2632=VECTOR('',#2631,9.E-1);
#2633=CARTESIAN_POINT('',(7.8E0,7.1E-1,0.E0));
#2634=LINE('',#2633,#2632);
#2635=CARTESIAN_POINT('',(7.8E0,0.E0,0.E0));
#2636=DIRECTION('',(1.E0,0.E0,0.E0));
#2637=DIRECTION('',(0.E0,1.E0,0.E0));
#2638=AXIS2_PLACEMENT_3D('',#2635,#2636,#2637);
#2640=DIRECTION('',(-1.E0,0.E0,0.E0));
#2641=VECTOR('',#2640,4.126798711961E0);
#2642=CARTESIAN_POINT('',(7.8E0,6.939740629159E-1,1.5E-1));
#2643=LINE('',#2642,#2641);
#2644=CARTESIAN_POINT('',(3.673201288039E0,0.E0,0.E0));
#2645=DIRECTION('',(1.E0,0.E0,0.E0));
#2646=DIRECTION('',(0.E0,9.774282576280E-1,2.112676056338E-1));
#2647=AXIS2_PLACEMENT_3D('',#2644,#2645,#2646);
#2649=DIRECTION('',(1.E0,0.E0,0.E0));
#2650=VECTOR('',#2649,4.126798711961E0);
#2651=CARTESIAN_POINT('',(3.673201288039E0,1.5E-1,6.939740629159E-1));
#2652=LINE('',#2651,#2650);
#2653=CARTESIAN_POINT('',(7.8E0,0.E0,0.E0));
#2654=DIRECTION('',(1.E0,0.E0,0.E0));
#2655=DIRECTION('',(0.E0,-1.E0,0.E0));
#2656=AXIS2_PLACEMENT_3D('',#2653,#2654,#2655);
#2658=DIRECTION('',(-1.E0,0.E0,0.E0));
#2659=VECTOR('',#2658,4.126798711961E0);
#2660=CARTESIAN_POINT('',(7.8E0,-6.939740629159E-1,-1.5E-1));
#2661=LINE('',#2660,#2659);
#2662=CARTESIAN_POINT('',(3.673201288039E0,0.E0,0.E0));
#2663=DIRECTION('',(1.E0,0.E0,0.E0));
#2664=DIRECTION('',(0.E0,-9.774282576280E-1,-2.112676056338E-1));
#2665=AXIS2_PLACEMENT_3D('',#2662,#2663,#2664);
#2667=DIRECTION('',(1.E0,0.E0,0.E0));
#2668=VECTOR('',#2667,4.126798711961E0);
#2669=CARTESIAN_POINT('',(3.673201288039E0,-1.5E-1,-6.939740629159E-1));
#2670=LINE('',#2669,#2668);
#2671=CARTESIAN_POINT('',(7.8E0,0.E0,0.E0));
#2672=DIRECTION('',(1.E0,0.E0,0.E0));
#2673=DIRECTION('',(0.E0,-2.112676056338E-1,-9.774282576280E-1));
#2674=AXIS2_PLACEMENT_3D('',#2671,#2672,#2673);
#2676=DIRECTION('',(-1.E0,0.E0,0.E0));
#2677=VECTOR('',#2676,4.126798711961E0);
#2678=CARTESIAN_POINT('',(7.8E0,1.5E-1,-6.939740629159E-1));
#2679=LINE('',#2678,#2677);
#2680=CARTESIAN_POINT('',(3.673201288039E0,0.E0,0.E0));
#2681=DIRECTION('',(1.E0,0.E0,0.E0));
#2682=DIRECTION('',(0.E0,2.112676056338E-1,-9.774282576280E-1));
#2683=AXIS2_PLACEMENT_3D('',#2680,#2681,#2682);
#2685=DIRECTION('',(1.E0,0.E0,0.E0));
#2686=VECTOR('',#2685,4.126798711961E0);
#2687=CARTESIAN_POINT('',(3.673201288039E0,6.939740629159E-1,-1.5E-1));
#2688=LINE('',#2687,#2686);
#2689=CARTESIAN_POINT('',(7.8E0,0.E0,0.E0));
#2690=DIRECTION('',(1.E0,0.E0,0.E0));
#2691=DIRECTION('',(0.E0,9.774282576280E-1,-2.112676056338E-1));
#2692=AXIS2_PLACEMENT_3D('',#2689,#2690,#2691);
#2694=CARTESIAN_POINT('',(8.7E0,0.E0,0.E0));
#2695=DIRECTION('',(1.E0,0.E0,0.E0));
#2696=DIRECTION('',(0.E0,-1.E0,0.E0));
#2697=AXIS2_PLACEMENT_3D('',#2694,#2695,#2696);
#2699=DIRECTION('',(1.E0,0.E0,0.E0));
#2700=VECTOR('',#2699,9.E-1);
#2701=CARTESIAN_POINT('',(7.8E0,-7.1E-1,0.E0));
#2702=LINE('',#2701,#2700);
#2703=DIRECTION('',(-5.150380749101E-1,8.571673007021E-1,0.E0));
#2704=VECTOR('',#2703,8.283097120229E-1);
#2705=CARTESIAN_POINT('',(9.126611039510E0,0.E0,0.E0));
#2706=LINE('',#2705,#2704);
#2707=DIRECTION('',(-5.150380749101E-1,-8.571673007021E-1,0.E0));
#2708=VECTOR('',#2707,8.283097120229E-1);
#2709=CARTESIAN_POINT('',(9.126611039510E0,0.E0,0.E0));
#2710=LINE('',#2709,#2708);
#2711=CARTESIAN_POINT('',(3.673201288039E0,1.5E-1,-6.939740629159E-1));
#2712=CARTESIAN_POINT('',(3.655203397232E0,1.5E-1,-7.258669129934E-1));
#2713=CARTESIAN_POINT('',(3.618344283932E0,1.5E-1,-7.909878403520E-1));
#2714=CARTESIAN_POINT('',(3.560535801059E0,1.5E-1,-8.926795827260E-1));
#2715=CARTESIAN_POINT('',(3.520436758190E0,1.5E-1,-9.629956955321E-1));
#2716=CARTESIAN_POINT('',(3.5E0,1.5E-1,-9.987898295355E-1));
#2718=CARTESIAN_POINT('',(3.5E0,0.E0,0.E0));
#2719=DIRECTION('',(1.E0,0.E0,0.E0));
#2720=DIRECTION('',(0.E0,1.485162255990E-1,-9.889099709952E-1));
#2721=AXIS2_PLACEMENT_3D('',#2718,#2719,#2720);
#2723=CARTESIAN_POINT('',(3.5E0,9.987898295355E-1,-1.5E-1));
#2724=CARTESIAN_POINT('',(3.520350246438E0,9.631472172751E-1,-1.5E-1));
#2725=CARTESIAN_POINT('',(3.560334546006E0,8.930328131224E-1,-1.5E-1));
#2726=CARTESIAN_POINT('',(3.618143282550E0,7.913422795253E-1,-1.5E-1));
#2727=CARTESIAN_POINT('',(3.655117863181E0,7.260184821251E-1,-1.5E-1));
#2728=CARTESIAN_POINT('',(3.673201288039E0,6.939740629159E-1,-1.5E-1));
#2730=CARTESIAN_POINT('',(3.673201288039E0,-6.939740629159E-1,-1.5E-1));
#2731=CARTESIAN_POINT('',(3.655203397232E0,-7.258669129934E-1,-1.5E-1));
#2732=CARTESIAN_POINT('',(3.618344283932E0,-7.909878403520E-1,-1.5E-1));
#2733=CARTESIAN_POINT('',(3.560535801059E0,-8.926795827260E-1,-1.5E-1));
#2734=CARTESIAN_POINT('',(3.520436758190E0,-9.629956955321E-1,-1.5E-1));
#2735=CARTESIAN_POINT('',(3.5E0,-9.987898295355E-1,-1.5E-1));
#2737=CARTESIAN_POINT('',(3.5E0,0.E0,0.E0));
#2738=DIRECTION('',(1.E0,0.E0,0.E0));
#2739=DIRECTION('',(0.E0,-9.889099709952E-1,-1.485162255990E-1));
#2740=AXIS2_PLACEMENT_3D('',#2737,#2738,#2739);
#2742=CARTESIAN_POINT('',(3.5E0,-1.5E-1,-9.987898295355E-1));
#2743=CARTESIAN_POINT('',(3.520349657766E0,-1.5E-1,-9.631482483105E-1));
#2744=CARTESIAN_POINT('',(3.560333192360E0,-1.5E-1,-8.930351908002E-1));
#2745=CARTESIAN_POINT('',(3.618143143540E0,-1.5E-1,-7.913425268119E-1));
#2746=CARTESIAN_POINT('',(3.655117809260E0,-1.5E-1,-7.260185776742E-1));
#2747=CARTESIAN_POINT('',(3.673201288039E0,-1.5E-1,-6.939740629159E-1));
#2749=CARTESIAN_POINT('',(3.5E0,1.5E-1,9.987898295355E-1));
#2750=CARTESIAN_POINT('',(3.520349656237E0,1.5E-1,9.631482509887E-1));
#2751=CARTESIAN_POINT('',(3.560333188798E0,1.5E-1,8.930351970513E-1));
#2752=CARTESIAN_POINT('',(3.618143139625E0,1.5E-1,7.913425337148E-1));
#2753=CARTESIAN_POINT('',(3.655117807593E0,1.5E-1,7.260185806291E-1));
#2754=CARTESIAN_POINT('',(3.673201288039E0,1.5E-1,6.939740629159E-1));
#2756=CARTESIAN_POINT('',(3.673201288039E0,6.939740629159E-1,1.5E-1));
#2757=CARTESIAN_POINT('',(3.655203484180E0,7.258667589199E-1,1.5E-1));
#2758=CARTESIAN_POINT('',(3.618344486585E0,7.909874832904E-1,1.5E-1));
#2759=CARTESIAN_POINT('',(3.560535839288E0,8.926795158807E-1,1.5E-1));
#2760=CARTESIAN_POINT('',(3.520436773701E0,9.629956683648E-1,1.5E-1));
#2761=CARTESIAN_POINT('',(3.5E0,9.987898295355E-1,1.5E-1));
#2763=CARTESIAN_POINT('',(3.5E0,0.E0,0.E0));
#2764=DIRECTION('',(1.E0,0.E0,0.E0));
#2765=DIRECTION('',(0.E0,9.889099709952E-1,1.485162255990E-1));
#2766=AXIS2_PLACEMENT_3D('',#2763,#2764,#2765);
#2768=CARTESIAN_POINT('',(3.673201288039E0,-1.5E-1,6.939740629159E-1));
#2769=CARTESIAN_POINT('',(3.655203394971E0,-1.5E-1,7.25866917E-1));
#2770=CARTESIAN_POINT('',(3.618344278622E0,-1.5E-1,7.909878497152E-1));
#2771=CARTESIAN_POINT('',(3.560535796049E0,-1.5E-1,8.926795915197E-1));
#2772=CARTESIAN_POINT('',(3.520436756038E0,-1.5E-1,9.629956993015E-1));
#2773=CARTESIAN_POINT('',(3.5E0,-1.5E-1,9.987898295355E-1));
#2775=CARTESIAN_POINT('',(3.5E0,0.E0,0.E0));
#2776=DIRECTION('',(1.E0,0.E0,0.E0));
#2777=DIRECTION('',(0.E0,-1.485162255990E-1,9.889099709952E-1));
#2778=AXIS2_PLACEMENT_3D('',#2775,#2776,#2777);
#2780=CARTESIAN_POINT('',(3.5E0,-9.987898295355E-1,1.5E-1));
#2781=CARTESIAN_POINT('',(3.520349657766E0,-9.631482483105E-1,1.5E-1));
#2782=CARTESIAN_POINT('',(3.560333192360E0,-8.930351908002E-1,1.5E-1));
#2783=CARTESIAN_POINT('',(3.618143143540E0,-7.913425268119E-1,1.5E-1));
#2784=CARTESIAN_POINT('',(3.655117809260E0,-7.260185776742E-1,1.5E-1));
#2785=CARTESIAN_POINT('',(3.673201288039E0,-6.939740629159E-1,1.5E-1));
#2787=DIRECTION('',(-7.071100477379E-1,-7.071035146201E-1,-2.420769291792E-9));
#2788=VECTOR('',#2787,2.828427122069E-1);
#2789=CARTESIAN_POINT('',(2.099999697688E1,-2.699969756275E-1,
-2.240826606237E-9));
#2790=LINE('',#2789,#2788);
#2791=DIRECTION('',(-7.071100477379E-1,7.071035146201E-1,2.420769429797E-9));
#2792=VECTOR('',#2791,2.828427122069E-1);
#2793=CARTESIAN_POINT('',(2.099999697688E1,2.699969756275E-1,
2.240826508085E-9));
#2794=LINE('',#2793,#2792);
#2795=CARTESIAN_POINT('',(1.43E1,4.7E-1,0.E0));
#2796=CARTESIAN_POINT('',(1.43E1,-4.7E-1,0.E0));
#2797=VERTEX_POINT('',#2795);
#2798=VERTEX_POINT('',#2796);
#2799=CARTESIAN_POINT('',(8.7E0,7.1E-1,0.E0));
#2800=CARTESIAN_POINT('',(8.7E0,-7.1E-1,0.E0));
#2801=VERTEX_POINT('',#2799);
#2802=VERTEX_POINT('',#2800);
#2803=CARTESIAN_POINT('',(9.126611039510E0,0.E0,0.E0));
#2804=VERTEX_POINT('',#2803);
#2805=CARTESIAN_POINT('',(3.5E0,1.039230484541E0,-1.5E-1));
#2806=CARTESIAN_POINT('',(3.5E0,9.987898295355E-1,-1.5E-1));
#2807=VERTEX_POINT('',#2805);
#2808=VERTEX_POINT('',#2806);
#2809=CARTESIAN_POINT('',(3.5E0,9.987898295355E-1,1.5E-1));
#2810=CARTESIAN_POINT('',(3.5E0,1.039230484541E0,1.5E-1));
#2811=VERTEX_POINT('',#2809);
#2812=VERTEX_POINT('',#2810);
#2813=CARTESIAN_POINT('',(7.8E0,7.1E-1,0.E0));
#2814=CARTESIAN_POINT('',(7.8E0,6.939740629159E-1,1.5E-1));
#2815=VERTEX_POINT('',#2813);
#2816=VERTEX_POINT('',#2814);
#2817=CARTESIAN_POINT('',(3.673201288039E0,6.939740629159E-1,1.5E-1));
#2818=VERTEX_POINT('',#2817);
#2819=CARTESIAN_POINT('',(7.8E0,6.939740629159E-1,-1.5E-1));
#2820=VERTEX_POINT('',#2819);
#2821=CARTESIAN_POINT('',(3.673201288039E0,6.939740629159E-1,-1.5E-1));
#2822=VERTEX_POINT('',#2821);
#2823=CARTESIAN_POINT('',(3.5E0,-1.5E-1,-1.039230484541E0));
#2824=CARTESIAN_POINT('',(3.5E0,-1.5E-1,-9.987898295355E-1));
#2825=VERTEX_POINT('',#2823);
#2826=VERTEX_POINT('',#2824);
#2827=CARTESIAN_POINT('',(3.5E0,1.5E-1,-9.987898295355E-1));
#2828=CARTESIAN_POINT('',(3.5E0,1.5E-1,-1.039230484541E0));
#2829=VERTEX_POINT('',#2827);
#2830=VERTEX_POINT('',#2828);
#2831=CARTESIAN_POINT('',(7.8E0,-1.5E-1,-6.939740629159E-1));
#2832=CARTESIAN_POINT('',(7.8E0,1.5E-1,-6.939740629159E-1));
#2833=VERTEX_POINT('',#2831);
#2834=VERTEX_POINT('',#2832);
#2835=CARTESIAN_POINT('',(3.673201288039E0,-1.5E-1,-6.939740629159E-1));
#2836=VERTEX_POINT('',#2835);
#2837=CARTESIAN_POINT('',(3.673201288039E0,1.5E-1,-6.939740629159E-1));
#2838=VERTEX_POINT('',#2837);
#2839=CARTESIAN_POINT('',(3.5E0,-1.039230484541E0,1.5E-1));
#2840=CARTESIAN_POINT('',(3.5E0,-9.987898295355E-1,1.5E-1));
#2841=VERTEX_POINT('',#2839);
#2842=VERTEX_POINT('',#2840);
#2843=CARTESIAN_POINT('',(3.5E0,-9.987898295355E-1,-1.5E-1));
#2844=CARTESIAN_POINT('',(3.5E0,-1.039230484541E0,-1.5E-1));
#2845=VERTEX_POINT('',#2843);
#2846=VERTEX_POINT('',#2844);
#2847=CARTESIAN_POINT('',(7.8E0,-6.939740629159E-1,1.5E-1));
#2848=CARTESIAN_POINT('',(7.8E0,-7.1E-1,0.E0));
#2849=VERTEX_POINT('',#2847);
#2850=VERTEX_POINT('',#2848);
#2851=CARTESIAN_POINT('',(3.673201288039E0,-6.939740629159E-1,1.5E-1));
#2852=VERTEX_POINT('',#2851);
#2853=CARTESIAN_POINT('',(7.8E0,-6.939740629159E-1,-1.5E-1));
#2854=VERTEX_POINT('',#2853);
#2855=CARTESIAN_POINT('',(3.673201288039E0,-6.939740629159E-1,-1.5E-1));
#2856=VERTEX_POINT('',#2855);
#2857=CARTESIAN_POINT('',(3.5E0,1.5E-1,1.039230484541E0));
#2858=CARTESIAN_POINT('',(3.5E0,1.5E-1,9.987898295355E-1));
#2859=VERTEX_POINT('',#2857);
#2860=VERTEX_POINT('',#2858);
#2861=CARTESIAN_POINT('',(3.5E0,-1.5E-1,9.987898295355E-1));
#2862=CARTESIAN_POINT('',(3.5E0,-1.5E-1,1.039230484541E0));
#2863=VERTEX_POINT('',#2861);
#2864=VERTEX_POINT('',#2862);
#2865=CARTESIAN_POINT('',(7.8E0,1.5E-1,6.939740629159E-1));
#2866=CARTESIAN_POINT('',(7.8E0,-1.5E-1,6.939740629159E-1));
#2867=VERTEX_POINT('',#2865);
#2868=VERTEX_POINT('',#2866);
#2869=CARTESIAN_POINT('',(3.673201288039E0,1.5E-1,6.939740629159E-1));
#2870=VERTEX_POINT('',#2869);
#2871=CARTESIAN_POINT('',(3.673201288039E0,-1.5E-1,6.939740629159E-1));
#2872=VERTEX_POINT('',#2871);
#2873=CARTESIAN_POINT('',(2.099999633232E1,2.699945964722E-1,0.E0));
#2874=CARTESIAN_POINT('',(2.099999633232E1,-2.699945964722E-1,0.E0));
#2875=VERTEX_POINT('',#2873);
#2876=VERTEX_POINT('',#2874);
#2877=CARTESIAN_POINT('',(2.079999693428E1,4.7E-1,0.E0));
#2878=CARTESIAN_POINT('',(2.079999693428E1,-4.7E-1,0.E0));
#2879=VERTEX_POINT('',#2877);
#2880=VERTEX_POINT('',#2878);
#2881=CARTESIAN_POINT('',(2.1E1,0.E0,0.E0));
#2882=DIRECTION('',(1.E0,0.E0,0.E0));
#2883=DIRECTION('',(0.E0,-1.E0,0.E0));
#2884=AXIS2_PLACEMENT_3D('',#2881,#2882,#2883);
#2885=PLANE('',#2884);
#2887=ORIENTED_EDGE('',*,*,#2886,.F.);
#2889=ORIENTED_EDGE('',*,*,#2888,.F.);
#2890=EDGE_LOOP('',(#2887,#2889));
#2891=FACE_OUTER_BOUND('',#2890,.F.);
#2893=CARTESIAN_POINT('',(3.5E0,0.E0,0.E0));
#2894=DIRECTION('',(1.E0,0.E0,0.E0));
#2895=DIRECTION('',(0.E0,-1.E0,0.E0));
#2896=AXIS2_PLACEMENT_3D('',#2893,#2894,#2895);
#2897=PLANE('',#2896);
#2899=ORIENTED_EDGE('',*,*,#2898,.T.);
#2901=ORIENTED_EDGE('',*,*,#2900,.T.);
#2903=ORIENTED_EDGE('',*,*,#2902,.T.);
#2905=ORIENTED_EDGE('',*,*,#2904,.F.);
#2906=EDGE_LOOP('',(#2899,#2901,#2903,#2905));
#2907=FACE_OUTER_BOUND('',#2906,.F.);
#2909=CARTESIAN_POINT('',(3.5E0,0.E0,0.E0));
#2910=DIRECTION('',(1.E0,0.E0,0.E0));
#2911=DIRECTION('',(0.E0,-1.E0,0.E0));
#2912=AXIS2_PLACEMENT_3D('',#2909,#2910,#2911);
#2913=PLANE('',#2912);
#2915=ORIENTED_EDGE('',*,*,#2914,.T.);
#2917=ORIENTED_EDGE('',*,*,#2916,.T.);
#2919=ORIENTED_EDGE('',*,*,#2918,.T.);
#2921=ORIENTED_EDGE('',*,*,#2920,.F.);
#2922=EDGE_LOOP('',(#2915,#2917,#2919,#2921));
#2923=FACE_OUTER_BOUND('',#2922,.F.);
#2925=CARTESIAN_POINT('',(3.5E0,0.E0,0.E0));
#2926=DIRECTION('',(1.E0,0.E0,0.E0));
#2927=DIRECTION('',(0.E0,-1.E0,0.E0));
#2928=AXIS2_PLACEMENT_3D('',#2925,#2926,#2927);
#2929=PLANE('',#2928);
#2931=ORIENTED_EDGE('',*,*,#2930,.T.);
#2933=ORIENTED_EDGE('',*,*,#2932,.F.);
#2935=ORIENTED_EDGE('',*,*,#2934,.T.);
#2937=ORIENTED_EDGE('',*,*,#2936,.T.);
#2938=EDGE_LOOP('',(#2931,#2933,#2935,#2937));
#2939=FACE_OUTER_BOUND('',#2938,.F.);
#2941=CARTESIAN_POINT('',(3.5E0,0.E0,0.E0));
#2942=DIRECTION('',(1.E0,0.E0,0.E0));
#2943=DIRECTION('',(0.E0,-1.E0,0.E0));
#2944=AXIS2_PLACEMENT_3D('',#2941,#2942,#2943);
#2945=PLANE('',#2944);
#2947=ORIENTED_EDGE('',*,*,#2946,.T.);
#2949=ORIENTED_EDGE('',*,*,#2948,.T.);
#2951=ORIENTED_EDGE('',*,*,#2950,.T.);
#2953=ORIENTED_EDGE('',*,*,#2952,.F.);
#2954=EDGE_LOOP('',(#2947,#2949,#2951,#2953));
#2955=FACE_OUTER_BOUND('',#2954,.F.);
#2957=CARTESIAN_POINT('',(2.1335E1,0.E0,0.E0));
#2958=DIRECTION('',(-1.E0,0.E0,0.E0));
#2959=DIRECTION('',(0.E0,1.E0,0.E0));
#2960=AXIS2_PLACEMENT_3D('',#2957,#2958,#2959);
#2961=CYLINDRICAL_SURFACE('',#2960,4.7E-1);
#2963=ORIENTED_EDGE('',*,*,#2962,.T.);
#2965=ORIENTED_EDGE('',*,*,#2964,.F.);
#2967=ORIENTED_EDGE('',*,*,#2966,.T.);
#2969=ORIENTED_EDGE('',*,*,#2968,.T.);
#2970=EDGE_LOOP('',(#2963,#2965,#2967,#2969));
#2971=FACE_OUTER_BOUND('',#2970,.F.);
#2973=CARTESIAN_POINT('',(2.1335E1,0.E0,0.E0));
#2974=DIRECTION('',(-1.E0,0.E0,0.E0));
#2975=DIRECTION('',(0.E0,1.E0,0.E0));
#2976=AXIS2_PLACEMENT_3D('',#2973,#2974,#2975);
#2977=CYLINDRICAL_SURFACE('',#2976,4.7E-1);
#2979=ORIENTED_EDGE('',*,*,#2978,.T.);
#2980=ORIENTED_EDGE('',*,*,#2968,.F.);
#2982=ORIENTED_EDGE('',*,*,#2981,.T.);
#2983=ORIENTED_EDGE('',*,*,#2964,.T.);
#2984=EDGE_LOOP('',(#2979,#2980,#2982,#2983));
#2985=FACE_OUTER_BOUND('',#2984,.F.);
#2987=CARTESIAN_POINT('',(3.5E0,0.E0,0.E0));
#2988=DIRECTION('',(1.E0,0.E0,0.E0));
#2989=DIRECTION('',(0.E0,1.E0,0.E0));
#2990=AXIS2_PLACEMENT_3D('',#2987,#2988,#2989);
#2991=CYLINDRICAL_SURFACE('',#2990,7.1E-1);
#2993=ORIENTED_EDGE('',*,*,#2992,.T.);
#2995=ORIENTED_EDGE('',*,*,#2994,.T.);
#2997=ORIENTED_EDGE('',*,*,#2996,.T.);
#2999=ORIENTED_EDGE('',*,*,#2998,.T.);
#3001=ORIENTED_EDGE('',*,*,#3000,.T.);
#3003=ORIENTED_EDGE('',*,*,#3002,.T.);
#3005=ORIENTED_EDGE('',*,*,#3004,.F.);
#3007=ORIENTED_EDGE('',*,*,#3006,.F.);
#3009=ORIENTED_EDGE('',*,*,#3008,.T.);
#3011=ORIENTED_EDGE('',*,*,#3010,.T.);
#3013=ORIENTED_EDGE('',*,*,#3012,.T.);
#3015=ORIENTED_EDGE('',*,*,#3014,.T.);
#3016=EDGE_LOOP('',(#2993,#2995,#2997,#2999,#3001,#3003,#3005,#3007,#3009,#3011,
#3013,#3015));
#3017=FACE_OUTER_BOUND('',#3016,.F.);
#3019=CARTESIAN_POINT('',(3.5E0,0.E0,0.E0));
#3020=DIRECTION('',(1.E0,0.E0,0.E0));
#3021=DIRECTION('',(0.E0,1.E0,0.E0));
#3022=AXIS2_PLACEMENT_3D('',#3019,#3020,#3021);
#3023=CYLINDRICAL_SURFACE('',#3022,7.1E-1);
#3025=ORIENTED_EDGE('',*,*,#3024,.T.);
#3027=ORIENTED_EDGE('',*,*,#3026,.T.);
#3029=ORIENTED_EDGE('',*,*,#3028,.T.);
#3031=ORIENTED_EDGE('',*,*,#3030,.T.);
#3033=ORIENTED_EDGE('',*,*,#3032,.T.);
#3035=ORIENTED_EDGE('',*,*,#3034,.T.);
#3037=ORIENTED_EDGE('',*,*,#3036,.T.);
#3039=ORIENTED_EDGE('',*,*,#3038,.T.);
#3041=ORIENTED_EDGE('',*,*,#3040,.T.);
#3042=ORIENTED_EDGE('',*,*,#3006,.T.);
#3044=ORIENTED_EDGE('',*,*,#3043,.F.);
#3045=ORIENTED_EDGE('',*,*,#3002,.F.);
#3046=EDGE_LOOP('',(#3025,#3027,#3029,#3031,#3033,#3035,#3037,#3039,#3041,#3042,
#3044,#3045));
#3047=FACE_OUTER_BOUND('',#3046,.F.);
#3049=CARTESIAN_POINT('',(8.909039409360E0,0.E0,0.E0));
#3050=DIRECTION('',(-1.E0,0.E0,0.E0));
#3051=DIRECTION('',(0.E0,1.E0,0.E0));
#3052=AXIS2_PLACEMENT_3D('',#3049,#3050,#3051);
#3053=CONICAL_SURFACE('',#3052,3.621E-1,5.9E1);
#3054=ORIENTED_EDGE('',*,*,#3004,.T.);
#3056=ORIENTED_EDGE('',*,*,#3055,.F.);
#3058=ORIENTED_EDGE('',*,*,#3057,.T.);
#3059=EDGE_LOOP('',(#3054,#3056,#3058));
#3060=FACE_OUTER_BOUND('',#3059,.F.);
#3062=CARTESIAN_POINT('',(8.909039409360E0,0.E0,0.E0));
#3063=DIRECTION('',(-1.E0,0.E0,0.E0));
#3064=DIRECTION('',(0.E0,1.E0,0.E0));
#3065=AXIS2_PLACEMENT_3D('',#3062,#3063,#3064);
#3066=CONICAL_SURFACE('',#3065,3.621E-1,5.9E1);
#3067=ORIENTED_EDGE('',*,*,#3043,.T.);
#3068=ORIENTED_EDGE('',*,*,#3057,.F.);
#3069=ORIENTED_EDGE('',*,*,#3055,.T.);
#3070=EDGE_LOOP('',(#3067,#3068,#3069));
#3071=FACE_OUTER_BOUND('',#3070,.F.);
#3073=CARTESIAN_POINT('',(3.586600644019E0,0.E0,0.E0));
#3074=DIRECTION('',(-1.E0,0.E0,0.E0));
#3075=DIRECTION('',(0.E0,0.E0,-1.E0));
#3076=AXIS2_PLACEMENT_3D('',#3073,#3074,#3075);
#3077=CONICAL_SURFACE('',#3076,8.599953275981E-1,5.999977045116E1);
#3079=ORIENTED_EDGE('',*,*,#3078,.T.);
#3080=ORIENTED_EDGE('',*,*,#2904,.T.);
#3082=ORIENTED_EDGE('',*,*,#3081,.T.);
#3083=ORIENTED_EDGE('',*,*,#3036,.F.);
#3084=EDGE_LOOP('',(#3079,#3080,#3082,#3083));
#3085=FACE_OUTER_BOUND('',#3084,.F.);
#3087=CARTESIAN_POINT('',(3.586600644019E0,0.E0,0.E0));
#3088=DIRECTION('',(-1.E0,0.E0,0.E0));
#3089=DIRECTION('',(0.E0,0.E0,-1.E0));
#3090=AXIS2_PLACEMENT_3D('',#3087,#3088,#3089);
#3091=CONICAL_SURFACE('',#3090,8.599953275981E-1,5.999977045116E1);
#3093=ORIENTED_EDGE('',*,*,#3092,.T.);
#3094=ORIENTED_EDGE('',*,*,#2920,.T.);
#3096=ORIENTED_EDGE('',*,*,#3095,.T.);
#3097=ORIENTED_EDGE('',*,*,#3028,.F.);
#3098=EDGE_LOOP('',(#3093,#3094,#3096,#3097));
#3099=FACE_OUTER_BOUND('',#3098,.F.);
#3101=CARTESIAN_POINT('',(3.586600644019E0,0.E0,0.E0));
#3102=DIRECTION('',(-1.E0,0.E0,0.E0));
#3103=DIRECTION('',(0.E0,0.E0,-1.E0));
#3104=AXIS2_PLACEMENT_3D('',#3101,#3102,#3103);
#3105=CONICAL_SURFACE('',#3104,8.599953275981E-1,5.999977045116E1);
#3107=ORIENTED_EDGE('',*,*,#3106,.T.);
#3108=ORIENTED_EDGE('',*,*,#3012,.F.);
#3110=ORIENTED_EDGE('',*,*,#3109,.T.);
#3111=ORIENTED_EDGE('',*,*,#2932,.T.);
#3112=EDGE_LOOP('',(#3107,#3108,#3110,#3111));
#3113=FACE_OUTER_BOUND('',#3112,.F.);
#3115=CARTESIAN_POINT('',(3.586600644019E0,0.E0,0.E0));
#3116=DIRECTION('',(-1.E0,0.E0,0.E0));
#3117=DIRECTION('',(0.E0,0.E0,-1.E0));
#3118=AXIS2_PLACEMENT_3D('',#3115,#3116,#3117);
#3119=CONICAL_SURFACE('',#3118,8.599953275981E-1,5.999977045116E1);
#3121=ORIENTED_EDGE('',*,*,#3120,.T.);
#3122=ORIENTED_EDGE('',*,*,#2952,.T.);
#3124=ORIENTED_EDGE('',*,*,#3123,.T.);
#3125=ORIENTED_EDGE('',*,*,#2996,.F.);
#3126=EDGE_LOOP('',(#3121,#3122,#3124,#3125));
#3127=FACE_OUTER_BOUND('',#3126,.F.);
#3129=CARTESIAN_POINT('',(2.089999153098E1,0.E0,0.E0));
#3130=DIRECTION('',(-1.E0,0.E0,0.E0));
#3131=DIRECTION('',(0.E0,0.E0,-1.E0));
#3132=AXIS2_PLACEMENT_3D('',#3129,#3130,#3131);
#3133=CONICAL_SURFACE('',#3132,3.699960379921E-1,4.499903751177E1);
#3134=ORIENTED_EDGE('',*,*,#2888,.T.);
#3136=ORIENTED_EDGE('',*,*,#3135,.T.);
#3137=ORIENTED_EDGE('',*,*,#2962,.F.);
#3139=ORIENTED_EDGE('',*,*,#3138,.F.);
#3140=EDGE_LOOP('',(#3134,#3136,#3137,#3139));
#3141=FACE_OUTER_BOUND('',#3140,.F.);
#3143=CARTESIAN_POINT('',(2.089999153098E1,0.E0,0.E0));
#3144=DIRECTION('',(-1.E0,0.E0,0.E0));
#3145=DIRECTION('',(0.E0,0.E0,-1.E0));
#3146=AXIS2_PLACEMENT_3D('',#3143,#3144,#3145);
#3147=CONICAL_SURFACE('',#3146,3.699960379921E-1,4.499903751177E1);
#3148=ORIENTED_EDGE('',*,*,#2886,.T.);
#3149=ORIENTED_EDGE('',*,*,#3138,.T.);
#3150=ORIENTED_EDGE('',*,*,#2978,.F.);
#3151=ORIENTED_EDGE('',*,*,#3135,.F.);
#3152=EDGE_LOOP('',(#3148,#3149,#3150,#3151));
#3153=FACE_OUTER_BOUND('',#3152,.F.);
#3155=OPEN_SHELL('',(#2892,#2908,#2924,#2940,#2956,#2972,#2986,#3018,#3048,
#3061,#3072,#3086,#3100,#3114,#3128,#3142,#3154));
#3156=CARTESIAN_POINT('',(3.3E0,0.E0,0.E0));
#3157=DIRECTION('',(1.E0,0.E0,0.E0));
#3158=DIRECTION('',(0.E0,1.E0,0.E0));
#3159=AXIS2_PLACEMENT_3D('',#3156,#3157,#3158);
#3161=CARTESIAN_POINT('',(3.3E0,0.E0,0.E0));
#3162=DIRECTION('',(1.E0,0.E0,0.E0));
#3163=DIRECTION('',(0.E0,-1.E0,0.E0));
#3164=AXIS2_PLACEMENT_3D('',#3161,#3162,#3163);
#3166=CARTESIAN_POINT('',(3.3E0,0.E0,0.E0));
#3167=DIRECTION('',(1.E0,0.E0,0.E0));
#3168=DIRECTION('',(0.E0,1.E0,0.E0));
#3169=AXIS2_PLACEMENT_3D('',#3166,#3167,#3168);
#3171=CARTESIAN_POINT('',(3.3E0,0.E0,0.E0));
#3172=DIRECTION('',(1.E0,0.E0,0.E0));
#3173=DIRECTION('',(0.E0,-1.E0,0.E0));
#3174=AXIS2_PLACEMENT_3D('',#3171,#3172,#3173);
#3176=DIRECTION('',(1.E0,0.E0,0.E0));
#3177=VECTOR('',#3176,5.2E0);
#3178=CARTESIAN_POINT('',(3.3E0,-2.35E0,0.E0));
#3179=LINE('',#3178,#3177);
#3180=DIRECTION('',(1.E0,0.E0,0.E0));
#3181=VECTOR('',#3180,5.2E0);
#3182=CARTESIAN_POINT('',(3.3E0,2.35E0,0.E0));
#3183=LINE('',#3182,#3181);
#3184=CARTESIAN_POINT('',(8.5E0,0.E0,0.E0));
#3185=DIRECTION('',(-1.E0,0.E0,0.E0));
#3186=DIRECTION('',(0.E0,1.E0,0.E0));
#3187=AXIS2_PLACEMENT_3D('',#3184,#3185,#3186);
#3189=CARTESIAN_POINT('',(8.5E0,0.E0,0.E0));
#3190=DIRECTION('',(1.E0,0.E0,0.E0));
#3191=DIRECTION('',(0.E0,1.E0,0.E0));
#3192=AXIS2_PLACEMENT_3D('',#3189,#3190,#3191);
#3194=CARTESIAN_POINT('',(8.5E0,0.E0,0.E0));
#3195=DIRECTION('',(1.E0,0.E0,0.E0));
#3196=DIRECTION('',(0.E0,1.E0,0.E0));
#3197=AXIS2_PLACEMENT_3D('',#3194,#3195,#3196);
#3199=CARTESIAN_POINT('',(8.5E0,0.E0,0.E0));
#3200=DIRECTION('',(1.E0,0.E0,0.E0));
#3201=DIRECTION('',(0.E0,-1.E0,0.E0));
#3202=AXIS2_PLACEMENT_3D('',#3199,#3200,#3201);
#3204=DIRECTION('',(1.E0,0.E0,0.E0));
#3205=VECTOR('',#3204,8.E-1);
#3206=CARTESIAN_POINT('',(8.5E0,-3.E0,0.E0));
#3207=LINE('',#3206,#3205);
#3208=DIRECTION('',(1.E0,0.E0,0.E0));
#3209=VECTOR('',#3208,8.E-1);
#3210=CARTESIAN_POINT('',(8.5E0,3.E0,0.E0));
#3211=LINE('',#3210,#3209);
#3212=CARTESIAN_POINT('',(9.3E0,0.E0,0.E0));
#3213=DIRECTION('',(-1.E0,0.E0,0.E0));
#3214=DIRECTION('',(0.E0,1.E0,0.E0));
#3215=AXIS2_PLACEMENT_3D('',#3212,#3213,#3214);
#3217=CARTESIAN_POINT('',(9.3E0,0.E0,0.E0));
#3218=DIRECTION('',(1.E0,0.E0,0.E0));
#3219=DIRECTION('',(0.E0,1.E0,0.E0));
#3220=AXIS2_PLACEMENT_3D('',#3217,#3218,#3219);
#3222=CARTESIAN_POINT('',(9.3E0,0.E0,0.E0));
#3223=DIRECTION('',(1.E0,0.E0,0.E0));
#3224=DIRECTION('',(0.E0,1.E0,0.E0));
#3225=AXIS2_PLACEMENT_3D('',#3222,#3223,#3224);
#3227=CARTESIAN_POINT('',(9.3E0,0.E0,0.E0));
#3228=DIRECTION('',(1.E0,0.E0,0.E0));
#3229=DIRECTION('',(0.E0,-1.E0,0.E0));
#3230=AXIS2_PLACEMENT_3D('',#3227,#3228,#3229);
#3232=CARTESIAN_POINT('',(9.8E0,0.E0,0.E0));
#3233=DIRECTION('',(-1.E0,0.E0,0.E0));
#3234=DIRECTION('',(0.E0,-1.E0,0.E0));
#3235=AXIS2_PLACEMENT_3D('',#3232,#3233,#3234);
#3237=DIRECTION('',(1.E0,0.E0,0.E0));
#3238=VECTOR('',#3237,6.5E0);
#3239=CARTESIAN_POINT('',(3.3E0,1.065E0,0.E0));
#3240=LINE('',#3239,#3238);
#3241=CARTESIAN_POINT('',(9.8E0,0.E0,0.E0));
#3242=DIRECTION('',(-1.E0,0.E0,0.E0));
#3243=DIRECTION('',(0.E0,1.E0,0.E0));
#3244=AXIS2_PLACEMENT_3D('',#3241,#3242,#3243);
#3246=DIRECTION('',(1.E0,0.E0,0.E0));
#3247=VECTOR('',#3246,6.5E0);
#3248=CARTESIAN_POINT('',(3.3E0,-1.065E0,0.E0));
#3249=LINE('',#3248,#3247);
#3250=CARTESIAN_POINT('',(9.3E0,3.E0,0.E0));
#3251=CARTESIAN_POINT('',(9.3E0,-3.E0,0.E0));
#3252=VERTEX_POINT('',#3250);
#3253=VERTEX_POINT('',#3251);
#3254=CARTESIAN_POINT('',(9.3E0,3.5E0,0.E0));
#3255=CARTESIAN_POINT('',(9.3E0,-3.5E0,0.E0));
#3256=VERTEX_POINT('',#3254);
#3257=VERTEX_POINT('',#3255);
#3258=CARTESIAN_POINT('',(8.5E0,2.35E0,0.E0));
#3259=CARTESIAN_POINT('',(8.5E0,-2.35E0,0.E0));
#3260=VERTEX_POINT('',#3258);
#3261=VERTEX_POINT('',#3259);
#3262=CARTESIAN_POINT('',(3.3E0,2.35E0,0.E0));
#3263=CARTESIAN_POINT('',(3.3E0,-2.35E0,0.E0));
#3264=VERTEX_POINT('',#3262);
#3265=VERTEX_POINT('',#3263);
#3266=CARTESIAN_POINT('',(8.5E0,3.E0,0.E0));
#3267=CARTESIAN_POINT('',(8.5E0,-3.E0,0.E0));
#3268=VERTEX_POINT('',#3266);
#3269=VERTEX_POINT('',#3267);
#3270=CARTESIAN_POINT('',(3.3E0,1.065E0,0.E0));
#3271=CARTESIAN_POINT('',(3.3E0,-1.065E0,0.E0));
#3272=VERTEX_POINT('',#3270);
#3273=VERTEX_POINT('',#3271);
#3274=CARTESIAN_POINT('',(9.8E0,1.065E0,0.E0));
#3275=CARTESIAN_POINT('',(9.8E0,-1.065E0,0.E0));
#3276=VERTEX_POINT('',#3274);
#3277=VERTEX_POINT('',#3275);
#3278=CARTESIAN_POINT('',(3.3E0,0.E0,0.E0));
#3279=DIRECTION('',(1.E0,0.E0,0.E0));
#3280=DIRECTION('',(0.E0,-1.E0,0.E0));
#3281=AXIS2_PLACEMENT_3D('',#3278,#3279,#3280);
#3282=PLANE('',#3281);
#3284=ORIENTED_EDGE('',*,*,#3283,.T.);
#3286=ORIENTED_EDGE('',*,*,#3285,.T.);
#3287=EDGE_LOOP('',(#3284,#3286));
#3288=FACE_OUTER_BOUND('',#3287,.F.);
#3290=ORIENTED_EDGE('',*,*,#3289,.F.);
#3292=ORIENTED_EDGE('',*,*,#3291,.F.);
#3293=EDGE_LOOP('',(#3290,#3292));
#3294=FACE_BOUND('',#3293,.F.);
#3296=CARTESIAN_POINT('',(3.04E0,0.E0,0.E0));
#3297=DIRECTION('',(1.E0,0.E0,0.E0));
#3298=DIRECTION('',(0.E0,-1.E0,0.E0));
#3299=AXIS2_PLACEMENT_3D('',#3296,#3297,#3298);
#3300=CYLINDRICAL_SURFACE('',#3299,2.35E0);
#3301=ORIENTED_EDGE('',*,*,#3283,.F.);
#3303=ORIENTED_EDGE('',*,*,#3302,.T.);
#3305=ORIENTED_EDGE('',*,*,#3304,.T.);
#3307=ORIENTED_EDGE('',*,*,#3306,.F.);
#3308=EDGE_LOOP('',(#3301,#3303,#3305,#3307));
#3309=FACE_OUTER_BOUND('',#3308,.F.);
#3311=CARTESIAN_POINT('',(3.04E0,0.E0,0.E0));
#3312=DIRECTION('',(1.E0,0.E0,0.E0));
#3313=DIRECTION('',(0.E0,-1.E0,0.E0));
#3314=AXIS2_PLACEMENT_3D('',#3311,#3312,#3313);
#3315=CYLINDRICAL_SURFACE('',#3314,2.35E0);
#3316=ORIENTED_EDGE('',*,*,#3285,.F.);
#3317=ORIENTED_EDGE('',*,*,#3306,.T.);
#3319=ORIENTED_EDGE('',*,*,#3318,.F.);
#3320=ORIENTED_EDGE('',*,*,#3302,.F.);
#3321=EDGE_LOOP('',(#3316,#3317,#3319,#3320));
#3322=FACE_OUTER_BOUND('',#3321,.F.);
#3324=CARTESIAN_POINT('',(8.5E0,0.E0,0.E0));
#3325=DIRECTION('',(1.E0,0.E0,0.E0));
#3326=DIRECTION('',(0.E0,-1.E0,0.E0));
#3327=AXIS2_PLACEMENT_3D('',#3324,#3325,#3326);
#3328=PLANE('',#3327);
#3330=ORIENTED_EDGE('',*,*,#3329,.T.);
#3332=ORIENTED_EDGE('',*,*,#3331,.T.);
#3333=EDGE_LOOP('',(#3330,#3332));
#3334=FACE_OUTER_BOUND('',#3333,.F.);
#3335=ORIENTED_EDGE('',*,*,#3318,.T.);
#3336=ORIENTED_EDGE('',*,*,#3304,.F.);
#3337=EDGE_LOOP('',(#3335,#3336));
#3338=FACE_BOUND('',#3337,.F.);
#3340=CARTESIAN_POINT('',(3.E0,0.E0,0.E0));
#3341=DIRECTION('',(1.E0,0.E0,0.E0));
#3342=DIRECTION('',(0.E0,-1.E0,0.E0));
#3343=AXIS2_PLACEMENT_3D('',#3340,#3341,#3342);
#3344=CYLINDRICAL_SURFACE('',#3343,3.E0);
#3345=ORIENTED_EDGE('',*,*,#3329,.F.);
#3347=ORIENTED_EDGE('',*,*,#3346,.T.);
#3349=ORIENTED_EDGE('',*,*,#3348,.T.);
#3351=ORIENTED_EDGE('',*,*,#3350,.F.);
#3352=EDGE_LOOP('',(#3345,#3347,#3349,#3351));
#3353=FACE_OUTER_BOUND('',#3352,.F.);
#3355=CARTESIAN_POINT('',(3.E0,0.E0,0.E0));
#3356=DIRECTION('',(1.E0,0.E0,0.E0));
#3357=DIRECTION('',(0.E0,-1.E0,0.E0));
#3358=AXIS2_PLACEMENT_3D('',#3355,#3356,#3357);
#3359=CYLINDRICAL_SURFACE('',#3358,3.E0);
#3360=ORIENTED_EDGE('',*,*,#3331,.F.);
#3361=ORIENTED_EDGE('',*,*,#3350,.T.);
#3363=ORIENTED_EDGE('',*,*,#3362,.F.);
#3364=ORIENTED_EDGE('',*,*,#3346,.F.);
#3365=EDGE_LOOP('',(#3360,#3361,#3363,#3364));
#3366=FACE_OUTER_BOUND('',#3365,.F.);
#3368=CARTESIAN_POINT('',(9.3E0,0.E0,0.E0));
#3369=DIRECTION('',(1.E0,0.E0,0.E0));
#3370=DIRECTION('',(0.E0,-1.E0,0.E0));
#3371=AXIS2_PLACEMENT_3D('',#3368,#3369,#3370);
#3372=PLANE('',#3371);
#3374=ORIENTED_EDGE('',*,*,#3373,.T.);
#3376=ORIENTED_EDGE('',*,*,#3375,.T.);
#3377=EDGE_LOOP('',(#3374,#3376));
#3378=FACE_OUTER_BOUND('',#3377,.F.);
#3379=ORIENTED_EDGE('',*,*,#3362,.T.);
#3380=ORIENTED_EDGE('',*,*,#3348,.F.);
#3381=EDGE_LOOP('',(#3379,#3380));
#3382=FACE_BOUND('',#3381,.F.);
#3384=CARTESIAN_POINT('',(3.3E0,0.E0,0.E0));
#3385=DIRECTION('',(1.E0,0.E0,0.E0));
#3386=DIRECTION('',(0.E0,1.E0,0.E0));
#3387=AXIS2_PLACEMENT_3D('',#3384,#3385,#3386);
#3388=CYLINDRICAL_SURFACE('',#3387,1.065E0);
#3389=ORIENTED_EDGE('',*,*,#3289,.T.);
#3391=ORIENTED_EDGE('',*,*,#3390,.T.);
#3393=ORIENTED_EDGE('',*,*,#3392,.T.);
#3395=ORIENTED_EDGE('',*,*,#3394,.F.);
#3396=EDGE_LOOP('',(#3389,#3391,#3393,#3395));
#3397=FACE_OUTER_BOUND('',#3396,.F.);
#3399=CARTESIAN_POINT('',(3.3E0,0.E0,0.E0));
#3400=DIRECTION('',(1.E0,0.E0,0.E0));
#3401=DIRECTION('',(0.E0,1.E0,0.E0));
#3402=AXIS2_PLACEMENT_3D('',#3399,#3400,#3401);
#3403=CYLINDRICAL_SURFACE('',#3402,1.065E0);
#3404=ORIENTED_EDGE('',*,*,#3291,.T.);
#3405=ORIENTED_EDGE('',*,*,#3394,.T.);
#3407=ORIENTED_EDGE('',*,*,#3406,.T.);
#3408=ORIENTED_EDGE('',*,*,#3390,.F.);
#3409=EDGE_LOOP('',(#3404,#3405,#3407,#3408));
#3410=FACE_OUTER_BOUND('',#3409,.F.);
#3412=OPEN_SHELL('',(#3295,#3310,#3323,#3339,#3354,#3367,#3383,#3398,#3411));
#3413=SHELL_BASED_SURFACE_MODEL('',(#2415,#2512,#3155,#3412));
#3415=DIMENSIONAL_EXPONENTS(0.E0,0.E0,0.E0,0.E0,0.E0,0.E0,0.E0);
#3417=PLANE_ANGLE_MEASURE_WITH_UNIT(PLANE_ANGLE_MEASURE(1.745329251994E-2),
#3416);
#3418=(CONVERSION_BASED_UNIT('DEGREE',#3417)NAMED_UNIT(*)PLANE_ANGLE_UNIT());
#3420=UNCERTAINTY_MEASURE_WITH_UNIT(LENGTH_MEASURE(1.109313758926E-3),#3414,
'closure',
'Maximum model space distance between geometric entities at asserted connectivities');
#3423=APPLICATION_CONTEXT(
'CONFIGURATION CONTROLLED 3D DESIGNS OF MECHANICAL PARTS AND ASSEMBLIES');
#3424=APPLICATION_PROTOCOL_DEFINITION('international standard',
'config_control_design',1994,#3423);
#3425=DESIGN_CONTEXT('',#3423,'design');
#3426=MECHANICAL_CONTEXT('',#3423,'mechanical');
#3427=PRODUCT('31-5329-51RFX','31-5329-51RFX','NOT SPECIFIED',(#3426));
#3428=PRODUCT_DEFINITION_FORMATION_WITH_SPECIFIED_SOURCE('1','LAST_VERSION',
#3427,.MADE.);
#3432=PRODUCT_CATEGORY('part','');
#3433=PRODUCT_RELATED_PRODUCT_CATEGORY('detail','',(#3427));
#3434=PRODUCT_CATEGORY_RELATIONSHIP('','',#3432,#3433);
#3435=SECURITY_CLASSIFICATION_LEVEL('unclassified');
#3436=SECURITY_CLASSIFICATION('','',#3435);
#3437=CC_DESIGN_SECURITY_CLASSIFICATION(#3436,(#3428));
#3438=APPROVAL_STATUS('approved');
#3439=APPROVAL(#3438,'');
#3440=CC_DESIGN_APPROVAL(#3439,(#3436,#3428,#3429));
#3441=CALENDAR_DATE(114,17,4);
#3442=COORDINATED_UNIVERSAL_TIME_OFFSET(5,30,.AHEAD.);
#3443=LOCAL_TIME(18,18,2.E0,#3442);
#3444=DATE_AND_TIME(#3441,#3443);
#3445=APPROVAL_DATE_TIME(#3444,#3439);
#3446=DATE_TIME_ROLE('creation_date');
#3447=CC_DESIGN_DATE_AND_TIME_ASSIGNMENT(#3444,#3446,(#3429));
#3448=DATE_TIME_ROLE('classification_date');
#3449=CC_DESIGN_DATE_AND_TIME_ASSIGNMENT(#3444,#3448,(#3436));
#3450=PERSON('UNSPECIFIED','UNSPECIFIED',$,$,$,$);
#3451=ORGANIZATION('UNSPECIFIED','UNSPECIFIED','UNSPECIFIED');
#3452=PERSON_AND_ORGANIZATION(#3450,#3451);
#3453=APPROVAL_ROLE('approver');
#3454=APPROVAL_PERSON_ORGANIZATION(#3452,#3439,#3453);
#3455=PERSON_AND_ORGANIZATION_ROLE('creator');
#3456=CC_DESIGN_PERSON_AND_ORGANIZATION_ASSIGNMENT(#3452,#3455,(#3428,#3429));
#3457=PERSON_AND_ORGANIZATION_ROLE('design_supplier');
#3458=CC_DESIGN_PERSON_AND_ORGANIZATION_ASSIGNMENT(#3452,#3457,(#3428));
#3459=PERSON_AND_ORGANIZATION_ROLE('classification_officer');
#3460=CC_DESIGN_PERSON_AND_ORGANIZATION_ASSIGNMENT(#3452,#3459,(#3436));
#3461=PERSON_AND_ORGANIZATION_ROLE('design_owner');
#3462=CC_DESIGN_PERSON_AND_ORGANIZATION_ASSIGNMENT(#3452,#3461,(#3427));
#5=CIRCLE('',#4,4.8E0);
#10=CIRCLE('',#9,4.8E0);
#15=CIRCLE('',#14,4.499307327485E0);
#20=CIRCLE('',#19,4.499307327485E0);
#25=CIRCLE('',#24,4.8E0);
#40=B_SPLINE_CURVE_WITH_KNOTS('',3,(#30,#31,#32,#33,#34,#35,#36,#37,#38,#39),
.UNSPECIFIED.,.F.,.F.,(4,1,1,1,1,1,1,4),(0.E0,1.428571428571E-1,
2.857142857143E-1,4.285714285714E-1,5.714285714286E-1,7.142857142857E-1,
8.571428571429E-1,1.E0),.UNSPECIFIED.);
#52=B_SPLINE_CURVE_WITH_KNOTS('',3,(#41,#42,#43,#44,#45,#46,#47,#48,#49,#50,
#51),.UNSPECIFIED.,.F.,.F.,(4,1,1,1,1,1,1,1,4),(0.E0,1.25E-1,2.5E-1,3.75E-1,
5.E-1,6.25E-1,7.5E-1,8.75E-1,1.E0),.UNSPECIFIED.);
#61=CIRCLE('',#60,4.8E0);
#77=B_SPLINE_CURVE_WITH_KNOTS('',3,(#66,#67,#68,#69,#70,#71,#72,#73,#74,#75,
#76),.UNSPECIFIED.,.F.,.F.,(4,1,1,1,1,1,1,1,4),(0.E0,1.25E-1,2.5E-1,3.75E-1,
5.E-1,6.25E-1,7.5E-1,8.75E-1,1.E0),.UNSPECIFIED.);
#82=CIRCLE('',#81,4.8E0);
#93=B_SPLINE_CURVE_WITH_KNOTS('',3,(#83,#84,#85,#86,#87,#88,#89,#90,#91,#92),
.UNSPECIFIED.,.F.,.F.,(4,1,1,1,1,1,1,4),(0.E0,1.428571428571E-1,
2.857142857143E-1,4.285714285714E-1,5.714285714286E-1,7.142857142857E-1,
8.571428571429E-1,1.E0),.UNSPECIFIED.);
#102=CIRCLE('',#101,9.E0);
#107=CIRCLE('',#106,9.E0);
#112=CIRCLE('',#111,9.9E-1);
#117=CIRCLE('',#116,9.9E-1);
#128=B_SPLINE_CURVE_WITH_KNOTS('',3,(#118,#119,#120,#121,#122,#123,#124,#125,
#126,#127),.UNSPECIFIED.,.F.,.F.,(4,1,1,1,1,1,1,4),(0.E0,1.428571428571E-1,
2.857142857143E-1,4.285714285714E-1,5.714285714286E-1,7.142857142857E-1,
8.571428571429E-1,1.E0),.UNSPECIFIED.);
#143=B_SPLINE_CURVE_WITH_KNOTS('',3,(#133,#134,#135,#136,#137,#138,#139,#140,
#141,#142),.UNSPECIFIED.,.F.,.F.,(4,1,1,1,1,1,1,4),(0.E0,1.428571428571E-1,
2.857142857143E-1,4.285714285714E-1,5.714285714286E-1,7.142857142857E-1,
8.571428571429E-1,1.E0),.UNSPECIFIED.);
#148=CIRCLE('',#147,2.5E0);
#159=B_SPLINE_CURVE_WITH_KNOTS('',3,(#149,#150,#151,#152,#153,#154,#155,#156,
#157,#158),.UNSPECIFIED.,.F.,.F.,(4,1,1,1,1,1,1,4),(0.E0,1.428571428571E-1,
2.857142857143E-1,4.285714285714E-1,5.714285714286E-1,7.142857142857E-1,
8.571428571429E-1,1.E0),.UNSPECIFIED.);
#174=B_SPLINE_CURVE_WITH_KNOTS('',3,(#164,#165,#166,#167,#168,#169,#170,#171,
#172,#173),.UNSPECIFIED.,.F.,.F.,(4,1,1,1,1,1,1,4),(0.E0,1.428571428571E-1,
2.857142857143E-1,4.285714285714E-1,5.714285714286E-1,7.142857142857E-1,
8.571428571429E-1,1.E0),.UNSPECIFIED.);
#179=CIRCLE('',#178,2.5E0);
#198=B_SPLINE_CURVE_WITH_KNOTS('',3,(#180,#181,#182,#183,#184,#185,#186,#187,
#188,#189,#190,#191,#192,#193,#194,#195,#196,#197),.UNSPECIFIED.,.F.,.F.,(4,1,1,
1,1,1,1,1,1,1,1,1,1,1,1,4),(0.E0,6.666666666667E-2,1.333333333333E-1,2.E-1,
2.666666666667E-1,3.333333333333E-1,4.E-1,4.666666666667E-1,5.333333333333E-1,
6.E-1,6.666666666667E-1,7.333333333333E-1,8.E-1,8.666666666667E-1,
9.333333333333E-1,1.E0),.UNSPECIFIED.);
#225=B_SPLINE_CURVE_WITH_KNOTS('',3,(#207,#208,#209,#210,#211,#212,#213,#214,
#215,#216,#217,#218,#219,#220,#221,#222,#223,#224),.UNSPECIFIED.,.F.,.F.,(4,1,1,
1,1,1,1,1,1,1,1,1,1,1,1,4),(0.E0,6.666666666667E-2,1.333333333333E-1,2.E-1,
2.666666666667E-1,3.333333333333E-1,4.E-1,4.666666666667E-1,5.333333333333E-1,
6.E-1,6.666666666667E-1,7.333333333333E-1,8.E-1,8.666666666667E-1,
9.333333333333E-1,1.E0),.UNSPECIFIED.);
#244=B_SPLINE_CURVE_WITH_KNOTS('',3,(#226,#227,#228,#229,#230,#231,#232,#233,
#234,#235,#236,#237,#238,#239,#240,#241,#242,#243),.UNSPECIFIED.,.F.,.F.,(4,1,1,
1,1,1,1,1,1,1,1,1,1,1,1,4),(0.E0,6.666666666667E-2,1.333333333333E-1,2.E-1,
2.666666666667E-1,3.333333333333E-1,4.E-1,4.666666666667E-1,5.333333333333E-1,
6.E-1,6.666666666667E-1,7.333333333333E-1,8.E-1,8.666666666667E-1,
9.333333333333E-1,1.E0),.UNSPECIFIED.);
#257=CIRCLE('',#256,9.9E-1);
#262=CIRCLE('',#261,9.9E-1);
#270=B_SPLINE_CURVE_WITH_KNOTS('',3,(#263,#264,#265,#266,#267,#268,#269),
.UNSPECIFIED.,.F.,.F.,(4,1,1,1,4),(0.E0,2.5E-1,5.E-1,7.5E-1,1.E0),
.UNSPECIFIED.);
#275=CIRCLE('',#274,2.5E0);
#283=B_SPLINE_CURVE_WITH_KNOTS('',3,(#276,#277,#278,#279,#280,#281,#282),
.UNSPECIFIED.,.F.,.F.,(4,1,1,1,4),(0.E0,2.5E-1,5.E-1,7.5E-1,1.E0),
.UNSPECIFIED.);
#295=B_SPLINE_CURVE_WITH_KNOTS('',3,(#288,#289,#290,#291,#292,#293,#294),
.UNSPECIFIED.,.F.,.F.,(4,1,1,1,4),(0.E0,2.5E-1,5.E-1,7.5E-1,1.E0),
.UNSPECIFIED.);
#300=CIRCLE('',#299,2.5E0);
#308=B_SPLINE_CURVE_WITH_KNOTS('',3,(#301,#302,#303,#304,#305,#306,#307),
.UNSPECIFIED.,.F.,.F.,(4,1,1,1,4),(0.E0,2.5E-1,5.E-1,7.5E-1,1.E0),
.UNSPECIFIED.);
#317=CIRCLE('',#316,9.E0);
#322=CIRCLE('',#321,9.E0);
#327=CIRCLE('',#326,4.8E0);
#343=B_SPLINE_CURVE_WITH_KNOTS('',3,(#332,#333,#334,#335,#336,#337,#338,#339,
#340,#341,#342),.UNSPECIFIED.,.F.,.F.,(4,1,1,1,1,1,1,1,4),(0.E0,1.25E-1,2.5E-1,
3.75E-1,5.E-1,6.25E-1,7.5E-1,8.75E-1,1.E0),.UNSPECIFIED.);
#362=B_SPLINE_CURVE_WITH_KNOTS('',3,(#352,#353,#354,#355,#356,#357,#358,#359,
#360,#361),.UNSPECIFIED.,.F.,.F.,(4,1,1,1,1,1,1,4),(0.E0,1.428571428571E-1,
2.857142857143E-1,4.285714285714E-1,5.714285714286E-1,7.142857142857E-1,
8.571428571429E-1,1.E0),.UNSPECIFIED.);
#371=CIRCLE('',#370,4.8E0);
#386=B_SPLINE_CURVE_WITH_KNOTS('',3,(#376,#377,#378,#379,#380,#381,#382,#383,
#384,#385),.UNSPECIFIED.,.F.,.F.,(4,1,1,1,1,1,1,4),(0.E0,1.428571428571E-1,
2.857142857143E-1,4.285714285714E-1,5.714285714286E-1,7.142857142857E-1,
8.571428571429E-1,1.E0),.UNSPECIFIED.);
#395=CIRCLE('',#394,4.8E0);
#411=B_SPLINE_CURVE_WITH_KNOTS('',3,(#400,#401,#402,#403,#404,#405,#406,#407,
#408,#409,#410),.UNSPECIFIED.,.F.,.F.,(4,1,1,1,1,1,1,1,4),(0.E0,1.25E-1,2.5E-1,
3.75E-1,5.E-1,6.25E-1,7.5E-1,8.75E-1,1.E0),.UNSPECIFIED.);
#420=CIRCLE('',#419,5.5E0);
#425=CIRCLE('',#424,5.5E0);
#430=CIRCLE('',#429,5.5E0);
#443=CIRCLE('',#442,5.5E0);
#456=CIRCLE('',#455,5.5E0);
#469=CIRCLE('',#468,5.5E0);
#478=CIRCLE('',#477,5.5E0);
#487=CIRCLE('',#486,5.5E0);
#496=CIRCLE('',#495,5.5E0);
#509=CIRCLE('',#508,5.5E0);
#522=CIRCLE('',#521,5.5E0);
#535=CIRCLE('',#534,5.5E0);
#548=CIRCLE('',#547,5.5E0);
#557=CIRCLE('',#556,5.5E0);
#574=CIRCLE('',#573,3.05E0);
#583=CIRCLE('',#582,5.5E0);
#600=CIRCLE('',#599,5.5E0);
#609=CIRCLE('',#608,3.05E0);
#630=CIRCLE('',#629,5.5E0);
#639=CIRCLE('',#638,3.05E0);
#648=CIRCLE('',#647,5.5E0);
#665=CIRCLE('',#664,5.5E0);
#686=CIRCLE('',#685,5.5E0);
#695=CIRCLE('',#694,3.05E0);
#704=CIRCLE('',#703,3.05E0);
#717=CIRCLE('',#716,3.05E0);
#730=CIRCLE('',#729,3.05E0);
#739=CIRCLE('',#738,3.05E0);
#752=CIRCLE('',#751,3.05E0);
#761=CIRCLE('',#760,3.05E0);
#766=CIRCLE('',#765,3.05E0);
#779=CIRCLE('',#778,3.05E0);
#806=B_SPLINE_CURVE_WITH_KNOTS('',3,(#800,#801,#802,#803,#804,#805),
.UNSPECIFIED.,.F.,.F.,(4,1,1,4),(0.E0,3.333333333333E-1,6.666666666667E-1,1.E0),
.UNSPECIFIED.);
#813=B_SPLINE_CURVE_WITH_KNOTS('',3,(#807,#808,#809,#810,#811,#812),
.UNSPECIFIED.,.F.,.F.,(4,1,1,4),(0.E0,3.333333333333E-1,6.666666666667E-1,1.E0),
.UNSPECIFIED.);
#821=B_SPLINE_CURVE_WITH_KNOTS('',3,(#814,#815,#816,#817,#818,#819,#820),
.UNSPECIFIED.,.F.,.F.,(4,1,1,1,4),(0.E0,2.5E-1,5.E-1,7.5E-1,1.E0),
.UNSPECIFIED.);
#826=CIRCLE('',#825,4.97E0);
#831=CIRCLE('',#830,4.97E0);
#839=B_SPLINE_CURVE_WITH_KNOTS('',3,(#832,#833,#834,#835,#836,#837,#838),
.UNSPECIFIED.,.F.,.F.,(4,1,1,1,4),(0.E0,2.5E-1,5.E-1,7.5E-1,1.E0),
.UNSPECIFIED.);
#852=CIRCLE('',#851,4.97E0);
#873=CIRCLE('',#872,4.97E0);
#888=B_SPLINE_CURVE_WITH_KNOTS('',3,(#882,#883,#884,#885,#886,#887),
.UNSPECIFIED.,.F.,.F.,(4,1,1,4),(0.E0,3.333333333333E-1,6.666666666667E-1,1.E0),
.UNSPECIFIED.);
#899=B_SPLINE_CURVE_WITH_KNOTS('',3,(#893,#894,#895,#896,#897,#898),
.UNSPECIFIED.,.F.,.F.,(4,1,1,4),(0.E0,3.333333333333E-1,6.666666666667E-1,1.E0),
.UNSPECIFIED.);
#910=B_SPLINE_CURVE_WITH_KNOTS('',3,(#904,#905,#906,#907,#908,#909),
.UNSPECIFIED.,.F.,.F.,(4,1,1,4),(0.E0,3.333333333333E-1,6.666666666667E-1,1.E0),
.UNSPECIFIED.);
#921=B_SPLINE_CURVE_WITH_KNOTS('',3,(#915,#916,#917,#918,#919,#920),
.UNSPECIFIED.,.F.,.F.,(4,1,1,4),(0.E0,3.333333333333E-1,6.666666666667E-1,1.E0),
.UNSPECIFIED.);
#932=B_SPLINE_CURVE_WITH_KNOTS('',3,(#926,#927,#928,#929,#930,#931),
.UNSPECIFIED.,.F.,.F.,(4,1,1,4),(0.E0,3.333333333333E-1,6.666666666667E-1,1.E0),
.UNSPECIFIED.);
#939=B_SPLINE_CURVE_WITH_KNOTS('',3,(#933,#934,#935,#936,#937,#938),
.UNSPECIFIED.,.F.,.F.,(4,1,1,4),(0.E0,3.333333333333E-1,6.666666666667E-1,1.E0),
.UNSPECIFIED.);
#947=B_SPLINE_CURVE_WITH_KNOTS('',3,(#940,#941,#942,#943,#944,#945,#946),
.UNSPECIFIED.,.F.,.F.,(4,1,1,1,4),(0.E0,2.5E-1,5.E-1,7.5E-1,1.E0),
.UNSPECIFIED.);
#963=B_SPLINE_CURVE_WITH_KNOTS('',3,(#956,#957,#958,#959,#960,#961,#962),
.UNSPECIFIED.,.F.,.F.,(4,1,1,1,4),(0.E0,2.5E-1,5.E-1,7.5E-1,1.E0),
.UNSPECIFIED.);
#990=B_SPLINE_CURVE_WITH_KNOTS('',3,(#972,#973,#974,#975,#976,#977,#978,#979,
#980,#981,#982,#983,#984,#985,#986,#987,#988,#989),.UNSPECIFIED.,.F.,.F.,(4,1,1,
1,1,1,1,1,1,1,1,1,1,1,1,4),(0.E0,6.666666666667E-2,1.333333333333E-1,2.E-1,
2.666666666667E-1,3.333333333333E-1,4.E-1,4.666666666667E-1,5.333333333333E-1,
6.E-1,6.666666666667E-1,7.333333333333E-1,8.E-1,8.666666666667E-1,
9.333333333333E-1,1.E0),.UNSPECIFIED.);
#995=CIRCLE('',#994,4.2E0);
#1004=CIRCLE('',#1003,4.2E0);
#1013=CIRCLE('',#1012,4.075E0);
#1034=CIRCLE('',#1033,3.925E0);
#1043=CIRCLE('',#1042,3.925E0);
#1052=CIRCLE('',#1051,3.925E0);
#1057=CIRCLE('',#1056,3.925E0);
#1062=CIRCLE('',#1061,4.075E0);
#1067=CIRCLE('',#1066,3.55E0);
#1072=CIRCLE('',#1071,3.55E0);
#1314=EDGE_CURVE('',#1075,#1076,#5,.T.);
#1316=EDGE_CURVE('',#1075,#1076,#10,.T.);
#1320=EDGE_CURVE('',#1123,#1124,#15,.T.);
#1322=EDGE_CURVE('',#1124,#1123,#20,.T.);
#1326=ADVANCED_FACE('',(#1319,#1325),#1313,.T.);
#1332=EDGE_CURVE('',#1143,#1144,#25,.T.);
#1334=EDGE_CURVE('',#1143,#1090,#29,.T.);
#1336=EDGE_CURVE('',#1090,#1089,#40,.T.);
#1338=EDGE_CURVE('',#1089,#1075,#351,.T.);
#1341=EDGE_CURVE('',#1107,#1076,#347,.T.);
#1343=EDGE_CURVE('',#1107,#1106,#52,.T.);
#1345=EDGE_CURVE('',#1144,#1106,#56,.T.);
#1349=ADVANCED_FACE('',(#1348),#1331,.T.);
#1355=EDGE_CURVE('',#1147,#1148,#61,.T.);
#1357=EDGE_CURVE('',#1101,#1148,#65,.T.);
#1359=EDGE_CURVE('',#1101,#1108,#77,.T.);
#1361=EDGE_CURVE('',#1084,#1108,#399,.T.);
#1363=EDGE_CURVE('',#1083,#1084,#82,.T.);
#1365=EDGE_CURVE('',#1083,#1092,#390,.T.);
#1367=EDGE_CURVE('',#1092,#1091,#93,.T.);
#1369=EDGE_CURVE('',#1091,#1147,#97,.T.);
#1373=ADVANCED_FACE('',(#1372),#1354,.T.);
#1380=EDGE_CURVE('',#1144,#1164,#174,.T.);
#1382=EDGE_CURVE('',#1164,#1150,#102,.T.);
#1384=EDGE_CURVE('',#1150,#1148,#159,.T.);
#1387=EDGE_CURVE('',#1147,#1149,#295,.T.);
#1389=EDGE_CURVE('',#1149,#1162,#107,.T.);
#1391=EDGE_CURVE('',#1162,#1143,#283,.T.);
#1395=ADVANCED_FACE('',(#1394),#1378,.F.);
#1401=EDGE_CURVE('',#1160,#1153,#128,.T.);
#1403=EDGE_CURVE('',#1160,#1168,#132,.T.);
#1405=EDGE_CURVE('',#1157,#1168,#143,.T.);
#1407=EDGE_CURVE('',#1102,#1157,#415,.T.);
#1409=EDGE_CURVE('',#1102,#1101,#148,.T.);
#1413=EDGE_CURVE('',#1150,#1164,#163,.T.);
#1417=EDGE_CURVE('',#1106,#1105,#179,.T.);
#1419=EDGE_CURVE('',#1153,#1105,#331,.T.);
#1423=EDGE_CURVE('',#1097,#1098,#112,.T.);
#1425=EDGE_CURVE('',#1097,#1098,#117,.T.);
#1429=ADVANCED_FACE('',(#1422,#1428),#1400,.T.);
#1435=EDGE_CURVE('',#1128,#1127,#198,.T.);
#1437=EDGE_CURVE('',#1128,#1097,#202,.T.);
#1440=EDGE_CURVE('',#1098,#1127,#206,.T.);
#1444=ADVANCED_FACE('',(#1443),#1434,.T.);
#1450=EDGE_CURVE('',#1125,#1126,#225,.T.);
#1452=EDGE_CURVE('',#1126,#1125,#244,.T.);
#1456=ADVANCED_FACE('',(#1455),#1449,.T.);
#1462=EDGE_CURVE('',#1127,#1128,#990,.T.);
#1467=ADVANCED_FACE('',(#1466),#1461,.T.);
#1474=EDGE_CURVE('',#1087,#1125,#252,.T.);
#1476=EDGE_CURVE('',#1087,#1088,#262,.T.);
#1478=EDGE_CURVE('',#1126,#1088,#248,.T.);
#1482=ADVANCED_FACE('',(#1481),#1472,.T.);
#1490=EDGE_CURVE('',#1087,#1088,#257,.T.);
#1495=ADVANCED_FACE('',(#1494),#1487,.T.);
#1501=EDGE_CURVE('',#1154,#1159,#270,.T.);
#1503=EDGE_CURVE('',#1154,#1094,#366,.T.);
#1505=EDGE_CURVE('',#1094,#1090,#275,.T.);
#1509=EDGE_CURVE('',#1162,#1149,#287,.T.);
#1513=EDGE_CURVE('',#1091,#1093,#300,.T.);
#1515=EDGE_CURVE('',#1093,#1158,#375,.T.);
#1517=EDGE_CURVE('',#1166,#1158,#308,.T.);
#1519=EDGE_CURVE('',#1166,#1159,#312,.T.);
#1527=ADVANCED_FACE('',(#1522,#1526),#1500,.F.);
#1533=EDGE_CURVE('',#1153,#1154,#327,.T.);
#1536=EDGE_CURVE('',#1159,#1166,#317,.T.);
#1539=EDGE_CURVE('',#1157,#1158,#371,.T.);
#1542=EDGE_CURVE('',#1168,#1160,#322,.T.);
#1547=ADVANCED_FACE('',(#1546),#1532,.F.);
#1555=EDGE_CURVE('',#1105,#1107,#343,.T.);
#1560=EDGE_CURVE('',#1089,#1094,#362,.T.);
#1565=ADVANCED_FACE('',(#1564),#1552,.T.);
#1573=EDGE_CURVE('',#1093,#1092,#386,.T.);
#1576=EDGE_CURVE('',#1083,#1084,#395,.T.);
#1579=EDGE_CURVE('',#1108,#1102,#411,.T.);
#1584=ADVANCED_FACE('',(#1583),#1570,.T.);
#1590=EDGE_CURVE('',#1079,#1080,#420,.T.);
#1592=EDGE_CURVE('',#1079,#1080,#425,.T.);
#1600=ADVANCED_FACE('',(#1595,#1599),#1589,.T.);
#1606=EDGE_CURVE('',#1291,#1292,#430,.T.);
#1608=EDGE_CURVE('',#1294,#1291,#434,.T.);
#1610=EDGE_CURVE('',#1192,#1294,#665,.T.);
#1612=EDGE_CURVE('',#1191,#1192,#438,.T.);
#1614=EDGE_CURVE('',#1187,#1191,#443,.T.);
#1616=EDGE_CURVE('',#1187,#1188,#447,.T.);
#1618=EDGE_CURVE('',#1280,#1188,#648,.T.);
#1620=EDGE_CURVE('',#1280,#1276,#451,.T.);
#1622=EDGE_CURVE('',#1275,#1276,#456,.T.);
#1624=EDGE_CURVE('',#1278,#1275,#460,.T.);
#1626=EDGE_CURVE('',#1176,#1278,#630,.T.);
#1628=EDGE_CURVE('',#1175,#1176,#464,.T.);
#1630=EDGE_CURVE('',#1171,#1175,#469,.T.);
#1632=EDGE_CURVE('',#1171,#1172,#473,.T.);
#1634=EDGE_CURVE('',#1258,#1172,#478,.T.);
#1636=EDGE_CURVE('',#1258,#1256,#482,.T.);
#1638=EDGE_CURVE('',#1255,#1256,#487,.T.);
#1640=EDGE_CURVE('',#1255,#1079,#504,.T.);
#1643=EDGE_CURVE('',#1292,#1080,#500,.T.);
#1647=ADVANCED_FACE('',(#1646),#1605,.T.);
#1654=EDGE_CURVE('',#1292,#1296,#496,.T.);
#1656=EDGE_CURVE('',#1301,#1296,#491,.T.);
#1658=EDGE_CURVE('',#1301,#1302,#704,.T.);
#1660=EDGE_CURVE('',#1302,#1306,#752,.T.);
#1662=EDGE_CURVE('',#1306,#1291,#799,.T.);
#1666=ADVANCED_FACE('',(#1665),#1652,.F.);
#1676=EDGE_CURVE('',#1260,#1255,#509,.T.);
#1678=EDGE_CURVE('',#1262,#1260,#513,.T.);
#1680=EDGE_CURVE('',#1196,#1262,#600,.T.);
#1682=EDGE_CURVE('',#1195,#1196,#517,.T.);
#1684=EDGE_CURVE('',#1195,#1199,#522,.T.);
#1686=EDGE_CURVE('',#1199,#1200,#526,.T.);
#1688=EDGE_CURVE('',#1244,#1200,#583,.T.);
#1690=EDGE_CURVE('',#1244,#1240,#530,.T.);
#1692=EDGE_CURVE('',#1239,#1240,#535,.T.);
#1694=EDGE_CURVE('',#1242,#1239,#539,.T.);
#1696=EDGE_CURVE('',#1180,#1242,#686,.T.);
#1698=EDGE_CURVE('',#1179,#1180,#543,.T.);
#1700=EDGE_CURVE('',#1179,#1183,#548,.T.);
#1702=EDGE_CURVE('',#1183,#1184,#552,.T.);
#1704=EDGE_CURVE('',#1298,#1184,#557,.T.);
#1706=EDGE_CURVE('',#1298,#1296,#561,.T.);
#1710=ADVANCED_FACE('',(#1709),#1671,.T.);
#1717=EDGE_CURVE('',#1270,#1256,#565,.T.);
#1719=EDGE_CURVE('',#1270,#1265,#766,.T.);
#1721=EDGE_CURVE('',#1265,#1266,#730,.T.);
#1723=EDGE_CURVE('',#1266,#1260,#699,.T.);
#1728=ADVANCED_FACE('',(#1727),#1715,.F.);
#1735=EDGE_CURVE('',#1258,#1272,#613,.T.);
#1737=EDGE_CURVE('',#1270,#1272,#770,.T.);
#1742=ADVANCED_FACE('',(#1741),#1733,.F.);
#1748=EDGE_CURVE('',#1262,#1268,#569,.T.);
#1750=EDGE_CURVE('',#1268,#1252,#574,.T.);
#1752=EDGE_CURVE('',#1244,#1252,#578,.T.);
#1755=EDGE_CURVE('',#1204,#1200,#587,.T.);
#1757=EDGE_CURVE('',#1203,#1204,#591,.T.);
#1759=EDGE_CURVE('',#1196,#1203,#595,.T.);
#1764=ADVANCED_FACE('',(#1763),#1747,.T.);
#1770=EDGE_CURVE('',#1278,#1286,#604,.T.);
#1772=EDGE_CURVE('',#1286,#1272,#609,.T.);
#1776=EDGE_CURVE('',#1208,#1172,#617,.T.);
#1778=EDGE_CURVE('',#1210,#1208,#621,.T.);
#1780=EDGE_CURVE('',#1176,#1210,#625,.T.);
#1785=ADVANCED_FACE('',(#1784),#1769,.T.);
#1791=EDGE_CURVE('',#1294,#1308,#634,.T.);
#1793=EDGE_CURVE('',#1308,#1288,#639,.T.);
#1795=EDGE_CURVE('',#1280,#1288,#643,.T.);
#1798=EDGE_CURVE('',#1216,#1188,#652,.T.);
#1800=EDGE_CURVE('',#1215,#1216,#656,.T.);
#1802=EDGE_CURVE('',#1192,#1215,#660,.T.);
#1807=ADVANCED_FACE('',(#1806),#1790,.T.);
#1813=EDGE_CURVE('',#1298,#1304,#669,.T.);
#1816=EDGE_CURVE('',#1212,#1184,#673,.T.);
#1818=EDGE_CURVE('',#1206,#1212,#677,.T.);
#1820=EDGE_CURVE('',#1180,#1206,#681,.T.);
#1823=EDGE_CURVE('',#1242,#1250,#690,.T.);
#1825=EDGE_CURVE('',#1250,#1304,#695,.T.);
#1829=ADVANCED_FACE('',(#1828),#1812,.T.);
#1837=EDGE_CURVE('',#1266,#1268,#725,.T.);
#1842=ADVANCED_FACE('',(#1841),#1834,.F.);
#1849=EDGE_CURVE('',#1301,#1304,#708,.T.);
#1852=EDGE_CURVE('',#1248,#1250,#712,.T.);
#1854=EDGE_CURVE('',#1247,#1248,#717,.T.);
#1856=EDGE_CURVE('',#1247,#1252,#721,.T.);
#1861=EDGE_CURVE('',#1131,#1265,#734,.T.);
#1863=EDGE_CURVE('',#1131,#1132,#739,.T.);
#1865=EDGE_CURVE('',#1132,#1302,#756,.T.);
#1869=ADVANCED_FACE('',(#1868),#1847,.F.);
#1881=ADVANCED_FACE('',(#1880),#1874,.F.);
#1888=EDGE_CURVE('',#1248,#1239,#743,.T.);
#1894=ADVANCED_FACE('',(#1893),#1886,.F.);
#1901=EDGE_CURVE('',#1247,#1240,#747,.T.);
#1907=ADVANCED_FACE('',(#1906),#1899,.F.);
#1919=ADVANCED_FACE('',(#1918),#1912,.F.);
#1927=EDGE_CURVE('',#1132,#1131,#761,.T.);
#1933=EDGE_CURVE('',#1284,#1286,#774,.T.);
#1935=EDGE_CURVE('',#1283,#1284,#779,.T.);
#1937=EDGE_CURVE('',#1283,#1288,#783,.T.);
#1940=EDGE_CURVE('',#1306,#1308,#787,.T.);
#1944=ADVANCED_FACE('',(#1943),#1924,.F.);
#1951=EDGE_CURVE('',#1284,#1275,#791,.T.);
#1957=ADVANCED_FACE('',(#1956),#1949,.F.);
#1964=EDGE_CURVE('',#1283,#1276,#795,.T.);
#1970=ADVANCED_FACE('',(#1969),#1962,.F.);
#1982=ADVANCED_FACE('',(#1981),#1975,.F.);
#1994=ADVANCED_FACE('',(#1993),#1987,.F.);
#2000=EDGE_CURVE('',#1220,#1236,#806,.T.);
#2002=EDGE_CURVE('',#1191,#1220,#860,.T.);
#2006=EDGE_CURVE('',#1215,#1236,#951,.T.);
#2010=ADVANCED_FACE('',(#2009),#1999,.F.);
#2016=EDGE_CURVE('',#1225,#1223,#813,.T.);
#2018=EDGE_CURVE('',#1204,#1225,#971,.T.);
#2022=EDGE_CURVE('',#1223,#1199,#877,.T.);
#2026=ADVANCED_FACE('',(#2025),#2015,.F.);
#2032=EDGE_CURVE('',#1223,#1224,#873,.T.);
#2034=EDGE_CURVE('',#1224,#1226,#939,.T.);
#2036=EDGE_CURVE('',#1225,#1226,#963,.T.);
#2041=ADVANCED_FACE('',(#2040),#2031,.F.);
#2047=EDGE_CURVE('',#1232,#1229,#821,.T.);
#2049=EDGE_CURVE('',#1229,#1230,#899,.T.);
#2051=EDGE_CURVE('',#1230,#1231,#826,.T.);
#2053=EDGE_CURVE('',#1231,#1232,#910,.T.);
#2057=ADVANCED_FACE('',(#2056),#2046,.F.);
#2063=EDGE_CURVE('',#1219,#1220,#852,.T.);
#2066=EDGE_CURVE('',#1235,#1236,#947,.T.);
#2068=EDGE_CURVE('',#1235,#1219,#932,.T.);
#2072=ADVANCED_FACE('',(#2071),#2062,.F.);
#2078=EDGE_CURVE('',#1234,#1227,#831,.T.);
#2080=EDGE_CURVE('',#1227,#1228,#888,.T.);
#2082=EDGE_CURVE('',#1228,#1233,#839,.T.);
#2084=EDGE_CURVE('',#1233,#1234,#921,.T.);
#2088=ADVANCED_FACE('',(#2087),#2077,.F.);
#2095=EDGE_CURVE('',#1230,#1171,#843,.T.);
#2098=EDGE_CURVE('',#1175,#1231,#847,.T.);
#2102=ADVANCED_FACE('',(#2101),#2093,.F.);
#2109=EDGE_CURVE('',#1219,#1187,#856,.T.);
#2115=ADVANCED_FACE('',(#2114),#2107,.F.);
#2122=EDGE_CURVE('',#1234,#1183,#864,.T.);
#2125=EDGE_CURVE('',#1179,#1227,#868,.T.);
#2129=ADVANCED_FACE('',(#2128),#2120,.F.);
#2138=EDGE_CURVE('',#1195,#1224,#881,.T.);
#2142=ADVANCED_FACE('',(#2141),#2134,.F.);
#2152=EDGE_CURVE('',#1206,#1228,#892,.T.);
#2156=ADVANCED_FACE('',(#2155),#2147,.F.);
#2163=EDGE_CURVE('',#1208,#1229,#903,.T.);
#2170=ADVANCED_FACE('',(#2169),#2161,.F.);
#2179=EDGE_CURVE('',#1212,#1233,#925,.T.);
#2183=ADVANCED_FACE('',(#2182),#2175,.F.);
#2193=EDGE_CURVE('',#1210,#1232,#914,.T.);
#2197=ADVANCED_FACE('',(#2196),#2188,.F.);
#2210=ADVANCED_FACE('',(#2209),#2202,.F.);
#2222=ADVANCED_FACE('',(#2221),#2215,.F.);
#2229=EDGE_CURVE('',#1216,#1235,#955,.T.);
#2236=ADVANCED_FACE('',(#2235),#2227,.F.);
#2246=EDGE_CURVE('',#1203,#1226,#967,.T.);
#2250=ADVANCED_FACE('',(#2249),#2241,.F.);
#2262=ADVANCED_FACE('',(#2261),#2255,.F.);
#2274=ADVANCED_FACE('',(#2273),#2267,.F.);
#2286=ADVANCED_FACE('',(#2285),#2279,.T.);
#2293=EDGE_CURVE('',#1120,#1124,#1008,.T.);
#2295=EDGE_CURVE('',#1119,#1120,#995,.T.);
#2297=EDGE_CURVE('',#1119,#1123,#999,.T.);
#2301=ADVANCED_FACE('',(#2300),#2291,.F.);
#2309=EDGE_CURVE('',#1119,#1120,#1004,.T.);
#2314=ADVANCED_FACE('',(#2313),#2306,.F.);
#2320=EDGE_CURVE('',#1140,#1139,#1013,.T.);
#2322=EDGE_CURVE('',#1140,#1120,#1017,.T.);
#2325=EDGE_CURVE('',#1139,#1119,#1021,.T.);
#2329=ADVANCED_FACE('',(#2328),#2319,.F.);
#2335=EDGE_CURVE('',#1136,#1135,#1034,.T.);
#2337=EDGE_CURVE('',#1136,#1140,#1025,.T.);
#2340=EDGE_CURVE('',#1135,#1139,#1029,.T.);
#2344=ADVANCED_FACE('',(#2343),#2334,.F.);
#2351=EDGE_CURVE('',#1111,#1135,#1038,.T.);
#2353=EDGE_CURVE('',#1111,#1112,#1043,.T.);
#2355=EDGE_CURVE('',#1112,#1136,#1047,.T.);
#2359=ADVANCED_FACE('',(#2358),#2349,.F.);
#2365=EDGE_CURVE('',#1135,#1136,#1052,.T.);
#2368=EDGE_CURVE('',#1111,#1112,#1057,.T.);
#2373=ADVANCED_FACE('',(#2372),#2364,.F.);
#2381=EDGE_CURVE('',#1139,#1140,#1062,.T.);
#2386=ADVANCED_FACE('',(#2385),#2378,.F.);
#2398=ADVANCED_FACE('',(#2397),#2391,.F.);
#2408=EDGE_CURVE('',#1116,#1115,#1067,.T.);
#2410=EDGE_CURVE('',#1115,#1116,#1072,.T.);
#2414=ADVANCED_FACE('',(#2407,#2413),#2403,.F.);
#2420=CIRCLE('',#2419,2.799999927306E0);
#2425=CIRCLE('',#2424,2.799999927306E0);
#2430=CIRCLE('',#2429,7.1E-1);
#2435=CIRCLE('',#2434,7.1E-1);
#2440=CIRCLE('',#2439,3.E0);
#2449=CIRCLE('',#2448,3.E0);
#2471=EDGE_CURVE('',#2456,#2457,#2420,.T.);
#2473=EDGE_CURVE('',#2457,#2456,#2425,.T.);
#2477=EDGE_CURVE('',#2465,#2464,#2430,.T.);
#2479=EDGE_CURVE('',#2464,#2465,#2435,.T.);
#2483=ADVANCED_FACE('',(#2476,#2482),#2470,.F.);
#2490=EDGE_CURVE('',#2457,#2461,#2453,.T.);
#2492=EDGE_CURVE('',#2461,#2460,#2440,.T.);
#2494=EDGE_CURVE('',#2456,#2460,#2444,.T.);
#2498=ADVANCED_FACE('',(#2497),#2488,.T.);
#2506=EDGE_CURVE('',#2460,#2461,#2449,.T.);
#2511=ADVANCED_FACE('',(#2510),#2503,.T.);
#2517=CIRCLE('',#2516,2.699945964722E-1);
#2522=CIRCLE('',#2521,2.699945964722E-1);
#2531=CIRCLE('',#2530,1.05E0);
#2544=CIRCLE('',#2543,1.05E0);
#2561=CIRCLE('',#2560,1.05E0);
#2570=CIRCLE('',#2569,1.05E0);
#2579=CIRCLE('',#2578,4.7E-1);
#2584=CIRCLE('',#2583,4.7E-1);
#2589=CIRCLE('',#2588,4.7E-1);
#2598=CIRCLE('',#2597,4.7E-1);
#2607=CIRCLE('',#2606,7.1E-1);
#2616=CIRCLE('',#2615,7.1E-1);
#2625=CIRCLE('',#2624,7.1E-1);
#2630=CIRCLE('',#2629,7.1E-1);
#2639=CIRCLE('',#2638,7.1E-1);
#2648=CIRCLE('',#2647,7.1E-1);
#2657=CIRCLE('',#2656,7.1E-1);
#2666=CIRCLE('',#2665,7.1E-1);
#2675=CIRCLE('',#2674,7.1E-1);
#2684=CIRCLE('',#2683,7.1E-1);
#2693=CIRCLE('',#2692,7.1E-1);
#2698=CIRCLE('',#2697,7.1E-1);
#2717=B_SPLINE_CURVE_WITH_KNOTS('',3,(#2711,#2712,#2713,#2714,#2715,#2716),
.UNSPECIFIED.,.F.,.F.,(4,1,1,4),(0.E0,3.333333333333E-1,6.666666666667E-1,1.E0),
.UNSPECIFIED.);
#2722=CIRCLE('',#2721,1.009990655196E0);
#2729=B_SPLINE_CURVE_WITH_KNOTS('',3,(#2723,#2724,#2725,#2726,#2727,#2728),
.UNSPECIFIED.,.F.,.F.,(4,1,1,4),(0.E0,3.333333333333E-1,6.666666666667E-1,1.E0),
.UNSPECIFIED.);
#2736=B_SPLINE_CURVE_WITH_KNOTS('',3,(#2730,#2731,#2732,#2733,#2734,#2735),
.UNSPECIFIED.,.F.,.F.,(4,1,1,4),(0.E0,3.333333333333E-1,6.666666666667E-1,1.E0),
.UNSPECIFIED.);
#2741=CIRCLE('',#2740,1.009990655196E0);
#2748=B_SPLINE_CURVE_WITH_KNOTS('',3,(#2742,#2743,#2744,#2745,#2746,#2747),
.UNSPECIFIED.,.F.,.F.,(4,1,1,4),(0.E0,3.333333333333E-1,6.666666666667E-1,1.E0),
.UNSPECIFIED.);
#2755=B_SPLINE_CURVE_WITH_KNOTS('',3,(#2749,#2750,#2751,#2752,#2753,#2754),
.UNSPECIFIED.,.F.,.F.,(4,1,1,4),(0.E0,3.333333333333E-1,6.666666666667E-1,1.E0),
.UNSPECIFIED.);
#2762=B_SPLINE_CURVE_WITH_KNOTS('',3,(#2756,#2757,#2758,#2759,#2760,#2761),
.UNSPECIFIED.,.F.,.F.,(4,1,1,4),(0.E0,3.333333333333E-1,6.666666666667E-1,1.E0),
.UNSPECIFIED.);
#2767=CIRCLE('',#2766,1.009990655196E0);
#2774=B_SPLINE_CURVE_WITH_KNOTS('',3,(#2768,#2769,#2770,#2771,#2772,#2773),
.UNSPECIFIED.,.F.,.F.,(4,1,1,4),(0.E0,3.333333333333E-1,6.666666666667E-1,1.E0),
.UNSPECIFIED.);
#2779=CIRCLE('',#2778,1.009990655196E0);
#2786=B_SPLINE_CURVE_WITH_KNOTS('',3,(#2780,#2781,#2782,#2783,#2784,#2785),
.UNSPECIFIED.,.F.,.F.,(4,1,1,4),(0.E0,3.333333333333E-1,6.666666666667E-1,1.E0),
.UNSPECIFIED.);
#2886=EDGE_CURVE('',#2875,#2876,#2517,.T.);
#2888=EDGE_CURVE('',#2876,#2875,#2522,.T.);
#2892=ADVANCED_FACE('',(#2891),#2885,.T.);
#2898=EDGE_CURVE('',#2829,#2830,#2526,.T.);
#2900=EDGE_CURVE('',#2830,#2807,#2531,.T.);
#2902=EDGE_CURVE('',#2807,#2808,#2535,.T.);
#2904=EDGE_CURVE('',#2829,#2808,#2722,.T.);
#2908=ADVANCED_FACE('',(#2907),#2897,.F.);
#2914=EDGE_CURVE('',#2845,#2846,#2539,.T.);
#2916=EDGE_CURVE('',#2846,#2825,#2544,.T.);
#2918=EDGE_CURVE('',#2825,#2826,#2548,.T.);
#2920=EDGE_CURVE('',#2845,#2826,#2741,.T.);
#2924=ADVANCED_FACE('',(#2923),#2913,.F.);
#2930=EDGE_CURVE('',#2859,#2860,#2552,.T.);
#2932=EDGE_CURVE('',#2811,#2860,#2767,.T.);
#2934=EDGE_CURVE('',#2811,#2812,#2556,.T.);
#2936=EDGE_CURVE('',#2812,#2859,#2561,.T.);
#2940=ADVANCED_FACE('',(#2939),#2929,.F.);
#2946=EDGE_CURVE('',#2863,#2864,#2565,.T.);
#2948=EDGE_CURVE('',#2864,#2841,#2570,.T.);
#2950=EDGE_CURVE('',#2841,#2842,#2574,.T.);
#2952=EDGE_CURVE('',#2863,#2842,#2779,.T.);
#2956=ADVANCED_FACE('',(#2955),#2945,.F.);
#2962=EDGE_CURVE('',#2880,#2879,#2579,.T.);
#2964=EDGE_CURVE('',#2797,#2879,#2602,.T.);
#2966=EDGE_CURVE('',#2797,#2798,#2584,.T.);
#2968=EDGE_CURVE('',#2798,#2880,#2593,.T.);
#2972=ADVANCED_FACE('',(#2971),#2961,.T.);
#2978=EDGE_CURVE('',#2879,#2880,#2589,.T.);
#2981=EDGE_CURVE('',#2798,#2797,#2598,.T.);
#2986=ADVANCED_FACE('',(#2985),#2977,.T.);
#2992=EDGE_CURVE('',#2867,#2868,#2607,.T.);
#2994=EDGE_CURVE('',#2868,#2872,#2611,.T.);
#2996=EDGE_CURVE('',#2872,#2852,#2616,.T.);
#2998=EDGE_CURVE('',#2852,#2849,#2620,.T.);
#3000=EDGE_CURVE('',#2849,#2850,#2625,.T.);
#3002=EDGE_CURVE('',#2850,#2802,#2702,.T.);
#3004=EDGE_CURVE('',#2801,#2802,#2630,.T.);
#3006=EDGE_CURVE('',#2815,#2801,#2634,.T.);
#3008=EDGE_CURVE('',#2815,#2816,#2639,.T.);
#3010=EDGE_CURVE('',#2816,#2818,#2643,.T.);
#3012=EDGE_CURVE('',#2818,#2870,#2648,.T.);
#3014=EDGE_CURVE('',#2870,#2867,#2652,.T.);
#3018=ADVANCED_FACE('',(#3017),#2991,.F.);
#3024=EDGE_CURVE('',#2850,#2854,#2657,.T.);
#3026=EDGE_CURVE('',#2854,#2856,#2661,.T.);
#3028=EDGE_CURVE('',#2856,#2836,#2666,.T.);
#3030=EDGE_CURVE('',#2836,#2833,#2670,.T.);
#3032=EDGE_CURVE('',#2833,#2834,#2675,.T.);
#3034=EDGE_CURVE('',#2834,#2838,#2679,.T.);
#3036=EDGE_CURVE('',#2838,#2822,#2684,.T.);
#3038=EDGE_CURVE('',#2822,#2820,#2688,.T.);
#3040=EDGE_CURVE('',#2820,#2815,#2693,.T.);
#3043=EDGE_CURVE('',#2802,#2801,#2698,.T.);
#3048=ADVANCED_FACE('',(#3047),#3023,.F.);
#3055=EDGE_CURVE('',#2804,#2802,#2710,.T.);
#3057=EDGE_CURVE('',#2804,#2801,#2706,.T.);
#3061=ADVANCED_FACE('',(#3060),#3053,.F.);
#3072=ADVANCED_FACE('',(#3071),#3066,.F.);
#3078=EDGE_CURVE('',#2838,#2829,#2717,.T.);
#3081=EDGE_CURVE('',#2808,#2822,#2729,.T.);
#3086=ADVANCED_FACE('',(#3085),#3077,.F.);
#3092=EDGE_CURVE('',#2856,#2845,#2736,.T.);
#3095=EDGE_CURVE('',#2826,#2836,#2748,.T.);
#3100=ADVANCED_FACE('',(#3099),#3091,.F.);
#3106=EDGE_CURVE('',#2860,#2870,#2755,.T.);
#3109=EDGE_CURVE('',#2818,#2811,#2762,.T.);
#3114=ADVANCED_FACE('',(#3113),#3105,.F.);
#3120=EDGE_CURVE('',#2872,#2863,#2774,.T.);
#3123=EDGE_CURVE('',#2842,#2852,#2786,.T.);
#3128=ADVANCED_FACE('',(#3127),#3119,.F.);
#3135=EDGE_CURVE('',#2875,#2879,#2794,.T.);
#3138=EDGE_CURVE('',#2876,#2880,#2790,.T.);
#3142=ADVANCED_FACE('',(#3141),#3133,.T.);
#3154=ADVANCED_FACE('',(#3153),#3147,.T.);
#3160=CIRCLE('',#3159,2.35E0);
#3165=CIRCLE('',#3164,2.35E0);
#3170=CIRCLE('',#3169,1.065E0);
#3175=CIRCLE('',#3174,1.065E0);
#3188=CIRCLE('',#3187,2.35E0);
#3193=CIRCLE('',#3192,2.35E0);
#3198=CIRCLE('',#3197,3.E0);
#3203=CIRCLE('',#3202,3.E0);
#3216=CIRCLE('',#3215,3.E0);
#3221=CIRCLE('',#3220,3.E0);
#3226=CIRCLE('',#3225,3.5E0);
#3231=CIRCLE('',#3230,3.5E0);
#3236=CIRCLE('',#3235,1.065E0);
#3245=CIRCLE('',#3244,1.065E0);
#3283=EDGE_CURVE('',#3264,#3265,#3160,.T.);
#3285=EDGE_CURVE('',#3265,#3264,#3165,.T.);
#3289=EDGE_CURVE('',#3272,#3273,#3170,.T.);
#3291=EDGE_CURVE('',#3273,#3272,#3175,.T.);
#3295=ADVANCED_FACE('',(#3288,#3294),#3282,.F.);
#3302=EDGE_CURVE('',#3264,#3260,#3183,.T.);
#3304=EDGE_CURVE('',#3260,#3261,#3193,.T.);
#3306=EDGE_CURVE('',#3265,#3261,#3179,.T.);
#3310=ADVANCED_FACE('',(#3309),#3300,.T.);
#3318=EDGE_CURVE('',#3260,#3261,#3188,.T.);
#3323=ADVANCED_FACE('',(#3322),#3315,.T.);
#3329=EDGE_CURVE('',#3268,#3269,#3198,.T.);
#3331=EDGE_CURVE('',#3269,#3268,#3203,.T.);
#3339=ADVANCED_FACE('',(#3334,#3338),#3328,.F.);
#3346=EDGE_CURVE('',#3268,#3252,#3211,.T.);
#3348=EDGE_CURVE('',#3252,#3253,#3221,.T.);
#3350=EDGE_CURVE('',#3269,#3253,#3207,.T.);
#3354=ADVANCED_FACE('',(#3353),#3344,.T.);
#3362=EDGE_CURVE('',#3252,#3253,#3216,.T.);
#3367=ADVANCED_FACE('',(#3366),#3359,.T.);
#3373=EDGE_CURVE('',#3256,#3257,#3226,.T.);
#3375=EDGE_CURVE('',#3257,#3256,#3231,.T.);
#3383=ADVANCED_FACE('',(#3378,#3382),#3372,.F.);
#3390=EDGE_CURVE('',#3273,#3277,#3249,.T.);
#3392=EDGE_CURVE('',#3277,#3276,#3236,.T.);
#3394=EDGE_CURVE('',#3272,#3276,#3240,.T.);
#3398=ADVANCED_FACE('',(#3397),#3388,.F.);
#3406=EDGE_CURVE('',#3276,#3277,#3245,.T.);
#3411=ADVANCED_FACE('',(#3410),#3403,.F.);
#3414=(LENGTH_UNIT()NAMED_UNIT(*)SI_UNIT(.MILLI.,.METRE.));
#3416=(NAMED_UNIT(*)PLANE_ANGLE_UNIT()SI_UNIT($,.RADIAN.));
#3419=(NAMED_UNIT(*)SI_UNIT($,.STERADIAN.)SOLID_ANGLE_UNIT());
#3421=(GEOMETRIC_REPRESENTATION_CONTEXT(3)GLOBAL_UNCERTAINTY_ASSIGNED_CONTEXT((
#3420))GLOBAL_UNIT_ASSIGNED_CONTEXT((#3414,#3418,#3419))REPRESENTATION_CONTEXT(
'ID1','3'));
#3422=MANIFOLD_SURFACE_SHAPE_REPRESENTATION('',(#3413),#3421);
#3429=PRODUCT_DEFINITION('design','',#3428,#3425);
#3430=PRODUCT_DEFINITION_SHAPE('','SHAPE FOR 31-5329-51RFX.',#3429);
#3431=SHAPE_DEFINITION_REPRESENTATION(#3430,#3422);
ENDSEC;
END-ISO-10303-21;
